<?xml version="1.0"?>
<queXF>
  <questionnaire>
    <id>387277</id>
    <section id="1">
      <label>Preguntas</label>
      <title>Section A</title>
    </section>
    <page>
      <id>38727701</id>
      <tlx>283</tlx>
      <tly>283</tly>
      <trx>2197</trx>
      <try>283</try>
      <brx>2197</brx>
      <bry>3224</bry>
      <blx>283</blx>
      <bly>3224</bly>
      <rotation>0</rotation>
      <boxgroup>
        <type>4</type>
        <width>8</width>
        <varname>RUT</varname>
        <sortorder>1</sortorder>
        <label>RUT (sin puntos, gui&#xF3;n ni d&#xED;gito verificador. Ejemplo si el rut es 17.736.727-1 escribir 17736727):</label>
        <groupsection idref="1"/>
        <box>
          <tlx>1515</tlx>
          <tly>509</tly>
          <brx>1586</brx>
          <bry>603</bry>
          <value></value>
          <label></label>
        </box>
        <box>
          <tlx>1588</tlx>
          <tly>509</tly>
          <brx>1659</brx>
          <bry>603</bry>
          <value></value>
          <label></label>
        </box>
        <box>
          <tlx>1661</tlx>
          <tly>509</tly>
          <brx>1731</brx>
          <bry>603</bry>
          <value></value>
          <label></label>
        </box>
        <box>
          <tlx>1733</tlx>
          <tly>509</tly>
          <brx>1804</brx>
          <bry>603</bry>
          <value></value>
          <label></label>
        </box>
        <box>
          <tlx>1806</tlx>
          <tly>509</tly>
          <brx>1877</brx>
          <bry>603</bry>
          <value></value>
          <label></label>
        </box>
        <box>
          <tlx>1879</tlx>
          <tly>509</tly>
          <brx>1949</brx>
          <bry>603</bry>
          <value></value>
          <label></label>
        </box>
        <box>
          <tlx>1951</tlx>
          <tly>509</tly>
          <brx>2022</brx>
          <bry>603</bry>
          <value></value>
          <label></label>
        </box>
        <box>
          <tlx>2024</tlx>
          <tly>509</tly>
          <brx>2095</brx>
          <bry>603</bry>
          <value></value>
          <label></label>
        </box>
      </boxgroup>
      <boxgroup>
        <type>1</type>
        <width>5</width>
        <varname>STAIEstado_STAIe01</varname>
        <sortorder>2</sortorder>
        <label>&lt;p style="text-align: justify;"&gt;Abajo aparecen algunas expresiones que la gente usa para describirse a si misma. Lea cada frase y marque el casillero que indique como se siente ahora mismo o sea EN ESTE MOMENTO. No hay respuestas buenas o malas. No utilice mucho tiempo en cada frase, pero trate de dar la respuesta que mejor describa SUS SENTIMIENTOS AHORA .&lt;/p&gt; : Me siento calmado/a</label>
        <groupsection idref="1"/>
        <box>
          <tlx>1506</tlx>
          <tly>1102</tly>
          <brx>1565</brx>
          <bry>1161</bry>
          <value>STA01</value>
          <label>Nada</label>
        </box>
        <box>
          <tlx>1659</tlx>
          <tly>1102</tly>
          <brx>1719</brx>
          <bry>1161</bry>
          <value>STA02</value>
          <label>Un poco</label>
        </box>
        <box>
          <tlx>1813</tlx>
          <tly>1102</tly>
          <brx>1872</brx>
          <bry>1161</bry>
          <value>STA03</value>
          <label>Bastante</label>
        </box>
        <box>
          <tlx>1967</tlx>
          <tly>1102</tly>
          <brx>2026</brx>
          <bry>1161</bry>
          <value>STA04</value>
          <label>Mucho</label>
        </box>
      </boxgroup>
      <boxgroup>
        <type>1</type>
        <width>5</width>
        <varname>STAIEstado_STAIe02</varname>
        <sortorder>3</sortorder>
        <label>&lt;p style="text-align: justify;"&gt;Abajo aparecen algunas expresiones que la gente usa para describirse a si misma. Lea cada frase y marque el casillero que indique como se siente ahora mismo o sea EN ESTE MOMENTO. No hay respuestas buenas o malas. No utilice mucho tiempo en cada frase, pero trate de dar la respuesta que mejor describa SUS SENTIMIENTOS AHORA .&lt;/p&gt; : Me siento seguro/a</label>
        <groupsection idref="1"/>
        <box>
          <tlx>1506</tlx>
          <tly>1226</tly>
          <brx>1565</brx>
          <bry>1285</bry>
          <value>STA01</value>
          <label>Nada</label>
        </box>
        <box>
          <tlx>1659</tlx>
          <tly>1226</tly>
          <brx>1719</brx>
          <bry>1285</bry>
          <value>STA02</value>
          <label>Un poco</label>
        </box>
        <box>
          <tlx>1813</tlx>
          <tly>1226</tly>
          <brx>1872</brx>
          <bry>1285</bry>
          <value>STA03</value>
          <label>Bastante</label>
        </box>
        <box>
          <tlx>1967</tlx>
          <tly>1226</tly>
          <brx>2026</brx>
          <bry>1285</bry>
          <value>STA04</value>
          <label>Mucho</label>
        </box>
      </boxgroup>
      <boxgroup>
        <type>1</type>
        <width>5</width>
        <varname>STAIEstado_STAIe03</varname>
        <sortorder>4</sortorder>
        <label>&lt;p style="text-align: justify;"&gt;Abajo aparecen algunas expresiones que la gente usa para describirse a si misma. Lea cada frase y marque el casillero que indique como se siente ahora mismo o sea EN ESTE MOMENTO. No hay respuestas buenas o malas. No utilice mucho tiempo en cada frase, pero trate de dar la respuesta que mejor describa SUS SENTIMIENTOS AHORA .&lt;/p&gt; : Estoy tenso/a</label>
        <groupsection idref="1"/>
        <box>
          <tlx>1506</tlx>
          <tly>1350</tly>
          <brx>1565</brx>
          <bry>1409</bry>
          <value>STA01</value>
          <label>Nada</label>
        </box>
        <box>
          <tlx>1659</tlx>
          <tly>1350</tly>
          <brx>1719</brx>
          <bry>1409</bry>
          <value>STA02</value>
          <label>Un poco</label>
        </box>
        <box>
          <tlx>1813</tlx>
          <tly>1350</tly>
          <brx>1872</brx>
          <bry>1409</bry>
          <value>STA03</value>
          <label>Bastante</label>
        </box>
        <box>
          <tlx>1967</tlx>
          <tly>1350</tly>
          <brx>2026</brx>
          <bry>1409</bry>
          <value>STA04</value>
          <label>Mucho</label>
        </box>
      </boxgroup>
      <boxgroup>
        <type>1</type>
        <width>5</width>
        <varname>STAIEstado_STAIe04</varname>
        <sortorder>5</sortorder>
        <label>&lt;p style="text-align: justify;"&gt;Abajo aparecen algunas expresiones que la gente usa para describirse a si misma. Lea cada frase y marque el casillero que indique como se siente ahora mismo o sea EN ESTE MOMENTO. No hay respuestas buenas o malas. No utilice mucho tiempo en cada frase, pero trate de dar la respuesta que mejor describa SUS SENTIMIENTOS AHORA .&lt;/p&gt; : Me siento disgustado/a</label>
        <groupsection idref="1"/>
        <box>
          <tlx>1506</tlx>
          <tly>1474</tly>
          <brx>1565</brx>
          <bry>1533</bry>
          <value>STA01</value>
          <label>Nada</label>
        </box>
        <box>
          <tlx>1659</tlx>
          <tly>1474</tly>
          <brx>1719</brx>
          <bry>1533</bry>
          <value>STA02</value>
          <label>Un poco</label>
        </box>
        <box>
          <tlx>1813</tlx>
          <tly>1474</tly>
          <brx>1872</brx>
          <bry>1533</bry>
          <value>STA03</value>
          <label>Bastante</label>
        </box>
        <box>
          <tlx>1967</tlx>
          <tly>1474</tly>
          <brx>2026</brx>
          <bry>1533</bry>
          <value>STA04</value>
          <label>Mucho</label>
        </box>
      </boxgroup>
      <boxgroup>
        <type>1</type>
        <width>5</width>
        <varname>STAIEstado_STAIe05</varname>
        <sortorder>6</sortorder>
        <label>&lt;p style="text-align: justify;"&gt;Abajo aparecen algunas expresiones que la gente usa para describirse a si misma. Lea cada frase y marque el casillero que indique como se siente ahora mismo o sea EN ESTE MOMENTO. No hay respuestas buenas o malas. No utilice mucho tiempo en cada frase, pero trate de dar la respuesta que mejor describa SUS SENTIMIENTOS AHORA .&lt;/p&gt; : Me  siento  a  &#x201C;mis  anchas&#x201D;</label>
        <groupsection idref="1"/>
        <box>
          <tlx>1506</tlx>
          <tly>1598</tly>
          <brx>1565</brx>
          <bry>1657</bry>
          <value>STA01</value>
          <label>Nada</label>
        </box>
        <box>
          <tlx>1659</tlx>
          <tly>1598</tly>
          <brx>1719</brx>
          <bry>1657</bry>
          <value>STA02</value>
          <label>Un poco</label>
        </box>
        <box>
          <tlx>1813</tlx>
          <tly>1598</tly>
          <brx>1872</brx>
          <bry>1657</bry>
          <value>STA03</value>
          <label>Bastante</label>
        </box>
        <box>
          <tlx>1967</tlx>
          <tly>1598</tly>
          <brx>2026</brx>
          <bry>1657</bry>
          <value>STA04</value>
          <label>Mucho</label>
        </box>
      </boxgroup>
      <boxgroup>
        <type>1</type>
        <width>5</width>
        <varname>STAIEstado_STAIe06</varname>
        <sortorder>7</sortorder>
        <label>&lt;p style="text-align: justify;"&gt;Abajo aparecen algunas expresiones que la gente usa para describirse a si misma. Lea cada frase y marque el casillero que indique como se siente ahora mismo o sea EN ESTE MOMENTO. No hay respuestas buenas o malas. No utilice mucho tiempo en cada frase, pero trate de dar la respuesta que mejor describa SUS SENTIMIENTOS AHORA .&lt;/p&gt; : Me siento alterado/a</label>
        <groupsection idref="1"/>
        <box>
          <tlx>1506</tlx>
          <tly>1722</tly>
          <brx>1565</brx>
          <bry>1781</bry>
          <value>STA01</value>
          <label>Nada</label>
        </box>
        <box>
          <tlx>1659</tlx>
          <tly>1722</tly>
          <brx>1719</brx>
          <bry>1781</bry>
          <value>STA02</value>
          <label>Un poco</label>
        </box>
        <box>
          <tlx>1813</tlx>
          <tly>1722</tly>
          <brx>1872</brx>
          <bry>1781</bry>
          <value>STA03</value>
          <label>Bastante</label>
        </box>
        <box>
          <tlx>1967</tlx>
          <tly>1722</tly>
          <brx>2026</brx>
          <bry>1781</bry>
          <value>STA04</value>
          <label>Mucho</label>
        </box>
      </boxgroup>
      <boxgroup>
        <type>1</type>
        <width>5</width>
        <varname>STAIEstado_STAIe07</varname>
        <sortorder>8</sortorder>
        <label>&lt;p style="text-align: justify;"&gt;Abajo aparecen algunas expresiones que la gente usa para describirse a si misma. Lea cada frase y marque el casillero que indique como se siente ahora mismo o sea EN ESTE MOMENTO. No hay respuestas buenas o malas. No utilice mucho tiempo en cada frase, pero trate de dar la respuesta que mejor describa SUS SENTIMIENTOS AHORA .&lt;/p&gt; : En este momento estoy preocupado/a por alg&#xFA;n posible problema</label>
        <groupsection idref="1"/>
        <box>
          <tlx>1506</tlx>
          <tly>1846</tly>
          <brx>1565</brx>
          <bry>1905</bry>
          <value>STA01</value>
          <label>Nada</label>
        </box>
        <box>
          <tlx>1659</tlx>
          <tly>1846</tly>
          <brx>1719</brx>
          <bry>1905</bry>
          <value>STA02</value>
          <label>Un poco</label>
        </box>
        <box>
          <tlx>1813</tlx>
          <tly>1846</tly>
          <brx>1872</brx>
          <bry>1905</bry>
          <value>STA03</value>
          <label>Bastante</label>
        </box>
        <box>
          <tlx>1967</tlx>
          <tly>1846</tly>
          <brx>2026</brx>
          <bry>1905</bry>
          <value>STA04</value>
          <label>Mucho</label>
        </box>
      </boxgroup>
      <boxgroup>
        <type>1</type>
        <width>5</width>
        <varname>STAIEstado_STAIe08</varname>
        <sortorder>9</sortorder>
        <label>&lt;p style="text-align: justify;"&gt;Abajo aparecen algunas expresiones que la gente usa para describirse a si misma. Lea cada frase y marque el casillero que indique como se siente ahora mismo o sea EN ESTE MOMENTO. No hay respuestas buenas o malas. No utilice mucho tiempo en cada frase, pero trate de dar la respuesta que mejor describa SUS SENTIMIENTOS AHORA .&lt;/p&gt; : Me siento satisfecho/a</label>
        <groupsection idref="1"/>
        <box>
          <tlx>1506</tlx>
          <tly>1970</tly>
          <brx>1565</brx>
          <bry>2029</bry>
          <value>STA01</value>
          <label>Nada</label>
        </box>
        <box>
          <tlx>1659</tlx>
          <tly>1970</tly>
          <brx>1719</brx>
          <bry>2029</bry>
          <value>STA02</value>
          <label>Un poco</label>
        </box>
        <box>
          <tlx>1813</tlx>
          <tly>1970</tly>
          <brx>1872</brx>
          <bry>2029</bry>
          <value>STA03</value>
          <label>Bastante</label>
        </box>
        <box>
          <tlx>1967</tlx>
          <tly>1970</tly>
          <brx>2026</brx>
          <bry>2029</bry>
          <value>STA04</value>
          <label>Mucho</label>
        </box>
      </boxgroup>
      <boxgroup>
        <type>1</type>
        <width>5</width>
        <varname>STAIEstado_STAIe09</varname>
        <sortorder>10</sortorder>
        <label>&lt;p style="text-align: justify;"&gt;Abajo aparecen algunas expresiones que la gente usa para describirse a si misma. Lea cada frase y marque el casillero que indique como se siente ahora mismo o sea EN ESTE MOMENTO. No hay respuestas buenas o malas. No utilice mucho tiempo en cada frase, pero trate de dar la respuesta que mejor describa SUS SENTIMIENTOS AHORA .&lt;/p&gt; : Me siento asustado/a</label>
        <groupsection idref="1"/>
        <box>
          <tlx>1506</tlx>
          <tly>2094</tly>
          <brx>1565</brx>
          <bry>2153</bry>
          <value>STA01</value>
          <label>Nada</label>
        </box>
        <box>
          <tlx>1659</tlx>
          <tly>2094</tly>
          <brx>1719</brx>
          <bry>2153</bry>
          <value>STA02</value>
          <label>Un poco</label>
        </box>
        <box>
          <tlx>1813</tlx>
          <tly>2094</tly>
          <brx>1872</brx>
          <bry>2153</bry>
          <value>STA03</value>
          <label>Bastante</label>
        </box>
        <box>
          <tlx>1967</tlx>
          <tly>2094</tly>
          <brx>2026</brx>
          <bry>2153</bry>
          <value>STA04</value>
          <label>Mucho</label>
        </box>
      </boxgroup>
      <boxgroup>
        <type>1</type>
        <width>5</width>
        <varname>STAIEstado_STAIe10</varname>
        <sortorder>11</sortorder>
        <label>&lt;p style="text-align: justify;"&gt;Abajo aparecen algunas expresiones que la gente usa para describirse a si misma. Lea cada frase y marque el casillero que indique como se siente ahora mismo o sea EN ESTE MOMENTO. No hay respuestas buenas o malas. No utilice mucho tiempo en cada frase, pero trate de dar la respuesta que mejor describa SUS SENTIMIENTOS AHORA .&lt;/p&gt; : Me siento c&#xF3;modo/a</label>
        <groupsection idref="1"/>
        <box>
          <tlx>1506</tlx>
          <tly>2218</tly>
          <brx>1565</brx>
          <bry>2277</bry>
          <value>STA01</value>
          <label>Nada</label>
        </box>
        <box>
          <tlx>1659</tlx>
          <tly>2218</tly>
          <brx>1719</brx>
          <bry>2277</bry>
          <value>STA02</value>
          <label>Un poco</label>
        </box>
        <box>
          <tlx>1813</tlx>
          <tly>2218</tly>
          <brx>1872</brx>
          <bry>2277</bry>
          <value>STA03</value>
          <label>Bastante</label>
        </box>
        <box>
          <tlx>1967</tlx>
          <tly>2218</tly>
          <brx>2026</brx>
          <bry>2277</bry>
          <value>STA04</value>
          <label>Mucho</label>
        </box>
      </boxgroup>
      <boxgroup>
        <type>1</type>
        <width>5</width>
        <varname>STAIEstado_STAIe11</varname>
        <sortorder>12</sortorder>
        <label>&lt;p style="text-align: justify;"&gt;Abajo aparecen algunas expresiones que la gente usa para describirse a si misma. Lea cada frase y marque el casillero que indique como se siente ahora mismo o sea EN ESTE MOMENTO. No hay respuestas buenas o malas. No utilice mucho tiempo en cada frase, pero trate de dar la respuesta que mejor describa SUS SENTIMIENTOS AHORA .&lt;/p&gt; : Tengo confianza en mi mismo</label>
        <groupsection idref="1"/>
        <box>
          <tlx>1506</tlx>
          <tly>2342</tly>
          <brx>1565</brx>
          <bry>2401</bry>
          <value>STA01</value>
          <label>Nada</label>
        </box>
        <box>
          <tlx>1659</tlx>
          <tly>2342</tly>
          <brx>1719</brx>
          <bry>2401</bry>
          <value>STA02</value>
          <label>Un poco</label>
        </box>
        <box>
          <tlx>1813</tlx>
          <tly>2342</tly>
          <brx>1872</brx>
          <bry>2401</bry>
          <value>STA03</value>
          <label>Bastante</label>
        </box>
        <box>
          <tlx>1967</tlx>
          <tly>2342</tly>
          <brx>2026</brx>
          <bry>2401</bry>
          <value>STA04</value>
          <label>Mucho</label>
        </box>
      </boxgroup>
      <boxgroup>
        <type>1</type>
        <width>5</width>
        <varname>STAIEstado_STAIe12</varname>
        <sortorder>13</sortorder>
        <label>&lt;p style="text-align: justify;"&gt;Abajo aparecen algunas expresiones que la gente usa para describirse a si misma. Lea cada frase y marque el casillero que indique como se siente ahora mismo o sea EN ESTE MOMENTO. No hay respuestas buenas o malas. No utilice mucho tiempo en cada frase, pero trate de dar la respuesta que mejor describa SUS SENTIMIENTOS AHORA .&lt;/p&gt; : Me siento nervioso/a</label>
        <groupsection idref="1"/>
        <box>
          <tlx>1506</tlx>
          <tly>2466</tly>
          <brx>1565</brx>
          <bry>2525</bry>
          <value>STA01</value>
          <label>Nada</label>
        </box>
        <box>
          <tlx>1659</tlx>
          <tly>2466</tly>
          <brx>1719</brx>
          <bry>2525</bry>
          <value>STA02</value>
          <label>Un poco</label>
        </box>
        <box>
          <tlx>1813</tlx>
          <tly>2466</tly>
          <brx>1872</brx>
          <bry>2525</bry>
          <value>STA03</value>
          <label>Bastante</label>
        </box>
        <box>
          <tlx>1967</tlx>
          <tly>2466</tly>
          <brx>2026</brx>
          <bry>2525</bry>
          <value>STA04</value>
          <label>Mucho</label>
        </box>
      </boxgroup>
      <boxgroup>
        <type>1</type>
        <width>5</width>
        <varname>STAIEstado_STAIe13</varname>
        <sortorder>14</sortorder>
        <label>&lt;p style="text-align: justify;"&gt;Abajo aparecen algunas expresiones que la gente usa para describirse a si misma. Lea cada frase y marque el casillero que indique como se siente ahora mismo o sea EN ESTE MOMENTO. No hay respuestas buenas o malas. No utilice mucho tiempo en cada frase, pero trate de dar la respuesta que mejor describa SUS SENTIMIENTOS AHORA .&lt;/p&gt; : Me siento agitado/a</label>
        <groupsection idref="1"/>
        <box>
          <tlx>1506</tlx>
          <tly>2590</tly>
          <brx>1565</brx>
          <bry>2649</bry>
          <value>STA01</value>
          <label>Nada</label>
        </box>
        <box>
          <tlx>1659</tlx>
          <tly>2590</tly>
          <brx>1719</brx>
          <bry>2649</bry>
          <value>STA02</value>
          <label>Un poco</label>
        </box>
        <box>
          <tlx>1813</tlx>
          <tly>2590</tly>
          <brx>1872</brx>
          <bry>2649</bry>
          <value>STA03</value>
          <label>Bastante</label>
        </box>
        <box>
          <tlx>1967</tlx>
          <tly>2590</tly>
          <brx>2026</brx>
          <bry>2649</bry>
          <value>STA04</value>
          <label>Mucho</label>
        </box>
      </boxgroup>
      <boxgroup>
        <type>1</type>
        <width>5</width>
        <varname>STAIEstado_STAIe14</varname>
        <sortorder>15</sortorder>
        <label>&lt;p style="text-align: justify;"&gt;Abajo aparecen algunas expresiones que la gente usa para describirse a si misma. Lea cada frase y marque el casillero que indique como se siente ahora mismo o sea EN ESTE MOMENTO. No hay respuestas buenas o malas. No utilice mucho tiempo en cada frase, pero trate de dar la respuesta que mejor describa SUS SENTIMIENTOS AHORA .&lt;/p&gt; : Me siento indeciso/a</label>
        <groupsection idref="1"/>
        <box>
          <tlx>1506</tlx>
          <tly>2714</tly>
          <brx>1565</brx>
          <bry>2773</bry>
          <value>STA01</value>
          <label>Nada</label>
        </box>
        <box>
          <tlx>1659</tlx>
          <tly>2714</tly>
          <brx>1719</brx>
          <bry>2773</bry>
          <value>STA02</value>
          <label>Un poco</label>
        </box>
        <box>
          <tlx>1813</tlx>
          <tly>2714</tly>
          <brx>1872</brx>
          <bry>2773</bry>
          <value>STA03</value>
          <label>Bastante</label>
        </box>
        <box>
          <tlx>1967</tlx>
          <tly>2714</tly>
          <brx>2026</brx>
          <bry>2773</bry>
          <value>STA04</value>
          <label>Mucho</label>
        </box>
      </boxgroup>
      <boxgroup>
        <type>1</type>
        <width>5</width>
        <varname>STAIEstado_STAIe15</varname>
        <sortorder>16</sortorder>
        <label>&lt;p style="text-align: justify;"&gt;Abajo aparecen algunas expresiones que la gente usa para describirse a si misma. Lea cada frase y marque el casillero que indique como se siente ahora mismo o sea EN ESTE MOMENTO. No hay respuestas buenas o malas. No utilice mucho tiempo en cada frase, pero trate de dar la respuesta que mejor describa SUS SENTIMIENTOS AHORA .&lt;/p&gt; : Me siento tranquilo/a</label>
        <groupsection idref="1"/>
        <box>
          <tlx>1506</tlx>
          <tly>2838</tly>
          <brx>1565</brx>
          <bry>2897</bry>
          <value>STA01</value>
          <label>Nada</label>
        </box>
        <box>
          <tlx>1659</tlx>
          <tly>2838</tly>
          <brx>1719</brx>
          <bry>2897</bry>
          <value>STA02</value>
          <label>Un poco</label>
        </box>
        <box>
          <tlx>1813</tlx>
          <tly>2838</tly>
          <brx>1872</brx>
          <bry>2897</bry>
          <value>STA03</value>
          <label>Bastante</label>
        </box>
        <box>
          <tlx>1967</tlx>
          <tly>2838</tly>
          <brx>2026</brx>
          <bry>2897</bry>
          <value>STA04</value>
          <label>Mucho</label>
        </box>
      </boxgroup>
      <boxgroup>
        <type>1</type>
        <width>5</width>
        <varname>STAIEstado_STAIe16</varname>
        <sortorder>17</sortorder>
        <label>&lt;p style="text-align: justify;"&gt;Abajo aparecen algunas expresiones que la gente usa para describirse a si misma. Lea cada frase y marque el casillero que indique como se siente ahora mismo o sea EN ESTE MOMENTO. No hay respuestas buenas o malas. No utilice mucho tiempo en cada frase, pero trate de dar la respuesta que mejor describa SUS SENTIMIENTOS AHORA .&lt;/p&gt; : Me  siento  &#x201C;a  gusto&#x201D;</label>
        <groupsection idref="1"/>
        <box>
          <tlx>1506</tlx>
          <tly>2962</tly>
          <brx>1565</brx>
          <bry>3021</bry>
          <value>STA01</value>
          <label>Nada</label>
        </box>
        <box>
          <tlx>1659</tlx>
          <tly>2962</tly>
          <brx>1719</brx>
          <bry>3021</bry>
          <value>STA02</value>
          <label>Un poco</label>
        </box>
        <box>
          <tlx>1813</tlx>
          <tly>2962</tly>
          <brx>1872</brx>
          <bry>3021</bry>
          <value>STA03</value>
          <label>Bastante</label>
        </box>
        <box>
          <tlx>1967</tlx>
          <tly>2962</tly>
          <brx>2026</brx>
          <bry>3021</bry>
          <value>STA04</value>
          <label>Mucho</label>
        </box>
      </boxgroup>
      <boxgroup>
        <type>1</type>
        <width>5</width>
        <varname>STAIEstado_STAIe17</varname>
        <sortorder>18</sortorder>
        <label>&lt;p style="text-align: justify;"&gt;Abajo aparecen algunas expresiones que la gente usa para describirse a si misma. Lea cada frase y marque el casillero que indique como se siente ahora mismo o sea EN ESTE MOMENTO. No hay respuestas buenas o malas. No utilice mucho tiempo en cada frase, pero trate de dar la respuesta que mejor describa SUS SENTIMIENTOS AHORA .&lt;/p&gt; : Estoy preocupado/a</label>
        <groupsection idref="1"/>
        <box>
          <tlx>1506</tlx>
          <tly>3086</tly>
          <brx>1565</brx>
          <bry>3145</bry>
          <value>STA01</value>
          <label>Nada</label>
        </box>
        <box>
          <tlx>1659</tlx>
          <tly>3086</tly>
          <brx>1719</brx>
          <bry>3145</bry>
          <value>STA02</value>
          <label>Un poco</label>
        </box>
        <box>
          <tlx>1813</tlx>
          <tly>3086</tly>
          <brx>1872</brx>
          <bry>3145</bry>
          <value>STA03</value>
          <label>Bastante</label>
        </box>
        <box>
          <tlx>1967</tlx>
          <tly>3086</tly>
          <brx>2026</brx>
          <bry>3145</bry>
          <value>STA04</value>
          <label>Mucho</label>
        </box>
      </boxgroup>
      <boxgroup>
        <type>1</type>
        <width>5</width>
        <varname>STAIEstado_STAIe18</varname>
        <sortorder>19</sortorder>
        <label>&lt;p style="text-align: justify;"&gt;Abajo aparecen algunas expresiones que la gente usa para describirse a si misma. Lea cada frase y marque el casillero que indique como se siente ahora mismo o sea EN ESTE MOMENTO. No hay respuestas buenas o malas. No utilice mucho tiempo en cada frase, pero trate de dar la respuesta que mejor describa SUS SENTIMIENTOS AHORA .&lt;/p&gt; : Me siento aturdido/a (confundido/a)</label>
        <groupsection idref="1"/>
        <box>
          <tlx>1506</tlx>
          <tly>3210</tly>
          <brx>1565</brx>
          <bry>3269</bry>
          <value>STA01</value>
          <label>Nada</label>
        </box>
        <box>
          <tlx>1659</tlx>
          <tly>3210</tly>
          <brx>1719</brx>
          <bry>3269</bry>
          <value>STA02</value>
          <label>Un poco</label>
        </box>
        <box>
          <tlx>1813</tlx>
          <tly>3210</tly>
          <brx>1872</brx>
          <bry>3269</bry>
          <value>STA03</value>
          <label>Bastante</label>
        </box>
        <box>
          <tlx>1967</tlx>
          <tly>3210</tly>
          <brx>2026</brx>
          <bry>3269</bry>
          <value>STA04</value>
          <label>Mucho</label>
        </box>
      </boxgroup>
    </page>
    <page>
      <id>38727702</id>
      <tlx>283</tlx>
      <tly>283</tly>
      <trx>2197</trx>
      <try>283</try>
      <brx>2197</brx>
      <bry>3224</bry>
      <blx>283</blx>
      <bly>3224</bly>
      <rotation>0</rotation>
      <boxgroup>
        <type>1</type>
        <width>5</width>
        <varname>STAIEstado_STAIe19</varname>
        <sortorder>20</sortorder>
        <label>&lt;p style="text-align: justify;"&gt;Abajo aparecen algunas expresiones que la gente usa para describirse a si misma. Lea cada frase y marque el casillero que indique como se siente ahora mismo o sea EN ESTE MOMENTO. No hay respuestas buenas o malas. No utilice mucho tiempo en cada frase, pero trate de dar la respuesta que mejor describa SUS SENTIMIENTOS AHORA .&lt;/p&gt; : Me siento equilibrado/a</label>
        <groupsection idref="1"/>
        <box>
          <tlx>1506</tlx>
          <tly>322</tly>
          <brx>1565</brx>
          <bry>381</bry>
          <value>STA01</value>
          <label>Nada</label>
        </box>
        <box>
          <tlx>1659</tlx>
          <tly>322</tly>
          <brx>1719</brx>
          <bry>381</bry>
          <value>STA02</value>
          <label>Un poco</label>
        </box>
        <box>
          <tlx>1813</tlx>
          <tly>322</tly>
          <brx>1872</brx>
          <bry>381</bry>
          <value>STA03</value>
          <label>Bastante</label>
        </box>
        <box>
          <tlx>1967</tlx>
          <tly>322</tly>
          <brx>2026</brx>
          <bry>381</bry>
          <value>STA04</value>
          <label>Mucho</label>
        </box>
      </boxgroup>
      <boxgroup>
        <type>1</type>
        <width>5</width>
        <varname>STAIEstado_STAIe20</varname>
        <sortorder>21</sortorder>
        <label>&lt;p style="text-align: justify;"&gt;Abajo aparecen algunas expresiones que la gente usa para describirse a si misma. Lea cada frase y marque el casillero que indique como se siente ahora mismo o sea EN ESTE MOMENTO. No hay respuestas buenas o malas. No utilice mucho tiempo en cada frase, pero trate de dar la respuesta que mejor describa SUS SENTIMIENTOS AHORA .&lt;/p&gt; : Me siento bien</label>
        <groupsection idref="1"/>
        <box>
          <tlx>1506</tlx>
          <tly>446</tly>
          <brx>1565</brx>
          <bry>505</bry>
          <value>STA01</value>
          <label>Nada</label>
        </box>
        <box>
          <tlx>1659</tlx>
          <tly>446</tly>
          <brx>1719</brx>
          <bry>505</bry>
          <value>STA02</value>
          <label>Un poco</label>
        </box>
        <box>
          <tlx>1813</tlx>
          <tly>446</tly>
          <brx>1872</brx>
          <bry>505</bry>
          <value>STA03</value>
          <label>Bastante</label>
        </box>
        <box>
          <tlx>1967</tlx>
          <tly>446</tly>
          <brx>2026</brx>
          <bry>505</bry>
          <value>STA04</value>
          <label>Mucho</label>
        </box>
      </boxgroup>
      <boxgroup>
        <type>1</type>
        <width>5</width>
        <varname>STAIRasgo_STAIr01</varname>
        <sortorder>22</sortorder>
        <label>&lt;p style="text-align: justify;"&gt;Abajo aparecen algunas expresiones que la gente usa para describirse a si misma. Lea cada frase y marque el casillero que indique como se siente GENERALMENTE. No hay respuestas buenas o malas. No utilice mucho tiempo en cada frase, pero trate de dar la respuesta que mejor describa COMO SE SIENTE GENERALMENTE.&lt;/p&gt; : Me siento calmado/a</label>
        <groupsection idref="1"/>
        <box>
          <tlx>1506</tlx>
          <tly>1012</tly>
          <brx>1565</brx>
          <bry>1071</bry>
          <value>STA01</value>
          <label>Nada</label>
        </box>
        <box>
          <tlx>1659</tlx>
          <tly>1012</tly>
          <brx>1719</brx>
          <bry>1071</bry>
          <value>STA02</value>
          <label>Un poco</label>
        </box>
        <box>
          <tlx>1813</tlx>
          <tly>1012</tly>
          <brx>1872</brx>
          <bry>1071</bry>
          <value>STA03</value>
          <label>Bastante</label>
        </box>
        <box>
          <tlx>1967</tlx>
          <tly>1012</tly>
          <brx>2026</brx>
          <bry>1071</bry>
          <value>STA04</value>
          <label>Mucho</label>
        </box>
      </boxgroup>
      <boxgroup>
        <type>1</type>
        <width>5</width>
        <varname>STAIRasgo_STAIr02</varname>
        <sortorder>23</sortorder>
        <label>&lt;p style="text-align: justify;"&gt;Abajo aparecen algunas expresiones que la gente usa para describirse a si misma. Lea cada frase y marque el casillero que indique como se siente GENERALMENTE. No hay respuestas buenas o malas. No utilice mucho tiempo en cada frase, pero trate de dar la respuesta que mejor describa COMO SE SIENTE GENERALMENTE.&lt;/p&gt; : Me siento seguro/a</label>
        <groupsection idref="1"/>
        <box>
          <tlx>1506</tlx>
          <tly>1136</tly>
          <brx>1565</brx>
          <bry>1195</bry>
          <value>STA01</value>
          <label>Nada</label>
        </box>
        <box>
          <tlx>1659</tlx>
          <tly>1136</tly>
          <brx>1719</brx>
          <bry>1195</bry>
          <value>STA02</value>
          <label>Un poco</label>
        </box>
        <box>
          <tlx>1813</tlx>
          <tly>1136</tly>
          <brx>1872</brx>
          <bry>1195</bry>
          <value>STA03</value>
          <label>Bastante</label>
        </box>
        <box>
          <tlx>1967</tlx>
          <tly>1136</tly>
          <brx>2026</brx>
          <bry>1195</bry>
          <value>STA04</value>
          <label>Mucho</label>
        </box>
      </boxgroup>
      <boxgroup>
        <type>1</type>
        <width>5</width>
        <varname>STAIRasgo_STAIr03</varname>
        <sortorder>24</sortorder>
        <label>&lt;p style="text-align: justify;"&gt;Abajo aparecen algunas expresiones que la gente usa para describirse a si misma. Lea cada frase y marque el casillero que indique como se siente GENERALMENTE. No hay respuestas buenas o malas. No utilice mucho tiempo en cada frase, pero trate de dar la respuesta que mejor describa COMO SE SIENTE GENERALMENTE.&lt;/p&gt; : Estoy tenso/a</label>
        <groupsection idref="1"/>
        <box>
          <tlx>1506</tlx>
          <tly>1260</tly>
          <brx>1565</brx>
          <bry>1319</bry>
          <value>STA01</value>
          <label>Nada</label>
        </box>
        <box>
          <tlx>1659</tlx>
          <tly>1260</tly>
          <brx>1719</brx>
          <bry>1319</bry>
          <value>STA02</value>
          <label>Un poco</label>
        </box>
        <box>
          <tlx>1813</tlx>
          <tly>1260</tly>
          <brx>1872</brx>
          <bry>1319</bry>
          <value>STA03</value>
          <label>Bastante</label>
        </box>
        <box>
          <tlx>1967</tlx>
          <tly>1260</tly>
          <brx>2026</brx>
          <bry>1319</bry>
          <value>STA04</value>
          <label>Mucho</label>
        </box>
      </boxgroup>
      <boxgroup>
        <type>1</type>
        <width>5</width>
        <varname>STAIRasgo_STAIr04</varname>
        <sortorder>25</sortorder>
        <label>&lt;p style="text-align: justify;"&gt;Abajo aparecen algunas expresiones que la gente usa para describirse a si misma. Lea cada frase y marque el casillero que indique como se siente GENERALMENTE. No hay respuestas buenas o malas. No utilice mucho tiempo en cada frase, pero trate de dar la respuesta que mejor describa COMO SE SIENTE GENERALMENTE.&lt;/p&gt; : Me siento disgustado/a</label>
        <groupsection idref="1"/>
        <box>
          <tlx>1506</tlx>
          <tly>1384</tly>
          <brx>1565</brx>
          <bry>1443</bry>
          <value>STA01</value>
          <label>Nada</label>
        </box>
        <box>
          <tlx>1659</tlx>
          <tly>1384</tly>
          <brx>1719</brx>
          <bry>1443</bry>
          <value>STA02</value>
          <label>Un poco</label>
        </box>
        <box>
          <tlx>1813</tlx>
          <tly>1384</tly>
          <brx>1872</brx>
          <bry>1443</bry>
          <value>STA03</value>
          <label>Bastante</label>
        </box>
        <box>
          <tlx>1967</tlx>
          <tly>1384</tly>
          <brx>2026</brx>
          <bry>1443</bry>
          <value>STA04</value>
          <label>Mucho</label>
        </box>
      </boxgroup>
      <boxgroup>
        <type>1</type>
        <width>5</width>
        <varname>STAIRasgo_STAIr05</varname>
        <sortorder>26</sortorder>
        <label>&lt;p style="text-align: justify;"&gt;Abajo aparecen algunas expresiones que la gente usa para describirse a si misma. Lea cada frase y marque el casillero que indique como se siente GENERALMENTE. No hay respuestas buenas o malas. No utilice mucho tiempo en cada frase, pero trate de dar la respuesta que mejor describa COMO SE SIENTE GENERALMENTE.&lt;/p&gt; : Me  siento  a  &#x201C;mis  anchas&#x201D;</label>
        <groupsection idref="1"/>
        <box>
          <tlx>1506</tlx>
          <tly>1508</tly>
          <brx>1565</brx>
          <bry>1567</bry>
          <value>STA01</value>
          <label>Nada</label>
        </box>
        <box>
          <tlx>1659</tlx>
          <tly>1508</tly>
          <brx>1719</brx>
          <bry>1567</bry>
          <value>STA02</value>
          <label>Un poco</label>
        </box>
        <box>
          <tlx>1813</tlx>
          <tly>1508</tly>
          <brx>1872</brx>
          <bry>1567</bry>
          <value>STA03</value>
          <label>Bastante</label>
        </box>
        <box>
          <tlx>1967</tlx>
          <tly>1508</tly>
          <brx>2026</brx>
          <bry>1567</bry>
          <value>STA04</value>
          <label>Mucho</label>
        </box>
      </boxgroup>
      <boxgroup>
        <type>1</type>
        <width>5</width>
        <varname>STAIRasgo_STAIr07</varname>
        <sortorder>27</sortorder>
        <label>&lt;p style="text-align: justify;"&gt;Abajo aparecen algunas expresiones que la gente usa para describirse a si misma. Lea cada frase y marque el casillero que indique como se siente GENERALMENTE. No hay respuestas buenas o malas. No utilice mucho tiempo en cada frase, pero trate de dar la respuesta que mejor describa COMO SE SIENTE GENERALMENTE.&lt;/p&gt; : Me siento alterado/a</label>
        <groupsection idref="1"/>
        <box>
          <tlx>1506</tlx>
          <tly>1632</tly>
          <brx>1565</brx>
          <bry>1691</bry>
          <value>STA01</value>
          <label>Nada</label>
        </box>
        <box>
          <tlx>1659</tlx>
          <tly>1632</tly>
          <brx>1719</brx>
          <bry>1691</bry>
          <value>STA02</value>
          <label>Un poco</label>
        </box>
        <box>
          <tlx>1813</tlx>
          <tly>1632</tly>
          <brx>1872</brx>
          <bry>1691</bry>
          <value>STA03</value>
          <label>Bastante</label>
        </box>
        <box>
          <tlx>1967</tlx>
          <tly>1632</tly>
          <brx>2026</brx>
          <bry>1691</bry>
          <value>STA04</value>
          <label>Mucho</label>
        </box>
      </boxgroup>
      <boxgroup>
        <type>1</type>
        <width>5</width>
        <varname>STAIRasgo_STAIr06</varname>
        <sortorder>28</sortorder>
        <label>&lt;p style="text-align: justify;"&gt;Abajo aparecen algunas expresiones que la gente usa para describirse a si misma. Lea cada frase y marque el casillero que indique como se siente GENERALMENTE. No hay respuestas buenas o malas. No utilice mucho tiempo en cada frase, pero trate de dar la respuesta que mejor describa COMO SE SIENTE GENERALMENTE.&lt;/p&gt; : En este momento estoy preocupado/a por alg&#xFA;n posible problema</label>
        <groupsection idref="1"/>
        <box>
          <tlx>1506</tlx>
          <tly>1756</tly>
          <brx>1565</brx>
          <bry>1815</bry>
          <value>STA01</value>
          <label>Nada</label>
        </box>
        <box>
          <tlx>1659</tlx>
          <tly>1756</tly>
          <brx>1719</brx>
          <bry>1815</bry>
          <value>STA02</value>
          <label>Un poco</label>
        </box>
        <box>
          <tlx>1813</tlx>
          <tly>1756</tly>
          <brx>1872</brx>
          <bry>1815</bry>
          <value>STA03</value>
          <label>Bastante</label>
        </box>
        <box>
          <tlx>1967</tlx>
          <tly>1756</tly>
          <brx>2026</brx>
          <bry>1815</bry>
          <value>STA04</value>
          <label>Mucho</label>
        </box>
      </boxgroup>
      <boxgroup>
        <type>1</type>
        <width>5</width>
        <varname>STAIRasgo_STAIr08</varname>
        <sortorder>29</sortorder>
        <label>&lt;p style="text-align: justify;"&gt;Abajo aparecen algunas expresiones que la gente usa para describirse a si misma. Lea cada frase y marque el casillero que indique como se siente GENERALMENTE. No hay respuestas buenas o malas. No utilice mucho tiempo en cada frase, pero trate de dar la respuesta que mejor describa COMO SE SIENTE GENERALMENTE.&lt;/p&gt; : Me siento satisfecho/a</label>
        <groupsection idref="1"/>
        <box>
          <tlx>1506</tlx>
          <tly>1880</tly>
          <brx>1565</brx>
          <bry>1939</bry>
          <value>STA01</value>
          <label>Nada</label>
        </box>
        <box>
          <tlx>1659</tlx>
          <tly>1880</tly>
          <brx>1719</brx>
          <bry>1939</bry>
          <value>STA02</value>
          <label>Un poco</label>
        </box>
        <box>
          <tlx>1813</tlx>
          <tly>1880</tly>
          <brx>1872</brx>
          <bry>1939</bry>
          <value>STA03</value>
          <label>Bastante</label>
        </box>
        <box>
          <tlx>1967</tlx>
          <tly>1880</tly>
          <brx>2026</brx>
          <bry>1939</bry>
          <value>STA04</value>
          <label>Mucho</label>
        </box>
      </boxgroup>
      <boxgroup>
        <type>1</type>
        <width>5</width>
        <varname>STAIRasgo_STAIr09</varname>
        <sortorder>30</sortorder>
        <label>&lt;p style="text-align: justify;"&gt;Abajo aparecen algunas expresiones que la gente usa para describirse a si misma. Lea cada frase y marque el casillero que indique como se siente GENERALMENTE. No hay respuestas buenas o malas. No utilice mucho tiempo en cada frase, pero trate de dar la respuesta que mejor describa COMO SE SIENTE GENERALMENTE.&lt;/p&gt; : Me siento asustado/a</label>
        <groupsection idref="1"/>
        <box>
          <tlx>1506</tlx>
          <tly>2004</tly>
          <brx>1565</brx>
          <bry>2063</bry>
          <value>STA01</value>
          <label>Nada</label>
        </box>
        <box>
          <tlx>1659</tlx>
          <tly>2004</tly>
          <brx>1719</brx>
          <bry>2063</bry>
          <value>STA02</value>
          <label>Un poco</label>
        </box>
        <box>
          <tlx>1813</tlx>
          <tly>2004</tly>
          <brx>1872</brx>
          <bry>2063</bry>
          <value>STA03</value>
          <label>Bastante</label>
        </box>
        <box>
          <tlx>1967</tlx>
          <tly>2004</tly>
          <brx>2026</brx>
          <bry>2063</bry>
          <value>STA04</value>
          <label>Mucho</label>
        </box>
      </boxgroup>
      <boxgroup>
        <type>1</type>
        <width>5</width>
        <varname>STAIRasgo_STAIr10</varname>
        <sortorder>31</sortorder>
        <label>&lt;p style="text-align: justify;"&gt;Abajo aparecen algunas expresiones que la gente usa para describirse a si misma. Lea cada frase y marque el casillero que indique como se siente GENERALMENTE. No hay respuestas buenas o malas. No utilice mucho tiempo en cada frase, pero trate de dar la respuesta que mejor describa COMO SE SIENTE GENERALMENTE.&lt;/p&gt; : Me siento c&#xF3;modo/a</label>
        <groupsection idref="1"/>
        <box>
          <tlx>1506</tlx>
          <tly>2128</tly>
          <brx>1565</brx>
          <bry>2188</bry>
          <value>STA01</value>
          <label>Nada</label>
        </box>
        <box>
          <tlx>1659</tlx>
          <tly>2128</tly>
          <brx>1719</brx>
          <bry>2188</bry>
          <value>STA02</value>
          <label>Un poco</label>
        </box>
        <box>
          <tlx>1813</tlx>
          <tly>2128</tly>
          <brx>1872</brx>
          <bry>2188</bry>
          <value>STA03</value>
          <label>Bastante</label>
        </box>
        <box>
          <tlx>1967</tlx>
          <tly>2128</tly>
          <brx>2026</brx>
          <bry>2188</bry>
          <value>STA04</value>
          <label>Mucho</label>
        </box>
      </boxgroup>
      <boxgroup>
        <type>1</type>
        <width>5</width>
        <varname>STAIRasgo_STAIr11</varname>
        <sortorder>32</sortorder>
        <label>&lt;p style="text-align: justify;"&gt;Abajo aparecen algunas expresiones que la gente usa para describirse a si misma. Lea cada frase y marque el casillero que indique como se siente GENERALMENTE. No hay respuestas buenas o malas. No utilice mucho tiempo en cada frase, pero trate de dar la respuesta que mejor describa COMO SE SIENTE GENERALMENTE.&lt;/p&gt; : Tengo confianza en mi mismo/a</label>
        <groupsection idref="1"/>
        <box>
          <tlx>1506</tlx>
          <tly>2252</tly>
          <brx>1565</brx>
          <bry>2312</bry>
          <value>STA01</value>
          <label>Nada</label>
        </box>
        <box>
          <tlx>1659</tlx>
          <tly>2252</tly>
          <brx>1719</brx>
          <bry>2312</bry>
          <value>STA02</value>
          <label>Un poco</label>
        </box>
        <box>
          <tlx>1813</tlx>
          <tly>2252</tly>
          <brx>1872</brx>
          <bry>2312</bry>
          <value>STA03</value>
          <label>Bastante</label>
        </box>
        <box>
          <tlx>1967</tlx>
          <tly>2252</tly>
          <brx>2026</brx>
          <bry>2312</bry>
          <value>STA04</value>
          <label>Mucho</label>
        </box>
      </boxgroup>
      <boxgroup>
        <type>1</type>
        <width>5</width>
        <varname>STAIRasgo_STAIr12</varname>
        <sortorder>33</sortorder>
        <label>&lt;p style="text-align: justify;"&gt;Abajo aparecen algunas expresiones que la gente usa para describirse a si misma. Lea cada frase y marque el casillero que indique como se siente GENERALMENTE. No hay respuestas buenas o malas. No utilice mucho tiempo en cada frase, pero trate de dar la respuesta que mejor describa COMO SE SIENTE GENERALMENTE.&lt;/p&gt; : Me siento nervioso/a</label>
        <groupsection idref="1"/>
        <box>
          <tlx>1506</tlx>
          <tly>2376</tly>
          <brx>1565</brx>
          <bry>2436</bry>
          <value>STA01</value>
          <label>Nada</label>
        </box>
        <box>
          <tlx>1659</tlx>
          <tly>2376</tly>
          <brx>1719</brx>
          <bry>2436</bry>
          <value>STA02</value>
          <label>Un poco</label>
        </box>
        <box>
          <tlx>1813</tlx>
          <tly>2376</tly>
          <brx>1872</brx>
          <bry>2436</bry>
          <value>STA03</value>
          <label>Bastante</label>
        </box>
        <box>
          <tlx>1967</tlx>
          <tly>2376</tly>
          <brx>2026</brx>
          <bry>2436</bry>
          <value>STA04</value>
          <label>Mucho</label>
        </box>
      </boxgroup>
      <boxgroup>
        <type>1</type>
        <width>5</width>
        <varname>STAIRasgo_STAIr13</varname>
        <sortorder>34</sortorder>
        <label>&lt;p style="text-align: justify;"&gt;Abajo aparecen algunas expresiones que la gente usa para describirse a si misma. Lea cada frase y marque el casillero que indique como se siente GENERALMENTE. No hay respuestas buenas o malas. No utilice mucho tiempo en cada frase, pero trate de dar la respuesta que mejor describa COMO SE SIENTE GENERALMENTE.&lt;/p&gt; : Me siento agitado/a</label>
        <groupsection idref="1"/>
        <box>
          <tlx>1506</tlx>
          <tly>2500</tly>
          <brx>1565</brx>
          <bry>2560</bry>
          <value>STA01</value>
          <label>Nada</label>
        </box>
        <box>
          <tlx>1659</tlx>
          <tly>2500</tly>
          <brx>1719</brx>
          <bry>2560</bry>
          <value>STA02</value>
          <label>Un poco</label>
        </box>
        <box>
          <tlx>1813</tlx>
          <tly>2500</tly>
          <brx>1872</brx>
          <bry>2560</bry>
          <value>STA03</value>
          <label>Bastante</label>
        </box>
        <box>
          <tlx>1967</tlx>
          <tly>2500</tly>
          <brx>2026</brx>
          <bry>2560</bry>
          <value>STA04</value>
          <label>Mucho</label>
        </box>
      </boxgroup>
      <boxgroup>
        <type>1</type>
        <width>5</width>
        <varname>STAIRasgo_STAIr14</varname>
        <sortorder>35</sortorder>
        <label>&lt;p style="text-align: justify;"&gt;Abajo aparecen algunas expresiones que la gente usa para describirse a si misma. Lea cada frase y marque el casillero que indique como se siente GENERALMENTE. No hay respuestas buenas o malas. No utilice mucho tiempo en cada frase, pero trate de dar la respuesta que mejor describa COMO SE SIENTE GENERALMENTE.&lt;/p&gt; : Me siento indeciso/a</label>
        <groupsection idref="1"/>
        <box>
          <tlx>1506</tlx>
          <tly>2625</tly>
          <brx>1565</brx>
          <bry>2684</bry>
          <value>STA01</value>
          <label>Nada</label>
        </box>
        <box>
          <tlx>1659</tlx>
          <tly>2625</tly>
          <brx>1719</brx>
          <bry>2684</bry>
          <value>STA02</value>
          <label>Un poco</label>
        </box>
        <box>
          <tlx>1813</tlx>
          <tly>2625</tly>
          <brx>1872</brx>
          <bry>2684</bry>
          <value>STA03</value>
          <label>Bastante</label>
        </box>
        <box>
          <tlx>1967</tlx>
          <tly>2625</tly>
          <brx>2026</brx>
          <bry>2684</bry>
          <value>STA04</value>
          <label>Mucho</label>
        </box>
      </boxgroup>
      <boxgroup>
        <type>1</type>
        <width>5</width>
        <varname>STAIRasgo_STAIr15</varname>
        <sortorder>36</sortorder>
        <label>&lt;p style="text-align: justify;"&gt;Abajo aparecen algunas expresiones que la gente usa para describirse a si misma. Lea cada frase y marque el casillero que indique como se siente GENERALMENTE. No hay respuestas buenas o malas. No utilice mucho tiempo en cada frase, pero trate de dar la respuesta que mejor describa COMO SE SIENTE GENERALMENTE.&lt;/p&gt; : Me siento tranquilo/a</label>
        <groupsection idref="1"/>
        <box>
          <tlx>1506</tlx>
          <tly>2749</tly>
          <brx>1565</brx>
          <bry>2808</bry>
          <value>STA01</value>
          <label>Nada</label>
        </box>
        <box>
          <tlx>1659</tlx>
          <tly>2749</tly>
          <brx>1719</brx>
          <bry>2808</bry>
          <value>STA02</value>
          <label>Un poco</label>
        </box>
        <box>
          <tlx>1813</tlx>
          <tly>2749</tly>
          <brx>1872</brx>
          <bry>2808</bry>
          <value>STA03</value>
          <label>Bastante</label>
        </box>
        <box>
          <tlx>1967</tlx>
          <tly>2749</tly>
          <brx>2026</brx>
          <bry>2808</bry>
          <value>STA04</value>
          <label>Mucho</label>
        </box>
      </boxgroup>
      <boxgroup>
        <type>1</type>
        <width>5</width>
        <varname>STAIRasgo_STAIr16</varname>
        <sortorder>37</sortorder>
        <label>&lt;p style="text-align: justify;"&gt;Abajo aparecen algunas expresiones que la gente usa para describirse a si misma. Lea cada frase y marque el casillero que indique como se siente GENERALMENTE. No hay respuestas buenas o malas. No utilice mucho tiempo en cada frase, pero trate de dar la respuesta que mejor describa COMO SE SIENTE GENERALMENTE.&lt;/p&gt; : Me  siento  &#x201C;a  gusto&#x201D;</label>
        <groupsection idref="1"/>
        <box>
          <tlx>1506</tlx>
          <tly>2873</tly>
          <brx>1565</brx>
          <bry>2932</bry>
          <value>STA01</value>
          <label>Nada</label>
        </box>
        <box>
          <tlx>1659</tlx>
          <tly>2873</tly>
          <brx>1719</brx>
          <bry>2932</bry>
          <value>STA02</value>
          <label>Un poco</label>
        </box>
        <box>
          <tlx>1813</tlx>
          <tly>2873</tly>
          <brx>1872</brx>
          <bry>2932</bry>
          <value>STA03</value>
          <label>Bastante</label>
        </box>
        <box>
          <tlx>1967</tlx>
          <tly>2873</tly>
          <brx>2026</brx>
          <bry>2932</bry>
          <value>STA04</value>
          <label>Mucho</label>
        </box>
      </boxgroup>
      <boxgroup>
        <type>1</type>
        <width>5</width>
        <varname>STAIRasgo_STAIr17</varname>
        <sortorder>38</sortorder>
        <label>&lt;p style="text-align: justify;"&gt;Abajo aparecen algunas expresiones que la gente usa para describirse a si misma. Lea cada frase y marque el casillero que indique como se siente GENERALMENTE. No hay respuestas buenas o malas. No utilice mucho tiempo en cada frase, pero trate de dar la respuesta que mejor describa COMO SE SIENTE GENERALMENTE.&lt;/p&gt; : Estoy preocupado/a</label>
        <groupsection idref="1"/>
        <box>
          <tlx>1506</tlx>
          <tly>2997</tly>
          <brx>1565</brx>
          <bry>3056</bry>
          <value>STA01</value>
          <label>Nada</label>
        </box>
        <box>
          <tlx>1659</tlx>
          <tly>2997</tly>
          <brx>1719</brx>
          <bry>3056</bry>
          <value>STA02</value>
          <label>Un poco</label>
        </box>
        <box>
          <tlx>1813</tlx>
          <tly>2997</tly>
          <brx>1872</brx>
          <bry>3056</bry>
          <value>STA03</value>
          <label>Bastante</label>
        </box>
        <box>
          <tlx>1967</tlx>
          <tly>2997</tly>
          <brx>2026</brx>
          <bry>3056</bry>
          <value>STA04</value>
          <label>Mucho</label>
        </box>
      </boxgroup>
      <boxgroup>
        <type>1</type>
        <width>5</width>
        <varname>STAIRasgo_STAIr18</varname>
        <sortorder>39</sortorder>
        <label>&lt;p style="text-align: justify;"&gt;Abajo aparecen algunas expresiones que la gente usa para describirse a si misma. Lea cada frase y marque el casillero que indique como se siente GENERALMENTE. No hay respuestas buenas o malas. No utilice mucho tiempo en cada frase, pero trate de dar la respuesta que mejor describa COMO SE SIENTE GENERALMENTE.&lt;/p&gt; : Me siento aturdido/a (confundido/a)</label>
        <groupsection idref="1"/>
        <box>
          <tlx>1506</tlx>
          <tly>3121</tly>
          <brx>1565</brx>
          <bry>3180</bry>
          <value>STA01</value>
          <label>Nada</label>
        </box>
        <box>
          <tlx>1659</tlx>
          <tly>3121</tly>
          <brx>1719</brx>
          <bry>3180</bry>
          <value>STA02</value>
          <label>Un poco</label>
        </box>
        <box>
          <tlx>1813</tlx>
          <tly>3121</tly>
          <brx>1872</brx>
          <bry>3180</bry>
          <value>STA03</value>
          <label>Bastante</label>
        </box>
        <box>
          <tlx>1967</tlx>
          <tly>3121</tly>
          <brx>2026</brx>
          <bry>3180</bry>
          <value>STA04</value>
          <label>Mucho</label>
        </box>
      </boxgroup>
      <boxgroup>
        <type>1</type>
        <width>5</width>
        <varname>STAIRasgo_STAIr19</varname>
        <sortorder>40</sortorder>
        <label>&lt;p style="text-align: justify;"&gt;Abajo aparecen algunas expresiones que la gente usa para describirse a si misma. Lea cada frase y marque el casillero que indique como se siente GENERALMENTE. No hay respuestas buenas o malas. No utilice mucho tiempo en cada frase, pero trate de dar la respuesta que mejor describa COMO SE SIENTE GENERALMENTE.&lt;/p&gt; : Me siento equilibrado/a</label>
        <groupsection idref="1"/>
        <box>
          <tlx>1506</tlx>
          <tly>3245</tly>
          <brx>1565</brx>
          <bry>3304</bry>
          <value>STA01</value>
          <label>Nada</label>
        </box>
        <box>
          <tlx>1659</tlx>
          <tly>3245</tly>
          <brx>1719</brx>
          <bry>3304</bry>
          <value>STA02</value>
          <label>Un poco</label>
        </box>
        <box>
          <tlx>1813</tlx>
          <tly>3245</tly>
          <brx>1872</brx>
          <bry>3304</bry>
          <value>STA03</value>
          <label>Bastante</label>
        </box>
        <box>
          <tlx>1967</tlx>
          <tly>3245</tly>
          <brx>2026</brx>
          <bry>3304</bry>
          <value>STA04</value>
          <label>Mucho</label>
        </box>
      </boxgroup>
    </page>
    <page>
      <id>38727703</id>
      <tlx>283</tlx>
      <tly>283</tly>
      <trx>2197</trx>
      <try>283</try>
      <brx>2197</brx>
      <bry>3224</bry>
      <blx>283</blx>
      <bly>3224</bly>
      <rotation>0</rotation>
      <boxgroup>
        <type>1</type>
        <width>5</width>
        <varname>STAIRasgo_STAIr20</varname>
        <sortorder>41</sortorder>
        <label>&lt;p style="text-align: justify;"&gt;Abajo aparecen algunas expresiones que la gente usa para describirse a si misma. Lea cada frase y marque el casillero que indique como se siente GENERALMENTE. No hay respuestas buenas o malas. No utilice mucho tiempo en cada frase, pero trate de dar la respuesta que mejor describa COMO SE SIENTE GENERALMENTE.&lt;/p&gt; : Me siento bien</label>
        <groupsection idref="1"/>
        <box>
          <tlx>1506</tlx>
          <tly>322</tly>
          <brx>1565</brx>
          <bry>381</bry>
          <value>STA01</value>
          <label>Nada</label>
        </box>
        <box>
          <tlx>1659</tlx>
          <tly>322</tly>
          <brx>1719</brx>
          <bry>381</bry>
          <value>STA02</value>
          <label>Un poco</label>
        </box>
        <box>
          <tlx>1813</tlx>
          <tly>322</tly>
          <brx>1872</brx>
          <bry>381</bry>
          <value>STA03</value>
          <label>Bastante</label>
        </box>
        <box>
          <tlx>1967</tlx>
          <tly>322</tly>
          <brx>2026</brx>
          <bry>381</bry>
          <value>STA04</value>
          <label>Mucho</label>
        </box>
      </boxgroup>
    </page>
  </questionnaire>
</queXF>
