<?xml version="1.0" encoding="UTF-8"?>
<questionnaire id="387277">
  <title>STAI</title>
  <investigator/>
  <dataCollector/>
  <section id="273">
    <sectionInfo>
      <position>title</position>
      <text>Preguntas</text>
      <administration>self</administration>
    </sectionInfo>
    <question>
      <text>RUT (sin puntos, guión ni dígito verificador. Ejemplo si el rut es 17.736.727-1 escribir 17736727):</text>
      <response varName="RUT">
        <free>
          <format>integer</format>
          <length>8</length>
          <label/>
        </free>
      </response>
    </question>
    <question>
      <text>&lt;p style="text-align: justify;"&gt;Abajo aparecen algunas expresiones que la gente usa para describirse a si misma. Lea cada frase y marque el casillero que indique como se siente ahora mismo o sea EN ESTE MOMENTO. No hay respuestas buenas o malas. No utilice mucho tiempo en cada frase, pero trate de dar la respuesta que mejor describa SUS SENTIMIENTOS AHORA .&lt;/p&gt;</text>
      <subQuestion varName="STAIEstado_STAIe01">
        <text>Me siento calmado/a</text>
      </subQuestion>
      <subQuestion varName="STAIEstado_STAIe02">
        <text>Me siento seguro/a</text>
      </subQuestion>
      <subQuestion varName="STAIEstado_STAIe03">
        <text>Estoy tenso/a</text>
      </subQuestion>
      <subQuestion varName="STAIEstado_STAIe04">
        <text>Me siento disgustado/a</text>
      </subQuestion>
      <subQuestion varName="STAIEstado_STAIe05">
        <text>Me  siento  a  “mis  anchas”</text>
      </subQuestion>
      <subQuestion varName="STAIEstado_STAIe06">
        <text>Me siento alterado/a</text>
      </subQuestion>
      <subQuestion varName="STAIEstado_STAIe07">
        <text>En este momento estoy preocupado/a por algún posible problema</text>
      </subQuestion>
      <subQuestion varName="STAIEstado_STAIe08">
        <text>Me siento satisfecho/a</text>
      </subQuestion>
      <subQuestion varName="STAIEstado_STAIe09">
        <text>Me siento asustado/a</text>
      </subQuestion>
      <subQuestion varName="STAIEstado_STAIe10">
        <text>Me siento cómodo/a</text>
      </subQuestion>
      <subQuestion varName="STAIEstado_STAIe11">
        <text>Tengo confianza en mi mismo</text>
      </subQuestion>
      <subQuestion varName="STAIEstado_STAIe12">
        <text>Me siento nervioso/a</text>
      </subQuestion>
      <subQuestion varName="STAIEstado_STAIe13">
        <text>Me siento agitado/a</text>
      </subQuestion>
      <subQuestion varName="STAIEstado_STAIe14">
        <text>Me siento indeciso/a</text>
      </subQuestion>
      <subQuestion varName="STAIEstado_STAIe15">
        <text>Me siento tranquilo/a</text>
      </subQuestion>
      <subQuestion varName="STAIEstado_STAIe16">
        <text>Me  siento  “a  gusto”</text>
      </subQuestion>
      <subQuestion varName="STAIEstado_STAIe17">
        <text>Estoy preocupado/a</text>
      </subQuestion>
      <subQuestion varName="STAIEstado_STAIe18">
        <text>Me siento aturdido/a (confundido/a)</text>
      </subQuestion>
      <subQuestion varName="STAIEstado_STAIe19">
        <text>Me siento equilibrado/a</text>
      </subQuestion>
      <subQuestion varName="STAIEstado_STAIe20">
        <text>Me siento bien</text>
      </subQuestion>
      <response varName="STAIEstado">
        <fixed>
          <category>
            <label>Nada</label>
            <value>STA01</value>
          </category>
          <category>
            <label>Un poco</label>
            <value>STA02</value>
          </category>
          <category>
            <label>Bastante</label>
            <value>STA03</value>
          </category>
          <category>
            <label>Mucho</label>
            <value>STA04</value>
          </category>
        </fixed>
      </response>
    </question>
    <question>
      <text>&lt;p style="text-align: justify;"&gt;Abajo aparecen algunas expresiones que la gente usa para describirse a si misma. Lea cada frase y marque el casillero que indique como se siente GENERALMENTE. No hay respuestas buenas o malas. No utilice mucho tiempo en cada frase, pero trate de dar la respuesta que mejor describa COMO SE SIENTE GENERALMENTE.&lt;/p&gt;</text>
      <subQuestion varName="STAIRasgo_STAIr01">
        <text>Me siento calmado/a</text>
      </subQuestion>
      <subQuestion varName="STAIRasgo_STAIr02">
        <text>Me siento seguro/a</text>
      </subQuestion>
      <subQuestion varName="STAIRasgo_STAIr03">
        <text>Estoy tenso/a</text>
      </subQuestion>
      <subQuestion varName="STAIRasgo_STAIr04">
        <text>Me siento disgustado/a</text>
      </subQuestion>
      <subQuestion varName="STAIRasgo_STAIr05">
        <text>Me  siento  a  “mis  anchas”</text>
      </subQuestion>
      <subQuestion varName="STAIRasgo_STAIr07">
        <text>Me siento alterado/a</text>
      </subQuestion>
      <subQuestion varName="STAIRasgo_STAIr06">
        <text>En este momento estoy preocupado/a por algún posible problema</text>
      </subQuestion>
      <subQuestion varName="STAIRasgo_STAIr08">
        <text>Me siento satisfecho/a</text>
      </subQuestion>
      <subQuestion varName="STAIRasgo_STAIr09">
        <text>Me siento asustado/a</text>
      </subQuestion>
      <subQuestion varName="STAIRasgo_STAIr10">
        <text>Me siento cómodo/a</text>
      </subQuestion>
      <subQuestion varName="STAIRasgo_STAIr11">
        <text>Tengo confianza en mi mismo/a</text>
      </subQuestion>
      <subQuestion varName="STAIRasgo_STAIr12">
        <text>Me siento nervioso/a</text>
      </subQuestion>
      <subQuestion varName="STAIRasgo_STAIr13">
        <text>Me siento agitado/a</text>
      </subQuestion>
      <subQuestion varName="STAIRasgo_STAIr14">
        <text>Me siento indeciso/a</text>
      </subQuestion>
      <subQuestion varName="STAIRasgo_STAIr15">
        <text>Me siento tranquilo/a</text>
      </subQuestion>
      <subQuestion varName="STAIRasgo_STAIr16">
        <text>Me  siento  “a  gusto”</text>
      </subQuestion>
      <subQuestion varName="STAIRasgo_STAIr17">
        <text>Estoy preocupado/a</text>
      </subQuestion>
      <subQuestion varName="STAIRasgo_STAIr18">
        <text>Me siento aturdido/a (confundido/a)</text>
      </subQuestion>
      <subQuestion varName="STAIRasgo_STAIr19">
        <text>Me siento equilibrado/a</text>
      </subQuestion>
      <subQuestion varName="STAIRasgo_STAIr20">
        <text>Me siento bien</text>
      </subQuestion>
      <response varName="STAIRasgo">
        <fixed>
          <category>
            <label>Nada</label>
            <value>STA01</value>
          </category>
          <category>
            <label>Un poco</label>
            <value>STA02</value>
          </category>
          <category>
            <label>Bastante</label>
            <value>STA03</value>
          </category>
          <category>
            <label>Mucho</label>
            <value>STA04</value>
          </category>
        </fixed>
      </response>
    </question>
  </section>
</questionnaire>
