<?xml version="1.0"?>
<queXF>
  <questionnaire>
    <id>771328</id>
    <section id="1">
      <label>Preguntas</label>
      <title>Section A</title>
    </section>
    <page>
      <id>77132801</id>
      <tlx>283</tlx>
      <tly>283</tly>
      <trx>2197</trx>
      <try>283</try>
      <brx>2197</brx>
      <bry>3224</bry>
      <blx>283</blx>
      <bly>3224</bly>
      <rotation>0</rotation>
      <boxgroup>
        <type>4</type>
        <width>8</width>
        <varname>RUT</varname>
        <sortorder>1</sortorder>
        <label>RUT (sin puntos, gui&#xF3;n ni d&#xED;gito verificador. Ejemplo si el rut es 17.736.727-1 escribir 17736727):</label>
        <groupsection idref="1"/>
        <box>
          <tlx>1515</tlx>
          <tly>509</tly>
          <brx>1586</brx>
          <bry>603</bry>
          <value></value>
          <label></label>
        </box>
        <box>
          <tlx>1588</tlx>
          <tly>509</tly>
          <brx>1659</brx>
          <bry>603</bry>
          <value></value>
          <label></label>
        </box>
        <box>
          <tlx>1661</tlx>
          <tly>509</tly>
          <brx>1731</brx>
          <bry>603</bry>
          <value></value>
          <label></label>
        </box>
        <box>
          <tlx>1733</tlx>
          <tly>509</tly>
          <brx>1804</brx>
          <bry>603</bry>
          <value></value>
          <label></label>
        </box>
        <box>
          <tlx>1806</tlx>
          <tly>509</tly>
          <brx>1877</brx>
          <bry>603</bry>
          <value></value>
          <label></label>
        </box>
        <box>
          <tlx>1879</tlx>
          <tly>509</tly>
          <brx>1949</brx>
          <bry>603</bry>
          <value></value>
          <label></label>
        </box>
        <box>
          <tlx>1951</tlx>
          <tly>509</tly>
          <brx>2022</brx>
          <bry>603</bry>
          <value></value>
          <label></label>
        </box>
        <box>
          <tlx>2024</tlx>
          <tly>509</tly>
          <brx>2095</brx>
          <bry>603</bry>
          <value></value>
          <label></label>
        </box>
      </boxgroup>
      <boxgroup>
        <type>1</type>
        <width>3</width>
        <varname>EP_EP01</varname>
        <sortorder>2</sortorder>
        <label>Las preguntas en esta escala hacen referencia a sus sentimientos y pensamientos durante el &#xFA;ltimo mes. En cada caso, por favor indique c&#xF3;mo usted se ha sentido o ha pensado en cada situaci&#xF3;n. : En el &#xFA;ltimo mes, &#xBF;con qu&#xE9; frecuencia ha estado afectado por algo que ha ocurrido inesperadamente?</label>
        <groupsection idref="1"/>
        <box>
          <tlx>1352</tlx>
          <tly>977</tly>
          <brx>1411</brx>
          <bry>1036</bry>
          <value>EP1</value>
          <label>Nunca</label>
        </box>
        <box>
          <tlx>1506</tlx>
          <tly>977</tly>
          <brx>1565</brx>
          <bry>1036</bry>
          <value>EP2</value>
          <label>Casi nunca</label>
        </box>
        <box>
          <tlx>1659</tlx>
          <tly>977</tly>
          <brx>1719</brx>
          <bry>1036</bry>
          <value>EP3</value>
          <label>De vez en cuando</label>
        </box>
        <box>
          <tlx>1813</tlx>
          <tly>977</tly>
          <brx>1872</brx>
          <bry>1036</bry>
          <value>EP4</value>
          <label>A menudo</label>
        </box>
        <box>
          <tlx>1967</tlx>
          <tly>977</tly>
          <brx>2026</brx>
          <bry>1036</bry>
          <value>EP5</value>
          <label>Muy a menudo</label>
        </box>
      </boxgroup>
      <boxgroup>
        <type>1</type>
        <width>3</width>
        <varname>EP_EP02</varname>
        <sortorder>3</sortorder>
        <label>Las preguntas en esta escala hacen referencia a sus sentimientos y pensamientos durante el &#xFA;ltimo mes. En cada caso, por favor indique c&#xF3;mo usted se ha sentido o ha pensado en cada situaci&#xF3;n. : En el &#xFA;ltimo mes, &#xBF;con qu&#xE9; frecuencia se ha sentido incapaz de controlar las cosas importantes en su vida?</label>
        <groupsection idref="1"/>
        <box>
          <tlx>1352</tlx>
          <tly>1101</tly>
          <brx>1411</brx>
          <bry>1160</bry>
          <value>EP1</value>
          <label>Nunca</label>
        </box>
        <box>
          <tlx>1506</tlx>
          <tly>1101</tly>
          <brx>1565</brx>
          <bry>1160</bry>
          <value>EP2</value>
          <label>Casi nunca</label>
        </box>
        <box>
          <tlx>1659</tlx>
          <tly>1101</tly>
          <brx>1719</brx>
          <bry>1160</bry>
          <value>EP3</value>
          <label>De vez en cuando</label>
        </box>
        <box>
          <tlx>1813</tlx>
          <tly>1101</tly>
          <brx>1872</brx>
          <bry>1160</bry>
          <value>EP4</value>
          <label>A menudo</label>
        </box>
        <box>
          <tlx>1967</tlx>
          <tly>1101</tly>
          <brx>2026</brx>
          <bry>1160</bry>
          <value>EP5</value>
          <label>Muy a menudo</label>
        </box>
      </boxgroup>
      <boxgroup>
        <type>1</type>
        <width>3</width>
        <varname>EP_EP03</varname>
        <sortorder>4</sortorder>
        <label>Las preguntas en esta escala hacen referencia a sus sentimientos y pensamientos durante el &#xFA;ltimo mes. En cada caso, por favor indique c&#xF3;mo usted se ha sentido o ha pensado en cada situaci&#xF3;n. : En el &#xFA;ltimo mes, &#xBF;con qu&#xE9; frecuencia se ha sentido nervioso o estresado?</label>
        <groupsection idref="1"/>
        <box>
          <tlx>1352</tlx>
          <tly>1225</tly>
          <brx>1411</brx>
          <bry>1284</bry>
          <value>EP1</value>
          <label>Nunca</label>
        </box>
        <box>
          <tlx>1506</tlx>
          <tly>1225</tly>
          <brx>1565</brx>
          <bry>1284</bry>
          <value>EP2</value>
          <label>Casi nunca</label>
        </box>
        <box>
          <tlx>1659</tlx>
          <tly>1225</tly>
          <brx>1719</brx>
          <bry>1284</bry>
          <value>EP3</value>
          <label>De vez en cuando</label>
        </box>
        <box>
          <tlx>1813</tlx>
          <tly>1225</tly>
          <brx>1872</brx>
          <bry>1284</bry>
          <value>EP4</value>
          <label>A menudo</label>
        </box>
        <box>
          <tlx>1967</tlx>
          <tly>1225</tly>
          <brx>2026</brx>
          <bry>1284</bry>
          <value>EP5</value>
          <label>Muy a menudo</label>
        </box>
      </boxgroup>
      <boxgroup>
        <type>1</type>
        <width>3</width>
        <varname>EP_EP04</varname>
        <sortorder>5</sortorder>
        <label>Las preguntas en esta escala hacen referencia a sus sentimientos y pensamientos durante el &#xFA;ltimo mes. En cada caso, por favor indique c&#xF3;mo usted se ha sentido o ha pensado en cada situaci&#xF3;n. : En el &#xFA;ltimo mes, &#xBF;con qu&#xE9; frecuencia ha manejado con &#xE9;xito los peque&#xF1;os problemas irritantes de la vida?</label>
        <groupsection idref="1"/>
        <box>
          <tlx>1352</tlx>
          <tly>1349</tly>
          <brx>1411</brx>
          <bry>1408</bry>
          <value>EP1</value>
          <label>Nunca</label>
        </box>
        <box>
          <tlx>1506</tlx>
          <tly>1349</tly>
          <brx>1565</brx>
          <bry>1408</bry>
          <value>EP2</value>
          <label>Casi nunca</label>
        </box>
        <box>
          <tlx>1659</tlx>
          <tly>1349</tly>
          <brx>1719</brx>
          <bry>1408</bry>
          <value>EP3</value>
          <label>De vez en cuando</label>
        </box>
        <box>
          <tlx>1813</tlx>
          <tly>1349</tly>
          <brx>1872</brx>
          <bry>1408</bry>
          <value>EP4</value>
          <label>A menudo</label>
        </box>
        <box>
          <tlx>1967</tlx>
          <tly>1349</tly>
          <brx>2026</brx>
          <bry>1408</bry>
          <value>EP5</value>
          <label>Muy a menudo</label>
        </box>
      </boxgroup>
      <boxgroup>
        <type>1</type>
        <width>3</width>
        <varname>EP_EP05</varname>
        <sortorder>6</sortorder>
        <label>Las preguntas en esta escala hacen referencia a sus sentimientos y pensamientos durante el &#xFA;ltimo mes. En cada caso, por favor indique c&#xF3;mo usted se ha sentido o ha pensado en cada situaci&#xF3;n. : En el &#xFA;ltimo mes, &#xBF;con qu&#xE9; frecuencia ha sentido que ha afrontado efectivamente los cambios importantes que han estado ocurriendo en su vida?</label>
        <groupsection idref="1"/>
        <box>
          <tlx>1352</tlx>
          <tly>1504</tly>
          <brx>1411</brx>
          <bry>1563</bry>
          <value>EP1</value>
          <label>Nunca</label>
        </box>
        <box>
          <tlx>1506</tlx>
          <tly>1504</tly>
          <brx>1565</brx>
          <bry>1563</bry>
          <value>EP2</value>
          <label>Casi nunca</label>
        </box>
        <box>
          <tlx>1659</tlx>
          <tly>1504</tly>
          <brx>1719</brx>
          <bry>1563</bry>
          <value>EP3</value>
          <label>De vez en cuando</label>
        </box>
        <box>
          <tlx>1813</tlx>
          <tly>1504</tly>
          <brx>1872</brx>
          <bry>1563</bry>
          <value>EP4</value>
          <label>A menudo</label>
        </box>
        <box>
          <tlx>1967</tlx>
          <tly>1504</tly>
          <brx>2026</brx>
          <bry>1563</bry>
          <value>EP5</value>
          <label>Muy a menudo</label>
        </box>
      </boxgroup>
      <boxgroup>
        <type>1</type>
        <width>3</width>
        <varname>EP_EP06</varname>
        <sortorder>7</sortorder>
        <label>Las preguntas en esta escala hacen referencia a sus sentimientos y pensamientos durante el &#xFA;ltimo mes. En cada caso, por favor indique c&#xF3;mo usted se ha sentido o ha pensado en cada situaci&#xF3;n. : En el &#xFA;ltimo mes, &#xBF;con qu&#xE9; frecuencia ha estado seguro sobre su capacidad para manejar sus problemas personales?</label>
        <groupsection idref="1"/>
        <box>
          <tlx>1352</tlx>
          <tly>1659</tly>
          <brx>1411</brx>
          <bry>1718</bry>
          <value>EP1</value>
          <label>Nunca</label>
        </box>
        <box>
          <tlx>1506</tlx>
          <tly>1659</tly>
          <brx>1565</brx>
          <bry>1718</bry>
          <value>EP2</value>
          <label>Casi nunca</label>
        </box>
        <box>
          <tlx>1659</tlx>
          <tly>1659</tly>
          <brx>1719</brx>
          <bry>1718</bry>
          <value>EP3</value>
          <label>De vez en cuando</label>
        </box>
        <box>
          <tlx>1813</tlx>
          <tly>1659</tly>
          <brx>1872</brx>
          <bry>1718</bry>
          <value>EP4</value>
          <label>A menudo</label>
        </box>
        <box>
          <tlx>1967</tlx>
          <tly>1659</tly>
          <brx>2026</brx>
          <bry>1718</bry>
          <value>EP5</value>
          <label>Muy a menudo</label>
        </box>
      </boxgroup>
      <boxgroup>
        <type>1</type>
        <width>3</width>
        <varname>EP_EP07</varname>
        <sortorder>8</sortorder>
        <label>Las preguntas en esta escala hacen referencia a sus sentimientos y pensamientos durante el &#xFA;ltimo mes. En cada caso, por favor indique c&#xF3;mo usted se ha sentido o ha pensado en cada situaci&#xF3;n. : En el &#xFA;ltimo mes, &#xBF;con qu&#xE9; frecuencia ha sentido que las cosas le van bien?</label>
        <groupsection idref="1"/>
        <box>
          <tlx>1352</tlx>
          <tly>1783</tly>
          <brx>1411</brx>
          <bry>1842</bry>
          <value>EP1</value>
          <label>Nunca</label>
        </box>
        <box>
          <tlx>1506</tlx>
          <tly>1783</tly>
          <brx>1565</brx>
          <bry>1842</bry>
          <value>EP2</value>
          <label>Casi nunca</label>
        </box>
        <box>
          <tlx>1659</tlx>
          <tly>1783</tly>
          <brx>1719</brx>
          <bry>1842</bry>
          <value>EP3</value>
          <label>De vez en cuando</label>
        </box>
        <box>
          <tlx>1813</tlx>
          <tly>1783</tly>
          <brx>1872</brx>
          <bry>1842</bry>
          <value>EP4</value>
          <label>A menudo</label>
        </box>
        <box>
          <tlx>1967</tlx>
          <tly>1783</tly>
          <brx>2026</brx>
          <bry>1842</bry>
          <value>EP5</value>
          <label>Muy a menudo</label>
        </box>
      </boxgroup>
      <boxgroup>
        <type>1</type>
        <width>3</width>
        <varname>EP2_EP08</varname>
        <sortorder>9</sortorder>
        <label>En el &#xFA;ltimo mes, &#xBF;con qu&#xE9; frecuencia ha sentido que no pod&#xED;a afrontar todas las cosas que ten&#xED;a que hacer?</label>
        <groupsection idref="1"/>
        <box>
          <tlx>1352</tlx>
          <tly>2099</tly>
          <brx>1411</brx>
          <bry>2158</bry>
          <value>EP1</value>
          <label>Nunca</label>
        </box>
        <box>
          <tlx>1506</tlx>
          <tly>2099</tly>
          <brx>1565</brx>
          <bry>2158</bry>
          <value>EP2</value>
          <label>Casi nunca</label>
        </box>
        <box>
          <tlx>1659</tlx>
          <tly>2099</tly>
          <brx>1719</brx>
          <bry>2158</bry>
          <value>EP3</value>
          <label>De vez en cuando</label>
        </box>
        <box>
          <tlx>1813</tlx>
          <tly>2099</tly>
          <brx>1872</brx>
          <bry>2158</bry>
          <value>EP4</value>
          <label>A menudo</label>
        </box>
        <box>
          <tlx>1967</tlx>
          <tly>2099</tly>
          <brx>2026</brx>
          <bry>2158</bry>
          <value>EP5</value>
          <label>Muy a menudo</label>
        </box>
      </boxgroup>
      <boxgroup>
        <type>1</type>
        <width>3</width>
        <varname>EP2_EP09</varname>
        <sortorder>10</sortorder>
        <label>En el &#xFA;ltimo mes, &#xBF;con qu&#xE9; frecuencia ha podido controlar las dificultades de su vida?</label>
        <groupsection idref="1"/>
        <box>
          <tlx>1352</tlx>
          <tly>2223</tly>
          <brx>1411</brx>
          <bry>2282</bry>
          <value>EP1</value>
          <label>Nunca</label>
        </box>
        <box>
          <tlx>1506</tlx>
          <tly>2223</tly>
          <brx>1565</brx>
          <bry>2282</bry>
          <value>EP2</value>
          <label>Casi nunca</label>
        </box>
        <box>
          <tlx>1659</tlx>
          <tly>2223</tly>
          <brx>1719</brx>
          <bry>2282</bry>
          <value>EP3</value>
          <label>De vez en cuando</label>
        </box>
        <box>
          <tlx>1813</tlx>
          <tly>2223</tly>
          <brx>1872</brx>
          <bry>2282</bry>
          <value>EP4</value>
          <label>A menudo</label>
        </box>
        <box>
          <tlx>1967</tlx>
          <tly>2223</tly>
          <brx>2026</brx>
          <bry>2282</bry>
          <value>EP5</value>
          <label>Muy a menudo</label>
        </box>
      </boxgroup>
      <boxgroup>
        <type>1</type>
        <width>3</width>
        <varname>EP2_EP10</varname>
        <sortorder>11</sortorder>
        <label>En el &#xFA;ltimo mes, &#xBF;con qu&#xE9; frecuencia se ha sentido al control de todo?</label>
        <groupsection idref="1"/>
        <box>
          <tlx>1352</tlx>
          <tly>2347</tly>
          <brx>1411</brx>
          <bry>2406</bry>
          <value>EP1</value>
          <label>Nunca</label>
        </box>
        <box>
          <tlx>1506</tlx>
          <tly>2347</tly>
          <brx>1565</brx>
          <bry>2406</bry>
          <value>EP2</value>
          <label>Casi nunca</label>
        </box>
        <box>
          <tlx>1659</tlx>
          <tly>2347</tly>
          <brx>1719</brx>
          <bry>2406</bry>
          <value>EP3</value>
          <label>De vez en cuando</label>
        </box>
        <box>
          <tlx>1813</tlx>
          <tly>2347</tly>
          <brx>1872</brx>
          <bry>2406</bry>
          <value>EP4</value>
          <label>A menudo</label>
        </box>
        <box>
          <tlx>1967</tlx>
          <tly>2347</tly>
          <brx>2026</brx>
          <bry>2406</bry>
          <value>EP5</value>
          <label>Muy a menudo</label>
        </box>
      </boxgroup>
      <boxgroup>
        <type>1</type>
        <width>3</width>
        <varname>EP2_EP11</varname>
        <sortorder>12</sortorder>
        <label>En el &#xFA;ltimo mes, &#xBF;con qu&#xE9; frecuencia ha estado enfadado porque las cosas que le han ocurrido estaban fuera de su control?</label>
        <groupsection idref="1"/>
        <box>
          <tlx>1352</tlx>
          <tly>2471</tly>
          <brx>1411</brx>
          <bry>2531</bry>
          <value>EP1</value>
          <label>Nunca</label>
        </box>
        <box>
          <tlx>1506</tlx>
          <tly>2471</tly>
          <brx>1565</brx>
          <bry>2531</bry>
          <value>EP2</value>
          <label>Casi nunca</label>
        </box>
        <box>
          <tlx>1659</tlx>
          <tly>2471</tly>
          <brx>1719</brx>
          <bry>2531</bry>
          <value>EP3</value>
          <label>De vez en cuando</label>
        </box>
        <box>
          <tlx>1813</tlx>
          <tly>2471</tly>
          <brx>1872</brx>
          <bry>2531</bry>
          <value>EP4</value>
          <label>A menudo</label>
        </box>
        <box>
          <tlx>1967</tlx>
          <tly>2471</tly>
          <brx>2026</brx>
          <bry>2531</bry>
          <value>EP5</value>
          <label>Muy a menudo</label>
        </box>
      </boxgroup>
      <boxgroup>
        <type>1</type>
        <width>3</width>
        <varname>EP2_EP12</varname>
        <sortorder>13</sortorder>
        <label>En el &#xFA;ltimo mes, &#xBF;con qu&#xE9; frecuencia ha pensado sobre las cosas que le quedan por lograr?</label>
        <groupsection idref="1"/>
        <box>
          <tlx>1352</tlx>
          <tly>2595</tly>
          <brx>1411</brx>
          <bry>2655</bry>
          <value>EP1</value>
          <label>Nunca</label>
        </box>
        <box>
          <tlx>1506</tlx>
          <tly>2595</tly>
          <brx>1565</brx>
          <bry>2655</bry>
          <value>EP2</value>
          <label>Casi nunca</label>
        </box>
        <box>
          <tlx>1659</tlx>
          <tly>2595</tly>
          <brx>1719</brx>
          <bry>2655</bry>
          <value>EP3</value>
          <label>De vez en cuando</label>
        </box>
        <box>
          <tlx>1813</tlx>
          <tly>2595</tly>
          <brx>1872</brx>
          <bry>2655</bry>
          <value>EP4</value>
          <label>A menudo</label>
        </box>
        <box>
          <tlx>1967</tlx>
          <tly>2595</tly>
          <brx>2026</brx>
          <bry>2655</bry>
          <value>EP5</value>
          <label>Muy a menudo</label>
        </box>
      </boxgroup>
      <boxgroup>
        <type>1</type>
        <width>3</width>
        <varname>EP2_EP13</varname>
        <sortorder>14</sortorder>
        <label>En el &#xFA;ltimo mes, &#xBF;con qu&#xE9; frecuencia ha podido controlar la forma de pasar el tiempo?</label>
        <groupsection idref="1"/>
        <box>
          <tlx>1352</tlx>
          <tly>2719</tly>
          <brx>1411</brx>
          <bry>2779</bry>
          <value>EP1</value>
          <label>Nunca</label>
        </box>
        <box>
          <tlx>1506</tlx>
          <tly>2719</tly>
          <brx>1565</brx>
          <bry>2779</bry>
          <value>EP2</value>
          <label>Casi nunca</label>
        </box>
        <box>
          <tlx>1659</tlx>
          <tly>2719</tly>
          <brx>1719</brx>
          <bry>2779</bry>
          <value>EP3</value>
          <label>De vez en cuando</label>
        </box>
        <box>
          <tlx>1813</tlx>
          <tly>2719</tly>
          <brx>1872</brx>
          <bry>2779</bry>
          <value>EP4</value>
          <label>A menudo</label>
        </box>
        <box>
          <tlx>1967</tlx>
          <tly>2719</tly>
          <brx>2026</brx>
          <bry>2779</bry>
          <value>EP5</value>
          <label>Muy a menudo</label>
        </box>
      </boxgroup>
      <boxgroup>
        <type>1</type>
        <width>3</width>
        <varname>EP2_EP14</varname>
        <sortorder>15</sortorder>
        <label>En el &#xFA;ltimo mes, &#xBF;con qu&#xE9; frecuencia ha sentido que las dificultades se acumulan tanto que no puede superarlas?</label>
        <groupsection idref="1"/>
        <box>
          <tlx>1352</tlx>
          <tly>2844</tly>
          <brx>1411</brx>
          <bry>2903</bry>
          <value>EP1</value>
          <label>Nunca</label>
        </box>
        <box>
          <tlx>1506</tlx>
          <tly>2844</tly>
          <brx>1565</brx>
          <bry>2903</bry>
          <value>EP2</value>
          <label>Casi nunca</label>
        </box>
        <box>
          <tlx>1659</tlx>
          <tly>2844</tly>
          <brx>1719</brx>
          <bry>2903</bry>
          <value>EP3</value>
          <label>De vez en cuando</label>
        </box>
        <box>
          <tlx>1813</tlx>
          <tly>2844</tly>
          <brx>1872</brx>
          <bry>2903</bry>
          <value>EP4</value>
          <label>A menudo</label>
        </box>
        <box>
          <tlx>1967</tlx>
          <tly>2844</tly>
          <brx>2026</brx>
          <bry>2903</bry>
          <value>EP5</value>
          <label>Muy a menudo</label>
        </box>
      </boxgroup>
    </page>
  </questionnaire>
</queXF>
