<?xml version="1.0" encoding="UTF-8"?>
<questionnaire id="771328">
  <title>Estres percibido</title>
  <investigator/>
  <dataCollector/>
  <section id="217">
    <sectionInfo>
      <position>title</position>
      <text>Preguntas</text>
      <administration>self</administration>
    </sectionInfo>
    <question>
      <text>RUT (sin puntos, guión ni dígito verificador. Ejemplo si el rut es 17.736.727-1 escribir 17736727):</text>
      <response varName="RUT">
        <free>
          <format>integer</format>
          <length>8</length>
          <label/>
        </free>
      </response>
    </question>
    <question>
      <text>Las preguntas en esta escala hacen referencia a sus sentimientos y pensamientos durante el último mes. En cada caso, por favor indique cómo usted se ha sentido o ha pensado en cada situación.</text>
      <subQuestion varName="EP_EP01">
        <text>En el último mes, ¿con qué frecuencia ha estado afectado por algo que ha ocurrido inesperadamente?</text>
      </subQuestion>
      <subQuestion varName="EP_EP02">
        <text>En el último mes, ¿con qué frecuencia se ha sentido incapaz de controlar las cosas importantes en su vida?</text>
      </subQuestion>
      <subQuestion varName="EP_EP03">
        <text>En el último mes, ¿con qué frecuencia se ha sentido nervioso o estresado?</text>
      </subQuestion>
      <subQuestion varName="EP_EP04">
        <text>En el último mes, ¿con qué frecuencia ha manejado con éxito los pequeños problemas irritantes de la vida?</text>
      </subQuestion>
      <subQuestion varName="EP_EP05">
        <text>En el último mes, ¿con qué frecuencia ha sentido que ha afrontado efectivamente los cambios importantes que han estado ocurriendo en su vida?</text>
      </subQuestion>
      <subQuestion varName="EP_EP06">
        <text>En el último mes, ¿con qué frecuencia ha estado seguro sobre su capacidad para manejar sus problemas personales?</text>
      </subQuestion>
      <subQuestion varName="EP_EP07">
        <text>En el último mes, ¿con qué frecuencia ha sentido que las cosas le van bien?</text>
      </subQuestion>
      <response varName="EP">
        <fixed>
          <category>
            <label>Nunca</label>
            <value>EP1</value>
          </category>
          <category>
            <label>Casi nunca</label>
            <value>EP2</value>
          </category>
          <category>
            <label>De vez en cuando</label>
            <value>EP3</value>
          </category>
          <category>
            <label>A menudo</label>
            <value>EP4</value>
          </category>
          <category>
            <label>Muy a menudo</label>
            <value>EP5</value>
          </category>
        </fixed>
      </response>
    </question>
    <question>
      <subQuestion varName="EP2_EP08">
        <text>En el último mes, ¿con qué frecuencia ha sentido que no podía afrontar todas las cosas que tenía que hacer?</text>
      </subQuestion>
      <subQuestion varName="EP2_EP09">
        <text>En el último mes, ¿con qué frecuencia ha podido controlar las dificultades de su vida?</text>
      </subQuestion>
      <subQuestion varName="EP2_EP10">
        <text>En el último mes, ¿con qué frecuencia se ha sentido al control de todo?</text>
      </subQuestion>
      <subQuestion varName="EP2_EP11">
        <text>En el último mes, ¿con qué frecuencia ha estado enfadado porque las cosas que le han ocurrido estaban fuera de su control?</text>
      </subQuestion>
      <subQuestion varName="EP2_EP12">
        <text>En el último mes, ¿con qué frecuencia ha pensado sobre las cosas que le quedan por lograr?</text>
      </subQuestion>
      <subQuestion varName="EP2_EP13">
        <text>En el último mes, ¿con qué frecuencia ha podido controlar la forma de pasar el tiempo?</text>
      </subQuestion>
      <subQuestion varName="EP2_EP14">
        <text>En el último mes, ¿con qué frecuencia ha sentido que las dificultades se acumulan tanto que no puede superarlas?</text>
      </subQuestion>
      <response varName="EP2">
        <fixed>
          <category>
            <label>Nunca</label>
            <value>EP1</value>
          </category>
          <category>
            <label>Casi nunca</label>
            <value>EP2</value>
          </category>
          <category>
            <label>De vez en cuando</label>
            <value>EP3</value>
          </category>
          <category>
            <label>A menudo</label>
            <value>EP4</value>
          </category>
          <category>
            <label>Muy a menudo</label>
            <value>EP5</value>
          </category>
        </fixed>
      </response>
    </question>
  </section>
</questionnaire>
