<?xml version="1.0" encoding="UTF-8"?>
<questionnaire id="364929">
  <title>Personalidad</title>
  <investigator/>
  <dataCollector/>
  <section id="221">
    <sectionInfo>
      <position>title</position>
      <text>Preguntas</text>
      <administration>self</administration>
    </sectionInfo>
    <question>
      <text>RUT (sin puntos, guión ni dígito verificador. Ejemplo si el rut es 17.736.727-1 escribir 17736727):</text>
      <response varName="RUT">
        <free>
          <format>integer</format>
          <length>8</length>
          <label/>
        </free>
      </response>
    </question>
    <question>
      <text>Trabaje rápidamente y no piense demasiado en el significado exacto de las preguntas</text>
      <subQuestion varName="Perso_Pers01">
        <text>¿Es una persona conversadora?</text>
      </subQuestion>
      <subQuestion varName="Perso_Pers02">
        <text>¿Su estado de ánimo sufre altibajos con frecuencia?</text>
      </subQuestion>
      <subQuestion varName="Perso_Pers03">
        <text>¿Es usted una persona más bien animada o vital?</text>
      </subQuestion>
      <subQuestion varName="Perso_Pers04">
        <text>¿Se siente a veces desdichado sin motivo?</text>
      </subQuestion>
      <subQuestion varName="Perso_Pers05">
        <text>¿Tiene muchos amigos?</text>
      </subQuestion>
      <subQuestion varName="Perso_Pers06">
        <text>¿Es una persona irritable?</text>
      </subQuestion>
      <subQuestion varName="Perso_Pers07">
        <text>¿Habitualmente, es capaz de liberarse y disfrutar en una fiesta animada?</text>
      </subQuestion>
      <subQuestion varName="Perso_Pers08">
        <text>¿Se siente fácilmente herido en sus sentimientos?</text>
      </subQuestion>
      <subQuestion varName="Perso_Pers09">
        <text>¿Generalmente toma iniciativas al hacer nuevas amistades?</text>
      </subQuestion>
      <response varName="Perso">
        <fixed>
          <category>
            <label>Casi nunca</label>
            <value>Pers1</value>
          </category>
          <category>
            <label>Poco</label>
            <value>Pers2</value>
          </category>
          <category>
            <label>Más o menos</label>
            <value>Pers3</value>
          </category>
          <category>
            <label>Seguido</label>
            <value>Pers4</value>
          </category>
          <category>
            <label>Casi siempre</label>
            <value>Pers5</value>
          </category>
        </fixed>
      </response>
    </question>
    <question>
      <subQuestion varName="Perso2_Pers10">
        <text>¿A menudo siente harto(a) o hastiado(a)?</text>
      </subQuestion>
      <subQuestion varName="Perso2_Pers11">
        <text>¿Puede animar fácilmente una fiesta aburrida?</text>
      </subQuestion>
      <subQuestion varName="Perso2_Pers12">
        <text>¿Diría de sí mismo que es una persona tensa o muy nerviosa?</text>
      </subQuestion>
      <subQuestion varName="Perso2_Pers13">
        <text>¿Tiende a mantenerse apartado(a) en las situaciones sociales?</text>
      </subQuestion>
      <subQuestion varName="Perso2_Pers14">
        <text>¿Se preocupa a menudo por cosas que no debería haber hecho o dicho?</text>
      </subQuestion>
      <subQuestion varName="Perso2_Pers15">
        <text>¿Le gusta mezclarse con la gente?</text>
      </subQuestion>
      <subQuestion varName="Perso2_Pers16">
        <text>¿Diría de sí mismo que es una persona nerviosa?</text>
      </subQuestion>
      <subQuestion varName="Perso2_Pers17">
        <text>¿Le gusta el bullicio y la agitación a su alrededor?</text>
      </subQuestion>
      <subQuestion varName="Perso2_Pers18">
        <text>¿Después de una experiencia embarazosa, se siente preocupado durante mucho tiempo?</text>
      </subQuestion>
      <subQuestion varName="Perso2_Pers19">
        <text>Por lo general, ¿suele estar callado/a cuando esta con otras personas?</text>
      </subQuestion>
      <response varName="Perso2">
        <fixed>
          <category>
            <label>Casi nunca</label>
            <value>Pers1</value>
          </category>
          <category>
            <label>Poco</label>
            <value>Pers2</value>
          </category>
          <category>
            <label>Más o menos</label>
            <value>Pers3</value>
          </category>
          <category>
            <label>Seguido</label>
            <value>Pers4</value>
          </category>
          <category>
            <label>Casi siempre</label>
            <value>Pers5</value>
          </category>
        </fixed>
      </response>
    </question>
    <question>
      <subQuestion varName="Perso3_Pers20">
        <text>¿Sufre de los “nervios”?</text>
      </subQuestion>
      <subQuestion varName="Perso3_Pers21">
        <text>¿La gente piensa que usted es una persona animada?</text>
      </subQuestion>
      <subQuestion varName="Perso3_Pers22">
        <text>¿A menudo se siente solo?</text>
      </subQuestion>
      <subQuestion varName="Perso3_Pers23">
        <text>¿Puede organizar y conducir una fiesta?</text>
      </subQuestion>
      <subQuestion varName="Perso3_Pers24">
        <text>¿Tiene a menudo sentimientos de culpabilidad?</text>
      </subQuestion>
      <subQuestion varName="Perso3_Pers25">
        <text>¿Le gusta contar chistes o historias divertidas a sus amigos?</text>
      </subQuestion>
      <subQuestion varName="Perso3_Pers26">
        <text>¿Es usted una persona que sufre con facilidad?</text>
      </subQuestion>
      <subQuestion varName="Perso3_Pers27">
        <text>¿Le gusta salir a menudo?</text>
      </subQuestion>
      <subQuestion varName="Perso3_Pers28">
        <text>¿Se siente a menudo apático/a y cansado/a sin motivo?</text>
      </subQuestion>
      <subQuestion varName="Perso3_Pers29">
        <text>¿A menudo siente que la vida es muy monótona?</text>
      </subQuestion>
      <response varName="Perso3">
        <fixed>
          <category>
            <label>Casi nunca</label>
            <value>Pers1</value>
          </category>
          <category>
            <label>Poco</label>
            <value>Pers2</value>
          </category>
          <category>
            <label>Más o menos</label>
            <value>Pers3</value>
          </category>
          <category>
            <label>Seguido</label>
            <value>Pers4</value>
          </category>
          <category>
            <label>Casi siempre</label>
            <value>Pers5</value>
          </category>
        </fixed>
      </response>
    </question>
  </section>
</questionnaire>
