<?xml version="1.0"?>
<queXF>
  <questionnaire>
    <id>364929</id>
    <section id="1">
      <label>Preguntas</label>
      <title>Section A</title>
    </section>
    <page>
      <id>36492901</id>
      <tlx>283</tlx>
      <tly>283</tly>
      <trx>2197</trx>
      <try>283</try>
      <brx>2197</brx>
      <bry>3224</bry>
      <blx>283</blx>
      <bly>3224</bly>
      <rotation>0</rotation>
      <boxgroup>
        <type>4</type>
        <width>8</width>
        <varname>RUT</varname>
        <sortorder>1</sortorder>
        <label>RUT (sin puntos, gui&#xF3;n ni d&#xED;gito verificador. Ejemplo si el rut es 17.736.727-1 escribir 17736727):</label>
        <groupsection idref="1"/>
        <box>
          <tlx>1515</tlx>
          <tly>509</tly>
          <brx>1586</brx>
          <bry>603</bry>
          <value></value>
          <label></label>
        </box>
        <box>
          <tlx>1588</tlx>
          <tly>509</tly>
          <brx>1659</brx>
          <bry>603</bry>
          <value></value>
          <label></label>
        </box>
        <box>
          <tlx>1661</tlx>
          <tly>509</tly>
          <brx>1731</brx>
          <bry>603</bry>
          <value></value>
          <label></label>
        </box>
        <box>
          <tlx>1733</tlx>
          <tly>509</tly>
          <brx>1804</brx>
          <bry>603</bry>
          <value></value>
          <label></label>
        </box>
        <box>
          <tlx>1806</tlx>
          <tly>509</tly>
          <brx>1877</brx>
          <bry>603</bry>
          <value></value>
          <label></label>
        </box>
        <box>
          <tlx>1879</tlx>
          <tly>509</tly>
          <brx>1949</brx>
          <bry>603</bry>
          <value></value>
          <label></label>
        </box>
        <box>
          <tlx>1951</tlx>
          <tly>509</tly>
          <brx>2022</brx>
          <bry>603</bry>
          <value></value>
          <label></label>
        </box>
        <box>
          <tlx>2024</tlx>
          <tly>509</tly>
          <brx>2095</brx>
          <bry>603</bry>
          <value></value>
          <label></label>
        </box>
      </boxgroup>
      <boxgroup>
        <type>1</type>
        <width>5</width>
        <varname>Perso_Pers01</varname>
        <sortorder>2</sortorder>
        <label>Trabaje r&#xE1;pidamente y no piense demasiado en el significado exacto de las preguntas : &#xBF;Es una persona conversadora?</label>
        <groupsection idref="1"/>
        <box>
          <tlx>1352</tlx>
          <tly>914</tly>
          <brx>1411</brx>
          <bry>973</bry>
          <value>Pers1</value>
          <label>Casi nunca</label>
        </box>
        <box>
          <tlx>1506</tlx>
          <tly>914</tly>
          <brx>1565</brx>
          <bry>973</bry>
          <value>Pers2</value>
          <label>Poco</label>
        </box>
        <box>
          <tlx>1659</tlx>
          <tly>914</tly>
          <brx>1719</brx>
          <bry>973</bry>
          <value>Pers3</value>
          <label>M&#xE1;s o menos</label>
        </box>
        <box>
          <tlx>1813</tlx>
          <tly>914</tly>
          <brx>1872</brx>
          <bry>973</bry>
          <value>Pers4</value>
          <label>Seguido</label>
        </box>
        <box>
          <tlx>1967</tlx>
          <tly>914</tly>
          <brx>2026</brx>
          <bry>973</bry>
          <value>Pers5</value>
          <label>Casi siempre</label>
        </box>
      </boxgroup>
      <boxgroup>
        <type>1</type>
        <width>5</width>
        <varname>Perso_Pers02</varname>
        <sortorder>3</sortorder>
        <label>Trabaje r&#xE1;pidamente y no piense demasiado en el significado exacto de las preguntas : &#xBF;Su estado de &#xE1;nimo sufre altibajos con frecuencia?</label>
        <groupsection idref="1"/>
        <box>
          <tlx>1352</tlx>
          <tly>1038</tly>
          <brx>1411</brx>
          <bry>1097</bry>
          <value>Pers1</value>
          <label>Casi nunca</label>
        </box>
        <box>
          <tlx>1506</tlx>
          <tly>1038</tly>
          <brx>1565</brx>
          <bry>1097</bry>
          <value>Pers2</value>
          <label>Poco</label>
        </box>
        <box>
          <tlx>1659</tlx>
          <tly>1038</tly>
          <brx>1719</brx>
          <bry>1097</bry>
          <value>Pers3</value>
          <label>M&#xE1;s o menos</label>
        </box>
        <box>
          <tlx>1813</tlx>
          <tly>1038</tly>
          <brx>1872</brx>
          <bry>1097</bry>
          <value>Pers4</value>
          <label>Seguido</label>
        </box>
        <box>
          <tlx>1967</tlx>
          <tly>1038</tly>
          <brx>2026</brx>
          <bry>1097</bry>
          <value>Pers5</value>
          <label>Casi siempre</label>
        </box>
      </boxgroup>
      <boxgroup>
        <type>1</type>
        <width>5</width>
        <varname>Perso_Pers03</varname>
        <sortorder>4</sortorder>
        <label>Trabaje r&#xE1;pidamente y no piense demasiado en el significado exacto de las preguntas : &#xBF;Es usted una persona m&#xE1;s bien animada o vital?</label>
        <groupsection idref="1"/>
        <box>
          <tlx>1352</tlx>
          <tly>1162</tly>
          <brx>1411</brx>
          <bry>1221</bry>
          <value>Pers1</value>
          <label>Casi nunca</label>
        </box>
        <box>
          <tlx>1506</tlx>
          <tly>1162</tly>
          <brx>1565</brx>
          <bry>1221</bry>
          <value>Pers2</value>
          <label>Poco</label>
        </box>
        <box>
          <tlx>1659</tlx>
          <tly>1162</tly>
          <brx>1719</brx>
          <bry>1221</bry>
          <value>Pers3</value>
          <label>M&#xE1;s o menos</label>
        </box>
        <box>
          <tlx>1813</tlx>
          <tly>1162</tly>
          <brx>1872</brx>
          <bry>1221</bry>
          <value>Pers4</value>
          <label>Seguido</label>
        </box>
        <box>
          <tlx>1967</tlx>
          <tly>1162</tly>
          <brx>2026</brx>
          <bry>1221</bry>
          <value>Pers5</value>
          <label>Casi siempre</label>
        </box>
      </boxgroup>
      <boxgroup>
        <type>1</type>
        <width>5</width>
        <varname>Perso_Pers04</varname>
        <sortorder>5</sortorder>
        <label>Trabaje r&#xE1;pidamente y no piense demasiado en el significado exacto de las preguntas : &#xBF;Se siente a veces desdichado sin motivo?</label>
        <groupsection idref="1"/>
        <box>
          <tlx>1352</tlx>
          <tly>1286</tly>
          <brx>1411</brx>
          <bry>1345</bry>
          <value>Pers1</value>
          <label>Casi nunca</label>
        </box>
        <box>
          <tlx>1506</tlx>
          <tly>1286</tly>
          <brx>1565</brx>
          <bry>1345</bry>
          <value>Pers2</value>
          <label>Poco</label>
        </box>
        <box>
          <tlx>1659</tlx>
          <tly>1286</tly>
          <brx>1719</brx>
          <bry>1345</bry>
          <value>Pers3</value>
          <label>M&#xE1;s o menos</label>
        </box>
        <box>
          <tlx>1813</tlx>
          <tly>1286</tly>
          <brx>1872</brx>
          <bry>1345</bry>
          <value>Pers4</value>
          <label>Seguido</label>
        </box>
        <box>
          <tlx>1967</tlx>
          <tly>1286</tly>
          <brx>2026</brx>
          <bry>1345</bry>
          <value>Pers5</value>
          <label>Casi siempre</label>
        </box>
      </boxgroup>
      <boxgroup>
        <type>1</type>
        <width>5</width>
        <varname>Perso_Pers05</varname>
        <sortorder>6</sortorder>
        <label>Trabaje r&#xE1;pidamente y no piense demasiado en el significado exacto de las preguntas : &#xBF;Tiene muchos amigos?</label>
        <groupsection idref="1"/>
        <box>
          <tlx>1352</tlx>
          <tly>1410</tly>
          <brx>1411</brx>
          <bry>1469</bry>
          <value>Pers1</value>
          <label>Casi nunca</label>
        </box>
        <box>
          <tlx>1506</tlx>
          <tly>1410</tly>
          <brx>1565</brx>
          <bry>1469</bry>
          <value>Pers2</value>
          <label>Poco</label>
        </box>
        <box>
          <tlx>1659</tlx>
          <tly>1410</tly>
          <brx>1719</brx>
          <bry>1469</bry>
          <value>Pers3</value>
          <label>M&#xE1;s o menos</label>
        </box>
        <box>
          <tlx>1813</tlx>
          <tly>1410</tly>
          <brx>1872</brx>
          <bry>1469</bry>
          <value>Pers4</value>
          <label>Seguido</label>
        </box>
        <box>
          <tlx>1967</tlx>
          <tly>1410</tly>
          <brx>2026</brx>
          <bry>1469</bry>
          <value>Pers5</value>
          <label>Casi siempre</label>
        </box>
      </boxgroup>
      <boxgroup>
        <type>1</type>
        <width>5</width>
        <varname>Perso_Pers06</varname>
        <sortorder>7</sortorder>
        <label>Trabaje r&#xE1;pidamente y no piense demasiado en el significado exacto de las preguntas : &#xBF;Es una persona irritable?</label>
        <groupsection idref="1"/>
        <box>
          <tlx>1352</tlx>
          <tly>1534</tly>
          <brx>1411</brx>
          <bry>1594</bry>
          <value>Pers1</value>
          <label>Casi nunca</label>
        </box>
        <box>
          <tlx>1506</tlx>
          <tly>1534</tly>
          <brx>1565</brx>
          <bry>1594</bry>
          <value>Pers2</value>
          <label>Poco</label>
        </box>
        <box>
          <tlx>1659</tlx>
          <tly>1534</tly>
          <brx>1719</brx>
          <bry>1594</bry>
          <value>Pers3</value>
          <label>M&#xE1;s o menos</label>
        </box>
        <box>
          <tlx>1813</tlx>
          <tly>1534</tly>
          <brx>1872</brx>
          <bry>1594</bry>
          <value>Pers4</value>
          <label>Seguido</label>
        </box>
        <box>
          <tlx>1967</tlx>
          <tly>1534</tly>
          <brx>2026</brx>
          <bry>1594</bry>
          <value>Pers5</value>
          <label>Casi siempre</label>
        </box>
      </boxgroup>
      <boxgroup>
        <type>1</type>
        <width>5</width>
        <varname>Perso_Pers07</varname>
        <sortorder>8</sortorder>
        <label>Trabaje r&#xE1;pidamente y no piense demasiado en el significado exacto de las preguntas : &#xBF;Habitualmente, es capaz de liberarse y disfrutar en una fiesta animada?</label>
        <groupsection idref="1"/>
        <box>
          <tlx>1352</tlx>
          <tly>1658</tly>
          <brx>1411</brx>
          <bry>1718</bry>
          <value>Pers1</value>
          <label>Casi nunca</label>
        </box>
        <box>
          <tlx>1506</tlx>
          <tly>1658</tly>
          <brx>1565</brx>
          <bry>1718</bry>
          <value>Pers2</value>
          <label>Poco</label>
        </box>
        <box>
          <tlx>1659</tlx>
          <tly>1658</tly>
          <brx>1719</brx>
          <bry>1718</bry>
          <value>Pers3</value>
          <label>M&#xE1;s o menos</label>
        </box>
        <box>
          <tlx>1813</tlx>
          <tly>1658</tly>
          <brx>1872</brx>
          <bry>1718</bry>
          <value>Pers4</value>
          <label>Seguido</label>
        </box>
        <box>
          <tlx>1967</tlx>
          <tly>1658</tly>
          <brx>2026</brx>
          <bry>1718</bry>
          <value>Pers5</value>
          <label>Casi siempre</label>
        </box>
      </boxgroup>
      <boxgroup>
        <type>1</type>
        <width>5</width>
        <varname>Perso_Pers08</varname>
        <sortorder>9</sortorder>
        <label>Trabaje r&#xE1;pidamente y no piense demasiado en el significado exacto de las preguntas : &#xBF;Se siente f&#xE1;cilmente herido en sus sentimientos?</label>
        <groupsection idref="1"/>
        <box>
          <tlx>1352</tlx>
          <tly>1782</tly>
          <brx>1411</brx>
          <bry>1842</bry>
          <value>Pers1</value>
          <label>Casi nunca</label>
        </box>
        <box>
          <tlx>1506</tlx>
          <tly>1782</tly>
          <brx>1565</brx>
          <bry>1842</bry>
          <value>Pers2</value>
          <label>Poco</label>
        </box>
        <box>
          <tlx>1659</tlx>
          <tly>1782</tly>
          <brx>1719</brx>
          <bry>1842</bry>
          <value>Pers3</value>
          <label>M&#xE1;s o menos</label>
        </box>
        <box>
          <tlx>1813</tlx>
          <tly>1782</tly>
          <brx>1872</brx>
          <bry>1842</bry>
          <value>Pers4</value>
          <label>Seguido</label>
        </box>
        <box>
          <tlx>1967</tlx>
          <tly>1782</tly>
          <brx>2026</brx>
          <bry>1842</bry>
          <value>Pers5</value>
          <label>Casi siempre</label>
        </box>
      </boxgroup>
      <boxgroup>
        <type>1</type>
        <width>5</width>
        <varname>Perso_Pers09</varname>
        <sortorder>10</sortorder>
        <label>Trabaje r&#xE1;pidamente y no piense demasiado en el significado exacto de las preguntas : &#xBF;Generalmente toma iniciativas al hacer nuevas amistades?</label>
        <groupsection idref="1"/>
        <box>
          <tlx>1352</tlx>
          <tly>1906</tly>
          <brx>1411</brx>
          <bry>1966</bry>
          <value>Pers1</value>
          <label>Casi nunca</label>
        </box>
        <box>
          <tlx>1506</tlx>
          <tly>1906</tly>
          <brx>1565</brx>
          <bry>1966</bry>
          <value>Pers2</value>
          <label>Poco</label>
        </box>
        <box>
          <tlx>1659</tlx>
          <tly>1906</tly>
          <brx>1719</brx>
          <bry>1966</bry>
          <value>Pers3</value>
          <label>M&#xE1;s o menos</label>
        </box>
        <box>
          <tlx>1813</tlx>
          <tly>1906</tly>
          <brx>1872</brx>
          <bry>1966</bry>
          <value>Pers4</value>
          <label>Seguido</label>
        </box>
        <box>
          <tlx>1967</tlx>
          <tly>1906</tly>
          <brx>2026</brx>
          <bry>1966</bry>
          <value>Pers5</value>
          <label>Casi siempre</label>
        </box>
      </boxgroup>
      <boxgroup>
        <type>1</type>
        <width>5</width>
        <varname>Perso2_Pers10</varname>
        <sortorder>11</sortorder>
        <label>&#xBF;A menudo siente harto(a) o hastiado(a)?</label>
        <groupsection idref="1"/>
        <box>
          <tlx>1352</tlx>
          <tly>2223</tly>
          <brx>1411</brx>
          <bry>2282</bry>
          <value>Pers1</value>
          <label>Casi nunca</label>
        </box>
        <box>
          <tlx>1506</tlx>
          <tly>2223</tly>
          <brx>1565</brx>
          <bry>2282</bry>
          <value>Pers2</value>
          <label>Poco</label>
        </box>
        <box>
          <tlx>1659</tlx>
          <tly>2223</tly>
          <brx>1719</brx>
          <bry>2282</bry>
          <value>Pers3</value>
          <label>M&#xE1;s o menos</label>
        </box>
        <box>
          <tlx>1813</tlx>
          <tly>2223</tly>
          <brx>1872</brx>
          <bry>2282</bry>
          <value>Pers4</value>
          <label>Seguido</label>
        </box>
        <box>
          <tlx>1967</tlx>
          <tly>2223</tly>
          <brx>2026</brx>
          <bry>2282</bry>
          <value>Pers5</value>
          <label>Casi siempre</label>
        </box>
      </boxgroup>
      <boxgroup>
        <type>1</type>
        <width>5</width>
        <varname>Perso2_Pers11</varname>
        <sortorder>12</sortorder>
        <label>&#xBF;Puede animar f&#xE1;cilmente una fiesta aburrida?</label>
        <groupsection idref="1"/>
        <box>
          <tlx>1352</tlx>
          <tly>2347</tly>
          <brx>1411</brx>
          <bry>2406</bry>
          <value>Pers1</value>
          <label>Casi nunca</label>
        </box>
        <box>
          <tlx>1506</tlx>
          <tly>2347</tly>
          <brx>1565</brx>
          <bry>2406</bry>
          <value>Pers2</value>
          <label>Poco</label>
        </box>
        <box>
          <tlx>1659</tlx>
          <tly>2347</tly>
          <brx>1719</brx>
          <bry>2406</bry>
          <value>Pers3</value>
          <label>M&#xE1;s o menos</label>
        </box>
        <box>
          <tlx>1813</tlx>
          <tly>2347</tly>
          <brx>1872</brx>
          <bry>2406</bry>
          <value>Pers4</value>
          <label>Seguido</label>
        </box>
        <box>
          <tlx>1967</tlx>
          <tly>2347</tly>
          <brx>2026</brx>
          <bry>2406</bry>
          <value>Pers5</value>
          <label>Casi siempre</label>
        </box>
      </boxgroup>
      <boxgroup>
        <type>1</type>
        <width>5</width>
        <varname>Perso2_Pers12</varname>
        <sortorder>13</sortorder>
        <label>&#xBF;Dir&#xED;a de s&#xED; mismo que es una persona tensa o muy nerviosa?</label>
        <groupsection idref="1"/>
        <box>
          <tlx>1352</tlx>
          <tly>2471</tly>
          <brx>1411</brx>
          <bry>2530</bry>
          <value>Pers1</value>
          <label>Casi nunca</label>
        </box>
        <box>
          <tlx>1506</tlx>
          <tly>2471</tly>
          <brx>1565</brx>
          <bry>2530</bry>
          <value>Pers2</value>
          <label>Poco</label>
        </box>
        <box>
          <tlx>1659</tlx>
          <tly>2471</tly>
          <brx>1719</brx>
          <bry>2530</bry>
          <value>Pers3</value>
          <label>M&#xE1;s o menos</label>
        </box>
        <box>
          <tlx>1813</tlx>
          <tly>2471</tly>
          <brx>1872</brx>
          <bry>2530</bry>
          <value>Pers4</value>
          <label>Seguido</label>
        </box>
        <box>
          <tlx>1967</tlx>
          <tly>2471</tly>
          <brx>2026</brx>
          <bry>2530</bry>
          <value>Pers5</value>
          <label>Casi siempre</label>
        </box>
      </boxgroup>
      <boxgroup>
        <type>1</type>
        <width>5</width>
        <varname>Perso2_Pers13</varname>
        <sortorder>14</sortorder>
        <label>&#xBF;Tiende a mantenerse apartado(a) en las situaciones sociales?</label>
        <groupsection idref="1"/>
        <box>
          <tlx>1352</tlx>
          <tly>2595</tly>
          <brx>1411</brx>
          <bry>2654</bry>
          <value>Pers1</value>
          <label>Casi nunca</label>
        </box>
        <box>
          <tlx>1506</tlx>
          <tly>2595</tly>
          <brx>1565</brx>
          <bry>2654</bry>
          <value>Pers2</value>
          <label>Poco</label>
        </box>
        <box>
          <tlx>1659</tlx>
          <tly>2595</tly>
          <brx>1719</brx>
          <bry>2654</bry>
          <value>Pers3</value>
          <label>M&#xE1;s o menos</label>
        </box>
        <box>
          <tlx>1813</tlx>
          <tly>2595</tly>
          <brx>1872</brx>
          <bry>2654</bry>
          <value>Pers4</value>
          <label>Seguido</label>
        </box>
        <box>
          <tlx>1967</tlx>
          <tly>2595</tly>
          <brx>2026</brx>
          <bry>2654</bry>
          <value>Pers5</value>
          <label>Casi siempre</label>
        </box>
      </boxgroup>
      <boxgroup>
        <type>1</type>
        <width>5</width>
        <varname>Perso2_Pers14</varname>
        <sortorder>15</sortorder>
        <label>&#xBF;Se preocupa a menudo por cosas que no deber&#xED;a haber hecho o dicho?</label>
        <groupsection idref="1"/>
        <box>
          <tlx>1352</tlx>
          <tly>2719</tly>
          <brx>1411</brx>
          <bry>2778</bry>
          <value>Pers1</value>
          <label>Casi nunca</label>
        </box>
        <box>
          <tlx>1506</tlx>
          <tly>2719</tly>
          <brx>1565</brx>
          <bry>2778</bry>
          <value>Pers2</value>
          <label>Poco</label>
        </box>
        <box>
          <tlx>1659</tlx>
          <tly>2719</tly>
          <brx>1719</brx>
          <bry>2778</bry>
          <value>Pers3</value>
          <label>M&#xE1;s o menos</label>
        </box>
        <box>
          <tlx>1813</tlx>
          <tly>2719</tly>
          <brx>1872</brx>
          <bry>2778</bry>
          <value>Pers4</value>
          <label>Seguido</label>
        </box>
        <box>
          <tlx>1967</tlx>
          <tly>2719</tly>
          <brx>2026</brx>
          <bry>2778</bry>
          <value>Pers5</value>
          <label>Casi siempre</label>
        </box>
      </boxgroup>
      <boxgroup>
        <type>1</type>
        <width>5</width>
        <varname>Perso2_Pers15</varname>
        <sortorder>16</sortorder>
        <label>&#xBF;Le gusta mezclarse con la gente?</label>
        <groupsection idref="1"/>
        <box>
          <tlx>1352</tlx>
          <tly>2843</tly>
          <brx>1411</brx>
          <bry>2902</bry>
          <value>Pers1</value>
          <label>Casi nunca</label>
        </box>
        <box>
          <tlx>1506</tlx>
          <tly>2843</tly>
          <brx>1565</brx>
          <bry>2902</bry>
          <value>Pers2</value>
          <label>Poco</label>
        </box>
        <box>
          <tlx>1659</tlx>
          <tly>2843</tly>
          <brx>1719</brx>
          <bry>2902</bry>
          <value>Pers3</value>
          <label>M&#xE1;s o menos</label>
        </box>
        <box>
          <tlx>1813</tlx>
          <tly>2843</tly>
          <brx>1872</brx>
          <bry>2902</bry>
          <value>Pers4</value>
          <label>Seguido</label>
        </box>
        <box>
          <tlx>1967</tlx>
          <tly>2843</tly>
          <brx>2026</brx>
          <bry>2902</bry>
          <value>Pers5</value>
          <label>Casi siempre</label>
        </box>
      </boxgroup>
      <boxgroup>
        <type>1</type>
        <width>5</width>
        <varname>Perso2_Pers16</varname>
        <sortorder>17</sortorder>
        <label>&#xBF;Dir&#xED;a de s&#xED; mismo que es una persona nerviosa?</label>
        <groupsection idref="1"/>
        <box>
          <tlx>1352</tlx>
          <tly>2967</tly>
          <brx>1411</brx>
          <bry>3026</bry>
          <value>Pers1</value>
          <label>Casi nunca</label>
        </box>
        <box>
          <tlx>1506</tlx>
          <tly>2967</tly>
          <brx>1565</brx>
          <bry>3026</bry>
          <value>Pers2</value>
          <label>Poco</label>
        </box>
        <box>
          <tlx>1659</tlx>
          <tly>2967</tly>
          <brx>1719</brx>
          <bry>3026</bry>
          <value>Pers3</value>
          <label>M&#xE1;s o menos</label>
        </box>
        <box>
          <tlx>1813</tlx>
          <tly>2967</tly>
          <brx>1872</brx>
          <bry>3026</bry>
          <value>Pers4</value>
          <label>Seguido</label>
        </box>
        <box>
          <tlx>1967</tlx>
          <tly>2967</tly>
          <brx>2026</brx>
          <bry>3026</bry>
          <value>Pers5</value>
          <label>Casi siempre</label>
        </box>
      </boxgroup>
      <boxgroup>
        <type>1</type>
        <width>5</width>
        <varname>Perso2_Pers17</varname>
        <sortorder>18</sortorder>
        <label>&#xBF;Le gusta el bullicio y la agitaci&#xF3;n a su alrededor?</label>
        <groupsection idref="1"/>
        <box>
          <tlx>1352</tlx>
          <tly>3091</tly>
          <brx>1411</brx>
          <bry>3150</bry>
          <value>Pers1</value>
          <label>Casi nunca</label>
        </box>
        <box>
          <tlx>1506</tlx>
          <tly>3091</tly>
          <brx>1565</brx>
          <bry>3150</bry>
          <value>Pers2</value>
          <label>Poco</label>
        </box>
        <box>
          <tlx>1659</tlx>
          <tly>3091</tly>
          <brx>1719</brx>
          <bry>3150</bry>
          <value>Pers3</value>
          <label>M&#xE1;s o menos</label>
        </box>
        <box>
          <tlx>1813</tlx>
          <tly>3091</tly>
          <brx>1872</brx>
          <bry>3150</bry>
          <value>Pers4</value>
          <label>Seguido</label>
        </box>
        <box>
          <tlx>1967</tlx>
          <tly>3091</tly>
          <brx>2026</brx>
          <bry>3150</bry>
          <value>Pers5</value>
          <label>Casi siempre</label>
        </box>
      </boxgroup>
      <boxgroup>
        <type>1</type>
        <width>5</width>
        <varname>Perso2_Pers18</varname>
        <sortorder>19</sortorder>
        <label>&#xBF;Despu&#xE9;s de una experiencia embarazosa, se siente preocupado durante mucho tiempo?</label>
        <groupsection idref="1"/>
        <box>
          <tlx>1352</tlx>
          <tly>3215</tly>
          <brx>1411</brx>
          <bry>3274</bry>
          <value>Pers1</value>
          <label>Casi nunca</label>
        </box>
        <box>
          <tlx>1506</tlx>
          <tly>3215</tly>
          <brx>1565</brx>
          <bry>3274</bry>
          <value>Pers2</value>
          <label>Poco</label>
        </box>
        <box>
          <tlx>1659</tlx>
          <tly>3215</tly>
          <brx>1719</brx>
          <bry>3274</bry>
          <value>Pers3</value>
          <label>M&#xE1;s o menos</label>
        </box>
        <box>
          <tlx>1813</tlx>
          <tly>3215</tly>
          <brx>1872</brx>
          <bry>3274</bry>
          <value>Pers4</value>
          <label>Seguido</label>
        </box>
        <box>
          <tlx>1967</tlx>
          <tly>3215</tly>
          <brx>2026</brx>
          <bry>3274</bry>
          <value>Pers5</value>
          <label>Casi siempre</label>
        </box>
      </boxgroup>
    </page>
    <page>
      <id>36492902</id>
      <tlx>283</tlx>
      <tly>283</tly>
      <trx>2197</trx>
      <try>283</try>
      <brx>2197</brx>
      <bry>3224</bry>
      <blx>283</blx>
      <bly>3224</bly>
      <rotation>0</rotation>
      <boxgroup>
        <type>1</type>
        <width>5</width>
        <varname>Perso2_Pers19</varname>
        <sortorder>20</sortorder>
        <label>Por lo general, &#xBF;suele estar callado/a cuando esta con otras personas?</label>
        <groupsection idref="1"/>
        <box>
          <tlx>1352</tlx>
          <tly>322</tly>
          <brx>1411</brx>
          <bry>381</bry>
          <value>Pers1</value>
          <label>Casi nunca</label>
        </box>
        <box>
          <tlx>1506</tlx>
          <tly>322</tly>
          <brx>1565</brx>
          <bry>381</bry>
          <value>Pers2</value>
          <label>Poco</label>
        </box>
        <box>
          <tlx>1659</tlx>
          <tly>322</tly>
          <brx>1719</brx>
          <bry>381</bry>
          <value>Pers3</value>
          <label>M&#xE1;s o menos</label>
        </box>
        <box>
          <tlx>1813</tlx>
          <tly>322</tly>
          <brx>1872</brx>
          <bry>381</bry>
          <value>Pers4</value>
          <label>Seguido</label>
        </box>
        <box>
          <tlx>1967</tlx>
          <tly>322</tly>
          <brx>2026</brx>
          <bry>381</bry>
          <value>Pers5</value>
          <label>Casi siempre</label>
        </box>
      </boxgroup>
      <boxgroup>
        <type>1</type>
        <width>5</width>
        <varname>Perso3_Pers20</varname>
        <sortorder>21</sortorder>
        <label>&#xBF;Sufre de los &#x201C;nervios&#x201D;?</label>
        <groupsection idref="1"/>
        <box>
          <tlx>1352</tlx>
          <tly>638</tly>
          <brx>1411</brx>
          <bry>697</bry>
          <value>Pers1</value>
          <label>Casi nunca</label>
        </box>
        <box>
          <tlx>1506</tlx>
          <tly>638</tly>
          <brx>1565</brx>
          <bry>697</bry>
          <value>Pers2</value>
          <label>Poco</label>
        </box>
        <box>
          <tlx>1659</tlx>
          <tly>638</tly>
          <brx>1719</brx>
          <bry>697</bry>
          <value>Pers3</value>
          <label>M&#xE1;s o menos</label>
        </box>
        <box>
          <tlx>1813</tlx>
          <tly>638</tly>
          <brx>1872</brx>
          <bry>697</bry>
          <value>Pers4</value>
          <label>Seguido</label>
        </box>
        <box>
          <tlx>1967</tlx>
          <tly>638</tly>
          <brx>2026</brx>
          <bry>697</bry>
          <value>Pers5</value>
          <label>Casi siempre</label>
        </box>
      </boxgroup>
      <boxgroup>
        <type>1</type>
        <width>5</width>
        <varname>Perso3_Pers21</varname>
        <sortorder>22</sortorder>
        <label>&#xBF;La gente piensa que usted es una persona animada?</label>
        <groupsection idref="1"/>
        <box>
          <tlx>1352</tlx>
          <tly>762</tly>
          <brx>1411</brx>
          <bry>821</bry>
          <value>Pers1</value>
          <label>Casi nunca</label>
        </box>
        <box>
          <tlx>1506</tlx>
          <tly>762</tly>
          <brx>1565</brx>
          <bry>821</bry>
          <value>Pers2</value>
          <label>Poco</label>
        </box>
        <box>
          <tlx>1659</tlx>
          <tly>762</tly>
          <brx>1719</brx>
          <bry>821</bry>
          <value>Pers3</value>
          <label>M&#xE1;s o menos</label>
        </box>
        <box>
          <tlx>1813</tlx>
          <tly>762</tly>
          <brx>1872</brx>
          <bry>821</bry>
          <value>Pers4</value>
          <label>Seguido</label>
        </box>
        <box>
          <tlx>1967</tlx>
          <tly>762</tly>
          <brx>2026</brx>
          <bry>821</bry>
          <value>Pers5</value>
          <label>Casi siempre</label>
        </box>
      </boxgroup>
      <boxgroup>
        <type>1</type>
        <width>5</width>
        <varname>Perso3_Pers22</varname>
        <sortorder>23</sortorder>
        <label>&#xBF;A menudo se siente solo?</label>
        <groupsection idref="1"/>
        <box>
          <tlx>1352</tlx>
          <tly>886</tly>
          <brx>1411</brx>
          <bry>945</bry>
          <value>Pers1</value>
          <label>Casi nunca</label>
        </box>
        <box>
          <tlx>1506</tlx>
          <tly>886</tly>
          <brx>1565</brx>
          <bry>945</bry>
          <value>Pers2</value>
          <label>Poco</label>
        </box>
        <box>
          <tlx>1659</tlx>
          <tly>886</tly>
          <brx>1719</brx>
          <bry>945</bry>
          <value>Pers3</value>
          <label>M&#xE1;s o menos</label>
        </box>
        <box>
          <tlx>1813</tlx>
          <tly>886</tly>
          <brx>1872</brx>
          <bry>945</bry>
          <value>Pers4</value>
          <label>Seguido</label>
        </box>
        <box>
          <tlx>1967</tlx>
          <tly>886</tly>
          <brx>2026</brx>
          <bry>945</bry>
          <value>Pers5</value>
          <label>Casi siempre</label>
        </box>
      </boxgroup>
      <boxgroup>
        <type>1</type>
        <width>5</width>
        <varname>Perso3_Pers23</varname>
        <sortorder>24</sortorder>
        <label>&#xBF;Puede organizar y conducir una fiesta?</label>
        <groupsection idref="1"/>
        <box>
          <tlx>1352</tlx>
          <tly>1010</tly>
          <brx>1411</brx>
          <bry>1069</bry>
          <value>Pers1</value>
          <label>Casi nunca</label>
        </box>
        <box>
          <tlx>1506</tlx>
          <tly>1010</tly>
          <brx>1565</brx>
          <bry>1069</bry>
          <value>Pers2</value>
          <label>Poco</label>
        </box>
        <box>
          <tlx>1659</tlx>
          <tly>1010</tly>
          <brx>1719</brx>
          <bry>1069</bry>
          <value>Pers3</value>
          <label>M&#xE1;s o menos</label>
        </box>
        <box>
          <tlx>1813</tlx>
          <tly>1010</tly>
          <brx>1872</brx>
          <bry>1069</bry>
          <value>Pers4</value>
          <label>Seguido</label>
        </box>
        <box>
          <tlx>1967</tlx>
          <tly>1010</tly>
          <brx>2026</brx>
          <bry>1069</bry>
          <value>Pers5</value>
          <label>Casi siempre</label>
        </box>
      </boxgroup>
      <boxgroup>
        <type>1</type>
        <width>5</width>
        <varname>Perso3_Pers24</varname>
        <sortorder>25</sortorder>
        <label>&#xBF;Tiene a menudo sentimientos de culpabilidad?</label>
        <groupsection idref="1"/>
        <box>
          <tlx>1352</tlx>
          <tly>1134</tly>
          <brx>1411</brx>
          <bry>1193</bry>
          <value>Pers1</value>
          <label>Casi nunca</label>
        </box>
        <box>
          <tlx>1506</tlx>
          <tly>1134</tly>
          <brx>1565</brx>
          <bry>1193</bry>
          <value>Pers2</value>
          <label>Poco</label>
        </box>
        <box>
          <tlx>1659</tlx>
          <tly>1134</tly>
          <brx>1719</brx>
          <bry>1193</bry>
          <value>Pers3</value>
          <label>M&#xE1;s o menos</label>
        </box>
        <box>
          <tlx>1813</tlx>
          <tly>1134</tly>
          <brx>1872</brx>
          <bry>1193</bry>
          <value>Pers4</value>
          <label>Seguido</label>
        </box>
        <box>
          <tlx>1967</tlx>
          <tly>1134</tly>
          <brx>2026</brx>
          <bry>1193</bry>
          <value>Pers5</value>
          <label>Casi siempre</label>
        </box>
      </boxgroup>
      <boxgroup>
        <type>1</type>
        <width>5</width>
        <varname>Perso3_Pers25</varname>
        <sortorder>26</sortorder>
        <label>&#xBF;Le gusta contar chistes o historias divertidas a sus amigos?</label>
        <groupsection idref="1"/>
        <box>
          <tlx>1352</tlx>
          <tly>1258</tly>
          <brx>1411</brx>
          <bry>1317</bry>
          <value>Pers1</value>
          <label>Casi nunca</label>
        </box>
        <box>
          <tlx>1506</tlx>
          <tly>1258</tly>
          <brx>1565</brx>
          <bry>1317</bry>
          <value>Pers2</value>
          <label>Poco</label>
        </box>
        <box>
          <tlx>1659</tlx>
          <tly>1258</tly>
          <brx>1719</brx>
          <bry>1317</bry>
          <value>Pers3</value>
          <label>M&#xE1;s o menos</label>
        </box>
        <box>
          <tlx>1813</tlx>
          <tly>1258</tly>
          <brx>1872</brx>
          <bry>1317</bry>
          <value>Pers4</value>
          <label>Seguido</label>
        </box>
        <box>
          <tlx>1967</tlx>
          <tly>1258</tly>
          <brx>2026</brx>
          <bry>1317</bry>
          <value>Pers5</value>
          <label>Casi siempre</label>
        </box>
      </boxgroup>
      <boxgroup>
        <type>1</type>
        <width>5</width>
        <varname>Perso3_Pers26</varname>
        <sortorder>27</sortorder>
        <label>&#xBF;Es usted una persona que sufre con facilidad?</label>
        <groupsection idref="1"/>
        <box>
          <tlx>1352</tlx>
          <tly>1382</tly>
          <brx>1411</brx>
          <bry>1441</bry>
          <value>Pers1</value>
          <label>Casi nunca</label>
        </box>
        <box>
          <tlx>1506</tlx>
          <tly>1382</tly>
          <brx>1565</brx>
          <bry>1441</bry>
          <value>Pers2</value>
          <label>Poco</label>
        </box>
        <box>
          <tlx>1659</tlx>
          <tly>1382</tly>
          <brx>1719</brx>
          <bry>1441</bry>
          <value>Pers3</value>
          <label>M&#xE1;s o menos</label>
        </box>
        <box>
          <tlx>1813</tlx>
          <tly>1382</tly>
          <brx>1872</brx>
          <bry>1441</bry>
          <value>Pers4</value>
          <label>Seguido</label>
        </box>
        <box>
          <tlx>1967</tlx>
          <tly>1382</tly>
          <brx>2026</brx>
          <bry>1441</bry>
          <value>Pers5</value>
          <label>Casi siempre</label>
        </box>
      </boxgroup>
      <boxgroup>
        <type>1</type>
        <width>5</width>
        <varname>Perso3_Pers27</varname>
        <sortorder>28</sortorder>
        <label>&#xBF;Le gusta salir a menudo?</label>
        <groupsection idref="1"/>
        <box>
          <tlx>1352</tlx>
          <tly>1506</tly>
          <brx>1411</brx>
          <bry>1565</bry>
          <value>Pers1</value>
          <label>Casi nunca</label>
        </box>
        <box>
          <tlx>1506</tlx>
          <tly>1506</tly>
          <brx>1565</brx>
          <bry>1565</bry>
          <value>Pers2</value>
          <label>Poco</label>
        </box>
        <box>
          <tlx>1659</tlx>
          <tly>1506</tly>
          <brx>1719</brx>
          <bry>1565</bry>
          <value>Pers3</value>
          <label>M&#xE1;s o menos</label>
        </box>
        <box>
          <tlx>1813</tlx>
          <tly>1506</tly>
          <brx>1872</brx>
          <bry>1565</bry>
          <value>Pers4</value>
          <label>Seguido</label>
        </box>
        <box>
          <tlx>1967</tlx>
          <tly>1506</tly>
          <brx>2026</brx>
          <bry>1565</bry>
          <value>Pers5</value>
          <label>Casi siempre</label>
        </box>
      </boxgroup>
      <boxgroup>
        <type>1</type>
        <width>5</width>
        <varname>Perso3_Pers28</varname>
        <sortorder>29</sortorder>
        <label>&#xBF;Se siente a menudo ap&#xE1;tico/a y cansado/a sin motivo?</label>
        <groupsection idref="1"/>
        <box>
          <tlx>1352</tlx>
          <tly>1630</tly>
          <brx>1411</brx>
          <bry>1689</bry>
          <value>Pers1</value>
          <label>Casi nunca</label>
        </box>
        <box>
          <tlx>1506</tlx>
          <tly>1630</tly>
          <brx>1565</brx>
          <bry>1689</bry>
          <value>Pers2</value>
          <label>Poco</label>
        </box>
        <box>
          <tlx>1659</tlx>
          <tly>1630</tly>
          <brx>1719</brx>
          <bry>1689</bry>
          <value>Pers3</value>
          <label>M&#xE1;s o menos</label>
        </box>
        <box>
          <tlx>1813</tlx>
          <tly>1630</tly>
          <brx>1872</brx>
          <bry>1689</bry>
          <value>Pers4</value>
          <label>Seguido</label>
        </box>
        <box>
          <tlx>1967</tlx>
          <tly>1630</tly>
          <brx>2026</brx>
          <bry>1689</bry>
          <value>Pers5</value>
          <label>Casi siempre</label>
        </box>
      </boxgroup>
      <boxgroup>
        <type>1</type>
        <width>5</width>
        <varname>Perso3_Pers29</varname>
        <sortorder>30</sortorder>
        <label>&#xBF;A menudo siente que la vida es muy mon&#xF3;tona?</label>
        <groupsection idref="1"/>
        <box>
          <tlx>1352</tlx>
          <tly>1754</tly>
          <brx>1411</brx>
          <bry>1813</bry>
          <value>Pers1</value>
          <label>Casi nunca</label>
        </box>
        <box>
          <tlx>1506</tlx>
          <tly>1754</tly>
          <brx>1565</brx>
          <bry>1813</bry>
          <value>Pers2</value>
          <label>Poco</label>
        </box>
        <box>
          <tlx>1659</tlx>
          <tly>1754</tly>
          <brx>1719</brx>
          <bry>1813</bry>
          <value>Pers3</value>
          <label>M&#xE1;s o menos</label>
        </box>
        <box>
          <tlx>1813</tlx>
          <tly>1754</tly>
          <brx>1872</brx>
          <bry>1813</bry>
          <value>Pers4</value>
          <label>Seguido</label>
        </box>
        <box>
          <tlx>1967</tlx>
          <tly>1754</tly>
          <brx>2026</brx>
          <bry>1813</bry>
          <value>Pers5</value>
          <label>Casi siempre</label>
        </box>
      </boxgroup>
    </page>
  </questionnaire>
</queXF>
