<?xml version="1.0"?>
<queXF>
  <questionnaire>
    <id>515512</id>
    <section id="1">
      <label>Preguntas</label>
      <title>Section A</title>
    </section>
    <page>
      <id>51551201</id>
      <tlx>283</tlx>
      <tly>283</tly>
      <trx>2197</trx>
      <try>283</try>
      <brx>2197</brx>
      <bry>3224</bry>
      <blx>283</blx>
      <bly>3224</bly>
      <rotation>0</rotation>
      <boxgroup>
        <type>4</type>
        <width>8</width>
        <varname>RUT</varname>
        <sortorder>1</sortorder>
        <label>RUT (sin puntos, gui&#xF3;n ni d&#xED;gito verificador. Ejemplo si el rut es 17.736.727-1 escribir 17736727):</label>
        <groupsection idref="1"/>
        <box>
          <tlx>1515</tlx>
          <tly>509</tly>
          <brx>1586</brx>
          <bry>603</bry>
          <value></value>
          <label></label>
        </box>
        <box>
          <tlx>1588</tlx>
          <tly>509</tly>
          <brx>1659</brx>
          <bry>603</bry>
          <value></value>
          <label></label>
        </box>
        <box>
          <tlx>1661</tlx>
          <tly>509</tly>
          <brx>1731</brx>
          <bry>603</bry>
          <value></value>
          <label></label>
        </box>
        <box>
          <tlx>1733</tlx>
          <tly>509</tly>
          <brx>1804</brx>
          <bry>603</bry>
          <value></value>
          <label></label>
        </box>
        <box>
          <tlx>1806</tlx>
          <tly>509</tly>
          <brx>1877</brx>
          <bry>603</bry>
          <value></value>
          <label></label>
        </box>
        <box>
          <tlx>1879</tlx>
          <tly>509</tly>
          <brx>1949</brx>
          <bry>603</bry>
          <value></value>
          <label></label>
        </box>
        <box>
          <tlx>1951</tlx>
          <tly>509</tly>
          <brx>2022</brx>
          <bry>603</bry>
          <value></value>
          <label></label>
        </box>
        <box>
          <tlx>2024</tlx>
          <tly>509</tly>
          <brx>2095</brx>
          <bry>603</bry>
          <value></value>
          <label></label>
        </box>
      </boxgroup>
      <boxgroup>
        <type>4</type>
        <width>3</width>
        <varname>TMT_TMTA</varname>
        <sortorder>2</sortorder>
        <label>&lt;p&gt;El entrevistador debe llenar esta prueba con los tiempos (en segundos) que demor&#xF3; la persona en la parte A y B.&lt;/p&gt;&#xD;
&#xD;
&lt;p&gt;POR EJEMPLO: 2 minutos 37 segundos ser&#xED;a: 157&lt;/p&gt; : Tiempo en segundos parte A</label>
        <groupsection idref="1"/>
        <box>
          <tlx>1879</tlx>
          <tly>889</tly>
          <brx>1949</brx>
          <bry>983</bry>
          <value></value>
          <label></label>
        </box>
        <box>
          <tlx>1951</tlx>
          <tly>889</tly>
          <brx>2022</brx>
          <bry>983</bry>
          <value></value>
          <label></label>
        </box>
        <box>
          <tlx>2024</tlx>
          <tly>889</tly>
          <brx>2095</brx>
          <bry>983</bry>
          <value></value>
          <label></label>
        </box>
      </boxgroup>
      <boxgroup>
        <type>4</type>
        <width>3</width>
        <varname>TMT_TMTB</varname>
        <sortorder>3</sortorder>
        <label>&lt;p&gt;El entrevistador debe llenar esta prueba con los tiempos (en segundos) que demor&#xF3; la persona en la parte A y B.&lt;/p&gt;&#xD;
&#xD;
&lt;p&gt;POR EJEMPLO: 2 minutos 37 segundos ser&#xED;a: 157&lt;/p&gt; : Tiempo en segundos parte B</label>
        <groupsection idref="1"/>
        <box>
          <tlx>1879</tlx>
          <tly>1007</tly>
          <brx>1949</brx>
          <bry>1101</bry>
          <value></value>
          <label></label>
        </box>
        <box>
          <tlx>1951</tlx>
          <tly>1007</tly>
          <brx>2022</brx>
          <bry>1101</bry>
          <value></value>
          <label></label>
        </box>
        <box>
          <tlx>2024</tlx>
          <tly>1007</tly>
          <brx>2095</brx>
          <bry>1101</bry>
          <value></value>
          <label></label>
        </box>
      </boxgroup>
    </page>
  </questionnaire>
</queXF>
