<?xml version="1.0" encoding="UTF-8"?>
<questionnaire id="515512">
  <title>TMT</title>
  <investigator/>
  <dataCollector/>
  <section id="276">
    <sectionInfo>
      <position>title</position>
      <text>Preguntas</text>
      <administration>self</administration>
    </sectionInfo>
    <question>
      <text>RUT (sin puntos, guión ni dígito verificador. Ejemplo si el rut es 17.736.727-1 escribir 17736727):</text>
      <response varName="RUT">
        <free>
          <format>integer</format>
          <length>8</length>
          <label/>
        </free>
      </response>
    </question>
    <question>
      <text>&lt;p&gt;El entrevistador debe llenar esta prueba con los tiempos (en segundos) que demoró la persona en la parte A y B.&lt;/p&gt;&#13;
&#13;
&lt;p&gt;POR EJEMPLO: 2 minutos 37 segundos sería: 157&lt;/p&gt;</text>
      <subQuestion varName="TMT_TMTA">
        <text>Tiempo en segundos parte A</text>
      </subQuestion>
      <subQuestion varName="TMT_TMTB">
        <text>Tiempo en segundos parte B</text>
      </subQuestion>
      <response varName="TMT">
        <free>
          <format>integer</format>
          <length>3</length>
          <label/>
        </free>
      </response>
    </question>
  </section>
</questionnaire>
