<?xml version="1.0" encoding="UTF-8"?>
<questionnaire id="146714">
  <title>Optimismo Aprendido</title>
  <investigator/>
  <dataCollector/>
  <section id="25">
    <sectionInfo>
      <position>title</position>
      <text>Preguntas</text>
      <administration>self</administration>
    </sectionInfo>
    <question>
      <text>RUT (sin puntos, guión ni dígito verificador. Ejemplo si el rut es 17.736.727-1 escribir 17736727):</text>
      <response varName="RUT">
        <free>
          <format>integer</format>
          <length>8</length>
          <label/>
        </free>
      </response>
    </question>
    <question>
      <text>A continuación, usted encontrará una serie de preguntas relacionadas con distintas experiencias de su vida. Seleccione la alternativa que mejor describa la frecuencia con que usted se siente o piensa de esa forma.</text>
      <subQuestion varName="OA_OA01">
        <text>En tiempos difíciles, suelo esperar lo mejor.</text>
      </subQuestion>
      <subQuestion varName="OA_OA02">
        <text>Si algo malo me tiene que pasar, estoy seguro de que me pasará.</text>
      </subQuestion>
      <subQuestion varName="OA_OA03">
        <text>Siempre soy optimista en cuanto al futuro.</text>
      </subQuestion>
      <subQuestion varName="OA_OA04">
        <text>Rara vez, espero que las cosas salgan a mi manera.</text>
      </subQuestion>
      <subQuestion varName="OA_OA05">
        <text>Casi nunca espero que me sucedan cosas buenas.</text>
      </subQuestion>
      <subQuestion varName="OA_OA06">
        <text>En general, espero que me ocurran más cosas buenas que malas.</text>
      </subQuestion>
      <response varName="OA">
        <fixed>
          <category>
            <label>Nunca</label>
            <value>OA01</value>
          </category>
          <category>
            <label>Pocas veces</label>
            <value>OA02</value>
          </category>
          <category>
            <label>Algunas veces</label>
            <value>OA03</value>
          </category>
          <category>
            <label>La mayoría de las veces</label>
            <value>OA04</value>
          </category>
          <category>
            <label>Siempre</label>
            <value>OA05</value>
          </category>
        </fixed>
      </response>
    </question>
  </section>
</questionnaire>
