<?xml version="1.0"?>
<queXF>
  <questionnaire>
    <id>146714</id>
    <section id="1">
      <label>Preguntas</label>
      <title>Section A</title>
    </section>
    <page>
      <id>14671401</id>
      <tlx>283</tlx>
      <tly>283</tly>
      <trx>2197</trx>
      <try>283</try>
      <brx>2197</brx>
      <bry>3224</bry>
      <blx>283</blx>
      <bly>3224</bly>
      <rotation>0</rotation>
      <boxgroup>
        <type>4</type>
        <width>8</width>
        <varname>RUT</varname>
        <sortorder>1</sortorder>
        <label>RUT (sin puntos, gui&#xF3;n ni d&#xED;gito verificador. Ejemplo si el rut es 17.736.727-1 escribir 17736727):</label>
        <groupsection idref="1"/>
        <box>
          <tlx>1515</tlx>
          <tly>509</tly>
          <brx>1586</brx>
          <bry>603</bry>
          <value></value>
          <label></label>
        </box>
        <box>
          <tlx>1588</tlx>
          <tly>509</tly>
          <brx>1659</brx>
          <bry>603</bry>
          <value></value>
          <label></label>
        </box>
        <box>
          <tlx>1661</tlx>
          <tly>509</tly>
          <brx>1731</brx>
          <bry>603</bry>
          <value></value>
          <label></label>
        </box>
        <box>
          <tlx>1733</tlx>
          <tly>509</tly>
          <brx>1804</brx>
          <bry>603</bry>
          <value></value>
          <label></label>
        </box>
        <box>
          <tlx>1806</tlx>
          <tly>509</tly>
          <brx>1877</brx>
          <bry>603</bry>
          <value></value>
          <label></label>
        </box>
        <box>
          <tlx>1879</tlx>
          <tly>509</tly>
          <brx>1949</brx>
          <bry>603</bry>
          <value></value>
          <label></label>
        </box>
        <box>
          <tlx>1951</tlx>
          <tly>509</tly>
          <brx>2022</brx>
          <bry>603</bry>
          <value></value>
          <label></label>
        </box>
        <box>
          <tlx>2024</tlx>
          <tly>509</tly>
          <brx>2095</brx>
          <bry>603</bry>
          <value></value>
          <label></label>
        </box>
      </boxgroup>
      <boxgroup>
        <type>1</type>
        <width>4</width>
        <varname>OA_OA01</varname>
        <sortorder>2</sortorder>
        <label>A continuaci&#xF3;n, usted encontrar&#xE1; una serie de preguntas relacionadas con distintas experiencias de su vida. Seleccione la alternativa que mejor describa la frecuencia con que usted se siente o piensa de esa forma. : En tiempos dif&#xED;ciles, suelo esperar lo mejor.</label>
        <groupsection idref="1"/>
        <box>
          <tlx>1352</tlx>
          <tly>1039</tly>
          <brx>1411</brx>
          <bry>1098</bry>
          <value>OA01</value>
          <label>Nunca</label>
        </box>
        <box>
          <tlx>1506</tlx>
          <tly>1039</tly>
          <brx>1565</brx>
          <bry>1098</bry>
          <value>OA02</value>
          <label>Pocas veces</label>
        </box>
        <box>
          <tlx>1659</tlx>
          <tly>1039</tly>
          <brx>1719</brx>
          <bry>1098</bry>
          <value>OA03</value>
          <label>Algunas veces</label>
        </box>
        <box>
          <tlx>1813</tlx>
          <tly>1039</tly>
          <brx>1872</brx>
          <bry>1098</bry>
          <value>OA04</value>
          <label>La mayor&#xED;a de las veces</label>
        </box>
        <box>
          <tlx>1967</tlx>
          <tly>1039</tly>
          <brx>2026</brx>
          <bry>1098</bry>
          <value>OA05</value>
          <label>Siempre</label>
        </box>
      </boxgroup>
      <boxgroup>
        <type>1</type>
        <width>4</width>
        <varname>OA_OA02</varname>
        <sortorder>3</sortorder>
        <label>A continuaci&#xF3;n, usted encontrar&#xE1; una serie de preguntas relacionadas con distintas experiencias de su vida. Seleccione la alternativa que mejor describa la frecuencia con que usted se siente o piensa de esa forma. : Si algo malo me tiene que pasar, estoy seguro de que me pasar&#xE1;.</label>
        <groupsection idref="1"/>
        <box>
          <tlx>1352</tlx>
          <tly>1163</tly>
          <brx>1411</brx>
          <bry>1222</bry>
          <value>OA01</value>
          <label>Nunca</label>
        </box>
        <box>
          <tlx>1506</tlx>
          <tly>1163</tly>
          <brx>1565</brx>
          <bry>1222</bry>
          <value>OA02</value>
          <label>Pocas veces</label>
        </box>
        <box>
          <tlx>1659</tlx>
          <tly>1163</tly>
          <brx>1719</brx>
          <bry>1222</bry>
          <value>OA03</value>
          <label>Algunas veces</label>
        </box>
        <box>
          <tlx>1813</tlx>
          <tly>1163</tly>
          <brx>1872</brx>
          <bry>1222</bry>
          <value>OA04</value>
          <label>La mayor&#xED;a de las veces</label>
        </box>
        <box>
          <tlx>1967</tlx>
          <tly>1163</tly>
          <brx>2026</brx>
          <bry>1222</bry>
          <value>OA05</value>
          <label>Siempre</label>
        </box>
      </boxgroup>
      <boxgroup>
        <type>1</type>
        <width>4</width>
        <varname>OA_OA03</varname>
        <sortorder>4</sortorder>
        <label>A continuaci&#xF3;n, usted encontrar&#xE1; una serie de preguntas relacionadas con distintas experiencias de su vida. Seleccione la alternativa que mejor describa la frecuencia con que usted se siente o piensa de esa forma. : Siempre soy optimista en cuanto al futuro.</label>
        <groupsection idref="1"/>
        <box>
          <tlx>1352</tlx>
          <tly>1287</tly>
          <brx>1411</brx>
          <bry>1346</bry>
          <value>OA01</value>
          <label>Nunca</label>
        </box>
        <box>
          <tlx>1506</tlx>
          <tly>1287</tly>
          <brx>1565</brx>
          <bry>1346</bry>
          <value>OA02</value>
          <label>Pocas veces</label>
        </box>
        <box>
          <tlx>1659</tlx>
          <tly>1287</tly>
          <brx>1719</brx>
          <bry>1346</bry>
          <value>OA03</value>
          <label>Algunas veces</label>
        </box>
        <box>
          <tlx>1813</tlx>
          <tly>1287</tly>
          <brx>1872</brx>
          <bry>1346</bry>
          <value>OA04</value>
          <label>La mayor&#xED;a de las veces</label>
        </box>
        <box>
          <tlx>1967</tlx>
          <tly>1287</tly>
          <brx>2026</brx>
          <bry>1346</bry>
          <value>OA05</value>
          <label>Siempre</label>
        </box>
      </boxgroup>
      <boxgroup>
        <type>1</type>
        <width>4</width>
        <varname>OA_OA04</varname>
        <sortorder>5</sortorder>
        <label>A continuaci&#xF3;n, usted encontrar&#xE1; una serie de preguntas relacionadas con distintas experiencias de su vida. Seleccione la alternativa que mejor describa la frecuencia con que usted se siente o piensa de esa forma. : Rara vez, espero que las cosas salgan a mi manera.</label>
        <groupsection idref="1"/>
        <box>
          <tlx>1352</tlx>
          <tly>1411</tly>
          <brx>1411</brx>
          <bry>1470</bry>
          <value>OA01</value>
          <label>Nunca</label>
        </box>
        <box>
          <tlx>1506</tlx>
          <tly>1411</tly>
          <brx>1565</brx>
          <bry>1470</bry>
          <value>OA02</value>
          <label>Pocas veces</label>
        </box>
        <box>
          <tlx>1659</tlx>
          <tly>1411</tly>
          <brx>1719</brx>
          <bry>1470</bry>
          <value>OA03</value>
          <label>Algunas veces</label>
        </box>
        <box>
          <tlx>1813</tlx>
          <tly>1411</tly>
          <brx>1872</brx>
          <bry>1470</bry>
          <value>OA04</value>
          <label>La mayor&#xED;a de las veces</label>
        </box>
        <box>
          <tlx>1967</tlx>
          <tly>1411</tly>
          <brx>2026</brx>
          <bry>1470</bry>
          <value>OA05</value>
          <label>Siempre</label>
        </box>
      </boxgroup>
      <boxgroup>
        <type>1</type>
        <width>4</width>
        <varname>OA_OA05</varname>
        <sortorder>6</sortorder>
        <label>A continuaci&#xF3;n, usted encontrar&#xE1; una serie de preguntas relacionadas con distintas experiencias de su vida. Seleccione la alternativa que mejor describa la frecuencia con que usted se siente o piensa de esa forma. : Casi nunca espero que me sucedan cosas buenas.</label>
        <groupsection idref="1"/>
        <box>
          <tlx>1352</tlx>
          <tly>1535</tly>
          <brx>1411</brx>
          <bry>1594</bry>
          <value>OA01</value>
          <label>Nunca</label>
        </box>
        <box>
          <tlx>1506</tlx>
          <tly>1535</tly>
          <brx>1565</brx>
          <bry>1594</bry>
          <value>OA02</value>
          <label>Pocas veces</label>
        </box>
        <box>
          <tlx>1659</tlx>
          <tly>1535</tly>
          <brx>1719</brx>
          <bry>1594</bry>
          <value>OA03</value>
          <label>Algunas veces</label>
        </box>
        <box>
          <tlx>1813</tlx>
          <tly>1535</tly>
          <brx>1872</brx>
          <bry>1594</bry>
          <value>OA04</value>
          <label>La mayor&#xED;a de las veces</label>
        </box>
        <box>
          <tlx>1967</tlx>
          <tly>1535</tly>
          <brx>2026</brx>
          <bry>1594</bry>
          <value>OA05</value>
          <label>Siempre</label>
        </box>
      </boxgroup>
      <boxgroup>
        <type>1</type>
        <width>4</width>
        <varname>OA_OA06</varname>
        <sortorder>7</sortorder>
        <label>A continuaci&#xF3;n, usted encontrar&#xE1; una serie de preguntas relacionadas con distintas experiencias de su vida. Seleccione la alternativa que mejor describa la frecuencia con que usted se siente o piensa de esa forma. : En general, espero que me ocurran m&#xE1;s cosas buenas que malas.</label>
        <groupsection idref="1"/>
        <box>
          <tlx>1352</tlx>
          <tly>1659</tly>
          <brx>1411</brx>
          <bry>1719</bry>
          <value>OA01</value>
          <label>Nunca</label>
        </box>
        <box>
          <tlx>1506</tlx>
          <tly>1659</tly>
          <brx>1565</brx>
          <bry>1719</bry>
          <value>OA02</value>
          <label>Pocas veces</label>
        </box>
        <box>
          <tlx>1659</tlx>
          <tly>1659</tly>
          <brx>1719</brx>
          <bry>1719</bry>
          <value>OA03</value>
          <label>Algunas veces</label>
        </box>
        <box>
          <tlx>1813</tlx>
          <tly>1659</tly>
          <brx>1872</brx>
          <bry>1719</bry>
          <value>OA04</value>
          <label>La mayor&#xED;a de las veces</label>
        </box>
        <box>
          <tlx>1967</tlx>
          <tly>1659</tly>
          <brx>2026</brx>
          <bry>1719</bry>
          <value>OA05</value>
          <label>Siempre</label>
        </box>
      </boxgroup>
    </page>
  </questionnaire>
</queXF>
