<?xml version="1.0"?>
<queXF>
  <questionnaire>
    <id>179339</id>
    <section id="1">
      <label>Preguntas</label>
      <title>Section A</title>
    </section>
    <page>
      <id>17933901</id>
      <tlx>283</tlx>
      <tly>283</tly>
      <trx>2197</trx>
      <try>283</try>
      <brx>2197</brx>
      <bry>3224</bry>
      <blx>283</blx>
      <bly>3224</bly>
      <rotation>0</rotation>
      <boxgroup>
        <type>4</type>
        <width>8</width>
        <varname>RUT</varname>
        <sortorder>1</sortorder>
        <label>RUT (sin puntos, gui&#xF3;n ni d&#xED;gito verificador. Ejemplo si el rut es 17.736.727-1 escribir 17736727):</label>
        <groupsection idref="1"/>
        <box>
          <tlx>1515</tlx>
          <tly>509</tly>
          <brx>1586</brx>
          <bry>603</bry>
          <value></value>
          <label></label>
        </box>
        <box>
          <tlx>1588</tlx>
          <tly>509</tly>
          <brx>1659</brx>
          <bry>603</bry>
          <value></value>
          <label></label>
        </box>
        <box>
          <tlx>1661</tlx>
          <tly>509</tly>
          <brx>1731</brx>
          <bry>603</bry>
          <value></value>
          <label></label>
        </box>
        <box>
          <tlx>1733</tlx>
          <tly>509</tly>
          <brx>1804</brx>
          <bry>603</bry>
          <value></value>
          <label></label>
        </box>
        <box>
          <tlx>1806</tlx>
          <tly>509</tly>
          <brx>1877</brx>
          <bry>603</bry>
          <value></value>
          <label></label>
        </box>
        <box>
          <tlx>1879</tlx>
          <tly>509</tly>
          <brx>1949</brx>
          <bry>603</bry>
          <value></value>
          <label></label>
        </box>
        <box>
          <tlx>1951</tlx>
          <tly>509</tly>
          <brx>2022</brx>
          <bry>603</bry>
          <value></value>
          <label></label>
        </box>
        <box>
          <tlx>2024</tlx>
          <tly>509</tly>
          <brx>2095</brx>
          <bry>603</bry>
          <value></value>
          <label></label>
        </box>
      </boxgroup>
      <boxgroup>
        <type>1</type>
        <width>5</width>
        <varname>INTERO_Intero01</varname>
        <sortorder>2</sortorder>
        <label>&lt;p align="center" class="western" lang="es-MX"&gt;&#xA0;A&#xA0;&#xA0; &#xA0;&#xA0;&#xA0; continuaci&#xF3;n&#xA0;&#xA0; &#xA0;&#xA0;&#xA0; se&#xA0;&#xA0; &#xA0;&#xA0;&#xA0; encuentra&#xA0;&#xA0; &#xA0;&#xA0;&#xA0; una&#xA0;&#xA0; &#xA0;&#xA0;&#xA0; lista&#xA0;&#xA0; &#xA0;&#xA0;&#xA0; de&#xA0;&#xA0; &#xA0;&#xA0;&#xA0; enunciados.&#xA0;&#xA0; &#xA0;&#xA0;&#xA0; Por&#xA0;&#xA0; &#xA0;&#xA0;&#xA0; favor&#xA0;&#xA0; &#xA0;&#xA0;&#xA0; indique&#xA0;&#xA0; &#xA0;&#xA0;&#xA0; cu&#xE1;n&#xA0;&#xA0; &#xA0;&#xA0;&#xA0; a&#xA0;&#xA0; &#xA0;&#xA0;&#xA0; menudo&#xA0;&#xA0; &#xA0;&#xA0;&#xA0; dichos enunciados&#xA0;&#xA0; &#xA0;&#xA0;&#xA0; se&#xA0;&#xA0; &#xA0;&#xA0;&#xA0; aplican&#xA0;&#xA0; &#xA0;&#xA0;&#xA0; a&#xA0;&#xA0; &#xA0;&#xA0;&#xA0; usted&#xA0;&#xA0; &#xA0;&#xA0;&#xA0; en&#xA0;&#xA0; &#xA0;&#xA0;&#xA0; su&#xA0;&#xA0; &#xA0;&#xA0;&#xA0; vida&#xA0;&#xA0; &#xA0;&#xA0;&#xA0; cotidiana.&#xA0;&#xA0; &#xA0;&#xA0;&#xA0; &#xA0; &lt;/p&gt; : Cuando  estoy  tenso(a) noto d&#xF3;nde se ubica la tensi&#xF3;n en mi cuerpo.</label>
        <groupsection idref="1"/>
        <box>
          <tlx>1199</tlx>
          <tly>977</tly>
          <brx>1258</brx>
          <bry>1036</bry>
          <value>Inte1</value>
          <label>0 - Nunca</label>
        </box>
        <box>
          <tlx>1352</tlx>
          <tly>977</tly>
          <brx>1411</brx>
          <bry>1036</bry>
          <value>Inte2</value>
          <label>1</label>
        </box>
        <box>
          <tlx>1506</tlx>
          <tly>977</tly>
          <brx>1565</brx>
          <bry>1036</bry>
          <value>Inte3</value>
          <label>2</label>
        </box>
        <box>
          <tlx>1659</tlx>
          <tly>977</tly>
          <brx>1719</brx>
          <bry>1036</bry>
          <value>Inte4</value>
          <label>3</label>
        </box>
        <box>
          <tlx>1813</tlx>
          <tly>977</tly>
          <brx>1872</brx>
          <bry>1036</bry>
          <value>Inte5</value>
          <label>4</label>
        </box>
        <box>
          <tlx>1967</tlx>
          <tly>977</tly>
          <brx>2026</brx>
          <bry>1036</bry>
          <value>Inte6</value>
          <label>5 - Siempre</label>
        </box>
      </boxgroup>
      <boxgroup>
        <type>1</type>
        <width>5</width>
        <varname>INTERO_Intero02</varname>
        <sortorder>3</sortorder>
        <label>&lt;p align="center" class="western" lang="es-MX"&gt;&#xA0;A&#xA0;&#xA0; &#xA0;&#xA0;&#xA0; continuaci&#xF3;n&#xA0;&#xA0; &#xA0;&#xA0;&#xA0; se&#xA0;&#xA0; &#xA0;&#xA0;&#xA0; encuentra&#xA0;&#xA0; &#xA0;&#xA0;&#xA0; una&#xA0;&#xA0; &#xA0;&#xA0;&#xA0; lista&#xA0;&#xA0; &#xA0;&#xA0;&#xA0; de&#xA0;&#xA0; &#xA0;&#xA0;&#xA0; enunciados.&#xA0;&#xA0; &#xA0;&#xA0;&#xA0; Por&#xA0;&#xA0; &#xA0;&#xA0;&#xA0; favor&#xA0;&#xA0; &#xA0;&#xA0;&#xA0; indique&#xA0;&#xA0; &#xA0;&#xA0;&#xA0; cu&#xE1;n&#xA0;&#xA0; &#xA0;&#xA0;&#xA0; a&#xA0;&#xA0; &#xA0;&#xA0;&#xA0; menudo&#xA0;&#xA0; &#xA0;&#xA0;&#xA0; dichos enunciados&#xA0;&#xA0; &#xA0;&#xA0;&#xA0; se&#xA0;&#xA0; &#xA0;&#xA0;&#xA0; aplican&#xA0;&#xA0; &#xA0;&#xA0;&#xA0; a&#xA0;&#xA0; &#xA0;&#xA0;&#xA0; usted&#xA0;&#xA0; &#xA0;&#xA0;&#xA0; en&#xA0;&#xA0; &#xA0;&#xA0;&#xA0; su&#xA0;&#xA0; &#xA0;&#xA0;&#xA0; vida&#xA0;&#xA0; &#xA0;&#xA0;&#xA0; cotidiana.&#xA0;&#xA0; &#xA0;&#xA0;&#xA0; &#xA0; &lt;/p&gt; : Me doy cuenta cuando me siento inc&#xF3;modo(a) en mi cuerpo.</label>
        <groupsection idref="1"/>
        <box>
          <tlx>1199</tlx>
          <tly>1101</tly>
          <brx>1258</brx>
          <bry>1160</bry>
          <value>Inte1</value>
          <label>0 - Nunca</label>
        </box>
        <box>
          <tlx>1352</tlx>
          <tly>1101</tly>
          <brx>1411</brx>
          <bry>1160</bry>
          <value>Inte2</value>
          <label>1</label>
        </box>
        <box>
          <tlx>1506</tlx>
          <tly>1101</tly>
          <brx>1565</brx>
          <bry>1160</bry>
          <value>Inte3</value>
          <label>2</label>
        </box>
        <box>
          <tlx>1659</tlx>
          <tly>1101</tly>
          <brx>1719</brx>
          <bry>1160</bry>
          <value>Inte4</value>
          <label>3</label>
        </box>
        <box>
          <tlx>1813</tlx>
          <tly>1101</tly>
          <brx>1872</brx>
          <bry>1160</bry>
          <value>Inte5</value>
          <label>4</label>
        </box>
        <box>
          <tlx>1967</tlx>
          <tly>1101</tly>
          <brx>2026</brx>
          <bry>1160</bry>
          <value>Inte6</value>
          <label>5 - Siempre</label>
        </box>
      </boxgroup>
      <boxgroup>
        <type>1</type>
        <width>5</width>
        <varname>INTERO_Intero03</varname>
        <sortorder>4</sortorder>
        <label>&lt;p align="center" class="western" lang="es-MX"&gt;&#xA0;A&#xA0;&#xA0; &#xA0;&#xA0;&#xA0; continuaci&#xF3;n&#xA0;&#xA0; &#xA0;&#xA0;&#xA0; se&#xA0;&#xA0; &#xA0;&#xA0;&#xA0; encuentra&#xA0;&#xA0; &#xA0;&#xA0;&#xA0; una&#xA0;&#xA0; &#xA0;&#xA0;&#xA0; lista&#xA0;&#xA0; &#xA0;&#xA0;&#xA0; de&#xA0;&#xA0; &#xA0;&#xA0;&#xA0; enunciados.&#xA0;&#xA0; &#xA0;&#xA0;&#xA0; Por&#xA0;&#xA0; &#xA0;&#xA0;&#xA0; favor&#xA0;&#xA0; &#xA0;&#xA0;&#xA0; indique&#xA0;&#xA0; &#xA0;&#xA0;&#xA0; cu&#xE1;n&#xA0;&#xA0; &#xA0;&#xA0;&#xA0; a&#xA0;&#xA0; &#xA0;&#xA0;&#xA0; menudo&#xA0;&#xA0; &#xA0;&#xA0;&#xA0; dichos enunciados&#xA0;&#xA0; &#xA0;&#xA0;&#xA0; se&#xA0;&#xA0; &#xA0;&#xA0;&#xA0; aplican&#xA0;&#xA0; &#xA0;&#xA0;&#xA0; a&#xA0;&#xA0; &#xA0;&#xA0;&#xA0; usted&#xA0;&#xA0; &#xA0;&#xA0;&#xA0; en&#xA0;&#xA0; &#xA0;&#xA0;&#xA0; su&#xA0;&#xA0; &#xA0;&#xA0;&#xA0; vida&#xA0;&#xA0; &#xA0;&#xA0;&#xA0; cotidiana.&#xA0;&#xA0; &#xA0;&#xA0;&#xA0; &#xA0; &lt;/p&gt; : Cuando estoy c&#xF3;modo(a) lo noto en partes espec&#xED;ficas de mi cuerpo.</label>
        <groupsection idref="1"/>
        <box>
          <tlx>1199</tlx>
          <tly>1225</tly>
          <brx>1258</brx>
          <bry>1284</bry>
          <value>Inte1</value>
          <label>0 - Nunca</label>
        </box>
        <box>
          <tlx>1352</tlx>
          <tly>1225</tly>
          <brx>1411</brx>
          <bry>1284</bry>
          <value>Inte2</value>
          <label>1</label>
        </box>
        <box>
          <tlx>1506</tlx>
          <tly>1225</tly>
          <brx>1565</brx>
          <bry>1284</bry>
          <value>Inte3</value>
          <label>2</label>
        </box>
        <box>
          <tlx>1659</tlx>
          <tly>1225</tly>
          <brx>1719</brx>
          <bry>1284</bry>
          <value>Inte4</value>
          <label>3</label>
        </box>
        <box>
          <tlx>1813</tlx>
          <tly>1225</tly>
          <brx>1872</brx>
          <bry>1284</bry>
          <value>Inte5</value>
          <label>4</label>
        </box>
        <box>
          <tlx>1967</tlx>
          <tly>1225</tly>
          <brx>2026</brx>
          <bry>1284</bry>
          <value>Inte6</value>
          <label>5 - Siempre</label>
        </box>
      </boxgroup>
      <boxgroup>
        <type>1</type>
        <width>5</width>
        <varname>INTERO_Intero04</varname>
        <sortorder>5</sortorder>
        <label>&lt;p align="center" class="western" lang="es-MX"&gt;&#xA0;A&#xA0;&#xA0; &#xA0;&#xA0;&#xA0; continuaci&#xF3;n&#xA0;&#xA0; &#xA0;&#xA0;&#xA0; se&#xA0;&#xA0; &#xA0;&#xA0;&#xA0; encuentra&#xA0;&#xA0; &#xA0;&#xA0;&#xA0; una&#xA0;&#xA0; &#xA0;&#xA0;&#xA0; lista&#xA0;&#xA0; &#xA0;&#xA0;&#xA0; de&#xA0;&#xA0; &#xA0;&#xA0;&#xA0; enunciados.&#xA0;&#xA0; &#xA0;&#xA0;&#xA0; Por&#xA0;&#xA0; &#xA0;&#xA0;&#xA0; favor&#xA0;&#xA0; &#xA0;&#xA0;&#xA0; indique&#xA0;&#xA0; &#xA0;&#xA0;&#xA0; cu&#xE1;n&#xA0;&#xA0; &#xA0;&#xA0;&#xA0; a&#xA0;&#xA0; &#xA0;&#xA0;&#xA0; menudo&#xA0;&#xA0; &#xA0;&#xA0;&#xA0; dichos enunciados&#xA0;&#xA0; &#xA0;&#xA0;&#xA0; se&#xA0;&#xA0; &#xA0;&#xA0;&#xA0; aplican&#xA0;&#xA0; &#xA0;&#xA0;&#xA0; a&#xA0;&#xA0; &#xA0;&#xA0;&#xA0; usted&#xA0;&#xA0; &#xA0;&#xA0;&#xA0; en&#xA0;&#xA0; &#xA0;&#xA0;&#xA0; su&#xA0;&#xA0; &#xA0;&#xA0;&#xA0; vida&#xA0;&#xA0; &#xA0;&#xA0;&#xA0; cotidiana.&#xA0;&#xA0; &#xA0;&#xA0;&#xA0; &#xA0; &lt;/p&gt; : Noto cambios en mi respiraci&#xF3;n, tales como cuando se hace m&#xE1;s lenta o m&#xE1;s r&#xE1;pida.</label>
        <groupsection idref="1"/>
        <box>
          <tlx>1199</tlx>
          <tly>1349</tly>
          <brx>1258</brx>
          <bry>1408</bry>
          <value>Inte1</value>
          <label>0 - Nunca</label>
        </box>
        <box>
          <tlx>1352</tlx>
          <tly>1349</tly>
          <brx>1411</brx>
          <bry>1408</bry>
          <value>Inte2</value>
          <label>1</label>
        </box>
        <box>
          <tlx>1506</tlx>
          <tly>1349</tly>
          <brx>1565</brx>
          <bry>1408</bry>
          <value>Inte3</value>
          <label>2</label>
        </box>
        <box>
          <tlx>1659</tlx>
          <tly>1349</tly>
          <brx>1719</brx>
          <bry>1408</bry>
          <value>Inte4</value>
          <label>3</label>
        </box>
        <box>
          <tlx>1813</tlx>
          <tly>1349</tly>
          <brx>1872</brx>
          <bry>1408</bry>
          <value>Inte5</value>
          <label>4</label>
        </box>
        <box>
          <tlx>1967</tlx>
          <tly>1349</tly>
          <brx>2026</brx>
          <bry>1408</bry>
          <value>Inte6</value>
          <label>5 - Siempre</label>
        </box>
      </boxgroup>
      <boxgroup>
        <type>1</type>
        <width>5</width>
        <varname>INTERO_Intero05</varname>
        <sortorder>6</sortorder>
        <label>&lt;p align="center" class="western" lang="es-MX"&gt;&#xA0;A&#xA0;&#xA0; &#xA0;&#xA0;&#xA0; continuaci&#xF3;n&#xA0;&#xA0; &#xA0;&#xA0;&#xA0; se&#xA0;&#xA0; &#xA0;&#xA0;&#xA0; encuentra&#xA0;&#xA0; &#xA0;&#xA0;&#xA0; una&#xA0;&#xA0; &#xA0;&#xA0;&#xA0; lista&#xA0;&#xA0; &#xA0;&#xA0;&#xA0; de&#xA0;&#xA0; &#xA0;&#xA0;&#xA0; enunciados.&#xA0;&#xA0; &#xA0;&#xA0;&#xA0; Por&#xA0;&#xA0; &#xA0;&#xA0;&#xA0; favor&#xA0;&#xA0; &#xA0;&#xA0;&#xA0; indique&#xA0;&#xA0; &#xA0;&#xA0;&#xA0; cu&#xE1;n&#xA0;&#xA0; &#xA0;&#xA0;&#xA0; a&#xA0;&#xA0; &#xA0;&#xA0;&#xA0; menudo&#xA0;&#xA0; &#xA0;&#xA0;&#xA0; dichos enunciados&#xA0;&#xA0; &#xA0;&#xA0;&#xA0; se&#xA0;&#xA0; &#xA0;&#xA0;&#xA0; aplican&#xA0;&#xA0; &#xA0;&#xA0;&#xA0; a&#xA0;&#xA0; &#xA0;&#xA0;&#xA0; usted&#xA0;&#xA0; &#xA0;&#xA0;&#xA0; en&#xA0;&#xA0; &#xA0;&#xA0;&#xA0; su&#xA0;&#xA0; &#xA0;&#xA0;&#xA0; vida&#xA0;&#xA0; &#xA0;&#xA0;&#xA0; cotidiana.&#xA0;&#xA0; &#xA0;&#xA0;&#xA0; &#xA0; &lt;/p&gt; : Noto la tensi&#xF3;n f&#xED;sica o el malestar solamente cuando se vuelve muy severo.</label>
        <groupsection idref="1"/>
        <box>
          <tlx>1199</tlx>
          <tly>1473</tly>
          <brx>1258</brx>
          <bry>1532</bry>
          <value>Inte1</value>
          <label>0 - Nunca</label>
        </box>
        <box>
          <tlx>1352</tlx>
          <tly>1473</tly>
          <brx>1411</brx>
          <bry>1532</bry>
          <value>Inte2</value>
          <label>1</label>
        </box>
        <box>
          <tlx>1506</tlx>
          <tly>1473</tly>
          <brx>1565</brx>
          <bry>1532</bry>
          <value>Inte3</value>
          <label>2</label>
        </box>
        <box>
          <tlx>1659</tlx>
          <tly>1473</tly>
          <brx>1719</brx>
          <bry>1532</bry>
          <value>Inte4</value>
          <label>3</label>
        </box>
        <box>
          <tlx>1813</tlx>
          <tly>1473</tly>
          <brx>1872</brx>
          <bry>1532</bry>
          <value>Inte5</value>
          <label>4</label>
        </box>
        <box>
          <tlx>1967</tlx>
          <tly>1473</tly>
          <brx>2026</brx>
          <bry>1532</bry>
          <value>Inte6</value>
          <label>5 - Siempre</label>
        </box>
      </boxgroup>
      <boxgroup>
        <type>1</type>
        <width>5</width>
        <varname>INTERO_Intero06</varname>
        <sortorder>7</sortorder>
        <label>&lt;p align="center" class="western" lang="es-MX"&gt;&#xA0;A&#xA0;&#xA0; &#xA0;&#xA0;&#xA0; continuaci&#xF3;n&#xA0;&#xA0; &#xA0;&#xA0;&#xA0; se&#xA0;&#xA0; &#xA0;&#xA0;&#xA0; encuentra&#xA0;&#xA0; &#xA0;&#xA0;&#xA0; una&#xA0;&#xA0; &#xA0;&#xA0;&#xA0; lista&#xA0;&#xA0; &#xA0;&#xA0;&#xA0; de&#xA0;&#xA0; &#xA0;&#xA0;&#xA0; enunciados.&#xA0;&#xA0; &#xA0;&#xA0;&#xA0; Por&#xA0;&#xA0; &#xA0;&#xA0;&#xA0; favor&#xA0;&#xA0; &#xA0;&#xA0;&#xA0; indique&#xA0;&#xA0; &#xA0;&#xA0;&#xA0; cu&#xE1;n&#xA0;&#xA0; &#xA0;&#xA0;&#xA0; a&#xA0;&#xA0; &#xA0;&#xA0;&#xA0; menudo&#xA0;&#xA0; &#xA0;&#xA0;&#xA0; dichos enunciados&#xA0;&#xA0; &#xA0;&#xA0;&#xA0; se&#xA0;&#xA0; &#xA0;&#xA0;&#xA0; aplican&#xA0;&#xA0; &#xA0;&#xA0;&#xA0; a&#xA0;&#xA0; &#xA0;&#xA0;&#xA0; usted&#xA0;&#xA0; &#xA0;&#xA0;&#xA0; en&#xA0;&#xA0; &#xA0;&#xA0;&#xA0; su&#xA0;&#xA0; &#xA0;&#xA0;&#xA0; vida&#xA0;&#xA0; &#xA0;&#xA0;&#xA0; cotidiana.&#xA0;&#xA0; &#xA0;&#xA0;&#xA0; &#xA0; &lt;/p&gt; : No me doy cuenta de las sensaciones de malestar.</label>
        <groupsection idref="1"/>
        <box>
          <tlx>1199</tlx>
          <tly>1597</tly>
          <brx>1258</brx>
          <bry>1656</bry>
          <value>Inte1</value>
          <label>0 - Nunca</label>
        </box>
        <box>
          <tlx>1352</tlx>
          <tly>1597</tly>
          <brx>1411</brx>
          <bry>1656</bry>
          <value>Inte2</value>
          <label>1</label>
        </box>
        <box>
          <tlx>1506</tlx>
          <tly>1597</tly>
          <brx>1565</brx>
          <bry>1656</bry>
          <value>Inte3</value>
          <label>2</label>
        </box>
        <box>
          <tlx>1659</tlx>
          <tly>1597</tly>
          <brx>1719</brx>
          <bry>1656</bry>
          <value>Inte4</value>
          <label>3</label>
        </box>
        <box>
          <tlx>1813</tlx>
          <tly>1597</tly>
          <brx>1872</brx>
          <bry>1656</bry>
          <value>Inte5</value>
          <label>4</label>
        </box>
        <box>
          <tlx>1967</tlx>
          <tly>1597</tly>
          <brx>2026</brx>
          <bry>1656</bry>
          <value>Inte6</value>
          <label>5 - Siempre</label>
        </box>
      </boxgroup>
      <boxgroup>
        <type>1</type>
        <width>5</width>
        <varname>INTERO_Intero07</varname>
        <sortorder>8</sortorder>
        <label>&lt;p align="center" class="western" lang="es-MX"&gt;&#xA0;A&#xA0;&#xA0; &#xA0;&#xA0;&#xA0; continuaci&#xF3;n&#xA0;&#xA0; &#xA0;&#xA0;&#xA0; se&#xA0;&#xA0; &#xA0;&#xA0;&#xA0; encuentra&#xA0;&#xA0; &#xA0;&#xA0;&#xA0; una&#xA0;&#xA0; &#xA0;&#xA0;&#xA0; lista&#xA0;&#xA0; &#xA0;&#xA0;&#xA0; de&#xA0;&#xA0; &#xA0;&#xA0;&#xA0; enunciados.&#xA0;&#xA0; &#xA0;&#xA0;&#xA0; Por&#xA0;&#xA0; &#xA0;&#xA0;&#xA0; favor&#xA0;&#xA0; &#xA0;&#xA0;&#xA0; indique&#xA0;&#xA0; &#xA0;&#xA0;&#xA0; cu&#xE1;n&#xA0;&#xA0; &#xA0;&#xA0;&#xA0; a&#xA0;&#xA0; &#xA0;&#xA0;&#xA0; menudo&#xA0;&#xA0; &#xA0;&#xA0;&#xA0; dichos enunciados&#xA0;&#xA0; &#xA0;&#xA0;&#xA0; se&#xA0;&#xA0; &#xA0;&#xA0;&#xA0; aplican&#xA0;&#xA0; &#xA0;&#xA0;&#xA0; a&#xA0;&#xA0; &#xA0;&#xA0;&#xA0; usted&#xA0;&#xA0; &#xA0;&#xA0;&#xA0; en&#xA0;&#xA0; &#xA0;&#xA0;&#xA0; su&#xA0;&#xA0; &#xA0;&#xA0;&#xA0; vida&#xA0;&#xA0; &#xA0;&#xA0;&#xA0; cotidiana.&#xA0;&#xA0; &#xA0;&#xA0;&#xA0; &#xA0; &lt;/p&gt; : Cuando siento dolor o malestar intento ignorarlo y continuar con lo que estaba haciendo.</label>
        <groupsection idref="1"/>
        <box>
          <tlx>1199</tlx>
          <tly>1721</tly>
          <brx>1258</brx>
          <bry>1780</bry>
          <value>Inte1</value>
          <label>0 - Nunca</label>
        </box>
        <box>
          <tlx>1352</tlx>
          <tly>1721</tly>
          <brx>1411</brx>
          <bry>1780</bry>
          <value>Inte2</value>
          <label>1</label>
        </box>
        <box>
          <tlx>1506</tlx>
          <tly>1721</tly>
          <brx>1565</brx>
          <bry>1780</bry>
          <value>Inte3</value>
          <label>2</label>
        </box>
        <box>
          <tlx>1659</tlx>
          <tly>1721</tly>
          <brx>1719</brx>
          <bry>1780</bry>
          <value>Inte4</value>
          <label>3</label>
        </box>
        <box>
          <tlx>1813</tlx>
          <tly>1721</tly>
          <brx>1872</brx>
          <bry>1780</bry>
          <value>Inte5</value>
          <label>4</label>
        </box>
        <box>
          <tlx>1967</tlx>
          <tly>1721</tly>
          <brx>2026</brx>
          <bry>1780</bry>
          <value>Inte6</value>
          <label>5 - Siempre</label>
        </box>
      </boxgroup>
      <boxgroup>
        <type>1</type>
        <width>5</width>
        <varname>INTERO_Intero08</varname>
        <sortorder>9</sortorder>
        <label>&lt;p align="center" class="western" lang="es-MX"&gt;&#xA0;A&#xA0;&#xA0; &#xA0;&#xA0;&#xA0; continuaci&#xF3;n&#xA0;&#xA0; &#xA0;&#xA0;&#xA0; se&#xA0;&#xA0; &#xA0;&#xA0;&#xA0; encuentra&#xA0;&#xA0; &#xA0;&#xA0;&#xA0; una&#xA0;&#xA0; &#xA0;&#xA0;&#xA0; lista&#xA0;&#xA0; &#xA0;&#xA0;&#xA0; de&#xA0;&#xA0; &#xA0;&#xA0;&#xA0; enunciados.&#xA0;&#xA0; &#xA0;&#xA0;&#xA0; Por&#xA0;&#xA0; &#xA0;&#xA0;&#xA0; favor&#xA0;&#xA0; &#xA0;&#xA0;&#xA0; indique&#xA0;&#xA0; &#xA0;&#xA0;&#xA0; cu&#xE1;n&#xA0;&#xA0; &#xA0;&#xA0;&#xA0; a&#xA0;&#xA0; &#xA0;&#xA0;&#xA0; menudo&#xA0;&#xA0; &#xA0;&#xA0;&#xA0; dichos enunciados&#xA0;&#xA0; &#xA0;&#xA0;&#xA0; se&#xA0;&#xA0; &#xA0;&#xA0;&#xA0; aplican&#xA0;&#xA0; &#xA0;&#xA0;&#xA0; a&#xA0;&#xA0; &#xA0;&#xA0;&#xA0; usted&#xA0;&#xA0; &#xA0;&#xA0;&#xA0; en&#xA0;&#xA0; &#xA0;&#xA0;&#xA0; su&#xA0;&#xA0; &#xA0;&#xA0;&#xA0; vida&#xA0;&#xA0; &#xA0;&#xA0;&#xA0; cotidiana.&#xA0;&#xA0; &#xA0;&#xA0;&#xA0; &#xA0; &lt;/p&gt; : Cuando siento dolor f&#xED;sico me enojo.</label>
        <groupsection idref="1"/>
        <box>
          <tlx>1199</tlx>
          <tly>1845</tly>
          <brx>1258</brx>
          <bry>1904</bry>
          <value>Inte1</value>
          <label>0 - Nunca</label>
        </box>
        <box>
          <tlx>1352</tlx>
          <tly>1845</tly>
          <brx>1411</brx>
          <bry>1904</bry>
          <value>Inte2</value>
          <label>1</label>
        </box>
        <box>
          <tlx>1506</tlx>
          <tly>1845</tly>
          <brx>1565</brx>
          <bry>1904</bry>
          <value>Inte3</value>
          <label>2</label>
        </box>
        <box>
          <tlx>1659</tlx>
          <tly>1845</tly>
          <brx>1719</brx>
          <bry>1904</bry>
          <value>Inte4</value>
          <label>3</label>
        </box>
        <box>
          <tlx>1813</tlx>
          <tly>1845</tly>
          <brx>1872</brx>
          <bry>1904</bry>
          <value>Inte5</value>
          <label>4</label>
        </box>
        <box>
          <tlx>1967</tlx>
          <tly>1845</tly>
          <brx>2026</brx>
          <bry>1904</bry>
          <value>Inte6</value>
          <label>5 - Siempre</label>
        </box>
      </boxgroup>
      <boxgroup>
        <type>1</type>
        <width>5</width>
        <varname>INTERO_Intero09</varname>
        <sortorder>10</sortorder>
        <label>&lt;p align="center" class="western" lang="es-MX"&gt;&#xA0;A&#xA0;&#xA0; &#xA0;&#xA0;&#xA0; continuaci&#xF3;n&#xA0;&#xA0; &#xA0;&#xA0;&#xA0; se&#xA0;&#xA0; &#xA0;&#xA0;&#xA0; encuentra&#xA0;&#xA0; &#xA0;&#xA0;&#xA0; una&#xA0;&#xA0; &#xA0;&#xA0;&#xA0; lista&#xA0;&#xA0; &#xA0;&#xA0;&#xA0; de&#xA0;&#xA0; &#xA0;&#xA0;&#xA0; enunciados.&#xA0;&#xA0; &#xA0;&#xA0;&#xA0; Por&#xA0;&#xA0; &#xA0;&#xA0;&#xA0; favor&#xA0;&#xA0; &#xA0;&#xA0;&#xA0; indique&#xA0;&#xA0; &#xA0;&#xA0;&#xA0; cu&#xE1;n&#xA0;&#xA0; &#xA0;&#xA0;&#xA0; a&#xA0;&#xA0; &#xA0;&#xA0;&#xA0; menudo&#xA0;&#xA0; &#xA0;&#xA0;&#xA0; dichos enunciados&#xA0;&#xA0; &#xA0;&#xA0;&#xA0; se&#xA0;&#xA0; &#xA0;&#xA0;&#xA0; aplican&#xA0;&#xA0; &#xA0;&#xA0;&#xA0; a&#xA0;&#xA0; &#xA0;&#xA0;&#xA0; usted&#xA0;&#xA0; &#xA0;&#xA0;&#xA0; en&#xA0;&#xA0; &#xA0;&#xA0;&#xA0; su&#xA0;&#xA0; &#xA0;&#xA0;&#xA0; vida&#xA0;&#xA0; &#xA0;&#xA0;&#xA0; cotidiana.&#xA0;&#xA0; &#xA0;&#xA0;&#xA0; &#xA0; &lt;/p&gt; : Si siento alg&#xFA;n malestar me empieza a preocupar que algo no ande bien.</label>
        <groupsection idref="1"/>
        <box>
          <tlx>1199</tlx>
          <tly>1969</tly>
          <brx>1258</brx>
          <bry>2028</bry>
          <value>Inte1</value>
          <label>0 - Nunca</label>
        </box>
        <box>
          <tlx>1352</tlx>
          <tly>1969</tly>
          <brx>1411</brx>
          <bry>2028</bry>
          <value>Inte2</value>
          <label>1</label>
        </box>
        <box>
          <tlx>1506</tlx>
          <tly>1969</tly>
          <brx>1565</brx>
          <bry>2028</bry>
          <value>Inte3</value>
          <label>2</label>
        </box>
        <box>
          <tlx>1659</tlx>
          <tly>1969</tly>
          <brx>1719</brx>
          <bry>2028</bry>
          <value>Inte4</value>
          <label>3</label>
        </box>
        <box>
          <tlx>1813</tlx>
          <tly>1969</tly>
          <brx>1872</brx>
          <bry>2028</bry>
          <value>Inte5</value>
          <label>4</label>
        </box>
        <box>
          <tlx>1967</tlx>
          <tly>1969</tly>
          <brx>2026</brx>
          <bry>2028</bry>
          <value>Inte6</value>
          <label>5 - Siempre</label>
        </box>
      </boxgroup>
      <boxgroup>
        <type>1</type>
        <width>5</width>
        <varname>INTERO_Intero10</varname>
        <sortorder>11</sortorder>
        <label>&lt;p align="center" class="western" lang="es-MX"&gt;&#xA0;A&#xA0;&#xA0; &#xA0;&#xA0;&#xA0; continuaci&#xF3;n&#xA0;&#xA0; &#xA0;&#xA0;&#xA0; se&#xA0;&#xA0; &#xA0;&#xA0;&#xA0; encuentra&#xA0;&#xA0; &#xA0;&#xA0;&#xA0; una&#xA0;&#xA0; &#xA0;&#xA0;&#xA0; lista&#xA0;&#xA0; &#xA0;&#xA0;&#xA0; de&#xA0;&#xA0; &#xA0;&#xA0;&#xA0; enunciados.&#xA0;&#xA0; &#xA0;&#xA0;&#xA0; Por&#xA0;&#xA0; &#xA0;&#xA0;&#xA0; favor&#xA0;&#xA0; &#xA0;&#xA0;&#xA0; indique&#xA0;&#xA0; &#xA0;&#xA0;&#xA0; cu&#xE1;n&#xA0;&#xA0; &#xA0;&#xA0;&#xA0; a&#xA0;&#xA0; &#xA0;&#xA0;&#xA0; menudo&#xA0;&#xA0; &#xA0;&#xA0;&#xA0; dichos enunciados&#xA0;&#xA0; &#xA0;&#xA0;&#xA0; se&#xA0;&#xA0; &#xA0;&#xA0;&#xA0; aplican&#xA0;&#xA0; &#xA0;&#xA0;&#xA0; a&#xA0;&#xA0; &#xA0;&#xA0;&#xA0; usted&#xA0;&#xA0; &#xA0;&#xA0;&#xA0; en&#xA0;&#xA0; &#xA0;&#xA0;&#xA0; su&#xA0;&#xA0; &#xA0;&#xA0;&#xA0; vida&#xA0;&#xA0; &#xA0;&#xA0;&#xA0; cotidiana.&#xA0;&#xA0; &#xA0;&#xA0;&#xA0; &#xA0; &lt;/p&gt; : Puedo sentir alguna sensaci&#xF3;n f&#xED;sica desagradable sin preocuparme por ella.</label>
        <groupsection idref="1"/>
        <box>
          <tlx>1199</tlx>
          <tly>2093</tly>
          <brx>1258</brx>
          <bry>2152</bry>
          <value>Inte1</value>
          <label>0 - Nunca</label>
        </box>
        <box>
          <tlx>1352</tlx>
          <tly>2093</tly>
          <brx>1411</brx>
          <bry>2152</bry>
          <value>Inte2</value>
          <label>1</label>
        </box>
        <box>
          <tlx>1506</tlx>
          <tly>2093</tly>
          <brx>1565</brx>
          <bry>2152</bry>
          <value>Inte3</value>
          <label>2</label>
        </box>
        <box>
          <tlx>1659</tlx>
          <tly>2093</tly>
          <brx>1719</brx>
          <bry>2152</bry>
          <value>Inte4</value>
          <label>3</label>
        </box>
        <box>
          <tlx>1813</tlx>
          <tly>2093</tly>
          <brx>1872</brx>
          <bry>2152</bry>
          <value>Inte5</value>
          <label>4</label>
        </box>
        <box>
          <tlx>1967</tlx>
          <tly>2093</tly>
          <brx>2026</brx>
          <bry>2152</bry>
          <value>Inte6</value>
          <label>5 - Siempre</label>
        </box>
      </boxgroup>
      <boxgroup>
        <type>1</type>
        <width>5</width>
        <varname>INTERO_Intero11</varname>
        <sortorder>12</sortorder>
        <label>&lt;p align="center" class="western" lang="es-MX"&gt;&#xA0;A&#xA0;&#xA0; &#xA0;&#xA0;&#xA0; continuaci&#xF3;n&#xA0;&#xA0; &#xA0;&#xA0;&#xA0; se&#xA0;&#xA0; &#xA0;&#xA0;&#xA0; encuentra&#xA0;&#xA0; &#xA0;&#xA0;&#xA0; una&#xA0;&#xA0; &#xA0;&#xA0;&#xA0; lista&#xA0;&#xA0; &#xA0;&#xA0;&#xA0; de&#xA0;&#xA0; &#xA0;&#xA0;&#xA0; enunciados.&#xA0;&#xA0; &#xA0;&#xA0;&#xA0; Por&#xA0;&#xA0; &#xA0;&#xA0;&#xA0; favor&#xA0;&#xA0; &#xA0;&#xA0;&#xA0; indique&#xA0;&#xA0; &#xA0;&#xA0;&#xA0; cu&#xE1;n&#xA0;&#xA0; &#xA0;&#xA0;&#xA0; a&#xA0;&#xA0; &#xA0;&#xA0;&#xA0; menudo&#xA0;&#xA0; &#xA0;&#xA0;&#xA0; dichos enunciados&#xA0;&#xA0; &#xA0;&#xA0;&#xA0; se&#xA0;&#xA0; &#xA0;&#xA0;&#xA0; aplican&#xA0;&#xA0; &#xA0;&#xA0;&#xA0; a&#xA0;&#xA0; &#xA0;&#xA0;&#xA0; usted&#xA0;&#xA0; &#xA0;&#xA0;&#xA0; en&#xA0;&#xA0; &#xA0;&#xA0;&#xA0; su&#xA0;&#xA0; &#xA0;&#xA0;&#xA0; vida&#xA0;&#xA0; &#xA0;&#xA0;&#xA0; cotidiana.&#xA0;&#xA0; &#xA0;&#xA0;&#xA0; &#xA0; &lt;/p&gt; : Puedo prestar atenci&#xF3;n a mi respiraci&#xF3;n sin ser distra&#xED;do (a) por lo que pasa a mi alrededor.</label>
        <groupsection idref="1"/>
        <box>
          <tlx>1199</tlx>
          <tly>2217</tly>
          <brx>1258</brx>
          <bry>2276</bry>
          <value>Inte1</value>
          <label>0 - Nunca</label>
        </box>
        <box>
          <tlx>1352</tlx>
          <tly>2217</tly>
          <brx>1411</brx>
          <bry>2276</bry>
          <value>Inte2</value>
          <label>1</label>
        </box>
        <box>
          <tlx>1506</tlx>
          <tly>2217</tly>
          <brx>1565</brx>
          <bry>2276</bry>
          <value>Inte3</value>
          <label>2</label>
        </box>
        <box>
          <tlx>1659</tlx>
          <tly>2217</tly>
          <brx>1719</brx>
          <bry>2276</bry>
          <value>Inte4</value>
          <label>3</label>
        </box>
        <box>
          <tlx>1813</tlx>
          <tly>2217</tly>
          <brx>1872</brx>
          <bry>2276</bry>
          <value>Inte5</value>
          <label>4</label>
        </box>
        <box>
          <tlx>1967</tlx>
          <tly>2217</tly>
          <brx>2026</brx>
          <bry>2276</bry>
          <value>Inte6</value>
          <label>5 - Siempre</label>
        </box>
      </boxgroup>
      <boxgroup>
        <type>1</type>
        <width>5</width>
        <varname>INTERO2_Intero12</varname>
        <sortorder>13</sortorder>
        <label>Puedo tener conciencia de mis sensaciones corporales internas aun cuando hay muchas cosas sucediendo a mi alrededor.</label>
        <groupsection idref="1"/>
        <box>
          <tlx>1199</tlx>
          <tly>2564</tly>
          <brx>1258</brx>
          <bry>2624</bry>
          <value>Inte1</value>
          <label>0 - Nunca</label>
        </box>
        <box>
          <tlx>1352</tlx>
          <tly>2564</tly>
          <brx>1411</brx>
          <bry>2624</bry>
          <value>Inte2</value>
          <label>1</label>
        </box>
        <box>
          <tlx>1506</tlx>
          <tly>2564</tly>
          <brx>1565</brx>
          <bry>2624</bry>
          <value>Inte3</value>
          <label>2</label>
        </box>
        <box>
          <tlx>1659</tlx>
          <tly>2564</tly>
          <brx>1719</brx>
          <bry>2624</bry>
          <value>Inte4</value>
          <label>3</label>
        </box>
        <box>
          <tlx>1813</tlx>
          <tly>2564</tly>
          <brx>1872</brx>
          <bry>2624</bry>
          <value>Inte5</value>
          <label>4</label>
        </box>
        <box>
          <tlx>1967</tlx>
          <tly>2564</tly>
          <brx>2026</brx>
          <bry>2624</bry>
          <value>Inte6</value>
          <label>5 - Siempre</label>
        </box>
      </boxgroup>
      <boxgroup>
        <type>1</type>
        <width>5</width>
        <varname>INTERO2_Intero13</varname>
        <sortorder>14</sortorder>
        <label>Cuando estoy conversando con alguien puedo prestarle atenci&#xF3;n a mi postura.</label>
        <groupsection idref="1"/>
        <box>
          <tlx>1199</tlx>
          <tly>2719</tly>
          <brx>1258</brx>
          <bry>2779</bry>
          <value>Inte1</value>
          <label>0 - Nunca</label>
        </box>
        <box>
          <tlx>1352</tlx>
          <tly>2719</tly>
          <brx>1411</brx>
          <bry>2779</bry>
          <value>Inte2</value>
          <label>1</label>
        </box>
        <box>
          <tlx>1506</tlx>
          <tly>2719</tly>
          <brx>1565</brx>
          <bry>2779</bry>
          <value>Inte3</value>
          <label>2</label>
        </box>
        <box>
          <tlx>1659</tlx>
          <tly>2719</tly>
          <brx>1719</brx>
          <bry>2779</bry>
          <value>Inte4</value>
          <label>3</label>
        </box>
        <box>
          <tlx>1813</tlx>
          <tly>2719</tly>
          <brx>1872</brx>
          <bry>2779</bry>
          <value>Inte5</value>
          <label>4</label>
        </box>
        <box>
          <tlx>1967</tlx>
          <tly>2719</tly>
          <brx>2026</brx>
          <bry>2779</bry>
          <value>Inte6</value>
          <label>5 - Siempre</label>
        </box>
      </boxgroup>
      <boxgroup>
        <type>1</type>
        <width>5</width>
        <varname>INTERO2_Intero14</varname>
        <sortorder>15</sortorder>
        <label>Puedo volver a concentrarme en mi cuerpo si estoy distraido(a).</label>
        <groupsection idref="1"/>
        <box>
          <tlx>1199</tlx>
          <tly>2844</tly>
          <brx>1258</brx>
          <bry>2903</bry>
          <value>Inte1</value>
          <label>0 - Nunca</label>
        </box>
        <box>
          <tlx>1352</tlx>
          <tly>2844</tly>
          <brx>1411</brx>
          <bry>2903</bry>
          <value>Inte2</value>
          <label>1</label>
        </box>
        <box>
          <tlx>1506</tlx>
          <tly>2844</tly>
          <brx>1565</brx>
          <bry>2903</bry>
          <value>Inte3</value>
          <label>2</label>
        </box>
        <box>
          <tlx>1659</tlx>
          <tly>2844</tly>
          <brx>1719</brx>
          <bry>2903</bry>
          <value>Inte4</value>
          <label>3</label>
        </box>
        <box>
          <tlx>1813</tlx>
          <tly>2844</tly>
          <brx>1872</brx>
          <bry>2903</bry>
          <value>Inte5</value>
          <label>4</label>
        </box>
        <box>
          <tlx>1967</tlx>
          <tly>2844</tly>
          <brx>2026</brx>
          <bry>2903</bry>
          <value>Inte6</value>
          <label>5 - Siempre</label>
        </box>
      </boxgroup>
      <boxgroup>
        <type>1</type>
        <width>5</width>
        <varname>INTERO2_Intero15</varname>
        <sortorder>16</sortorder>
        <label>Puedo redirigir mi atenci&#xF3;n desde mis pensamientos a mis sensaciones corporales.</label>
        <groupsection idref="1"/>
        <box>
          <tlx>1199</tlx>
          <tly>2968</tly>
          <brx>1258</brx>
          <bry>3027</bry>
          <value>Inte1</value>
          <label>0 - Nunca</label>
        </box>
        <box>
          <tlx>1352</tlx>
          <tly>2968</tly>
          <brx>1411</brx>
          <bry>3027</bry>
          <value>Inte2</value>
          <label>1</label>
        </box>
        <box>
          <tlx>1506</tlx>
          <tly>2968</tly>
          <brx>1565</brx>
          <bry>3027</bry>
          <value>Inte3</value>
          <label>2</label>
        </box>
        <box>
          <tlx>1659</tlx>
          <tly>2968</tly>
          <brx>1719</brx>
          <bry>3027</bry>
          <value>Inte4</value>
          <label>3</label>
        </box>
        <box>
          <tlx>1813</tlx>
          <tly>2968</tly>
          <brx>1872</brx>
          <bry>3027</bry>
          <value>Inte5</value>
          <label>4</label>
        </box>
        <box>
          <tlx>1967</tlx>
          <tly>2968</tly>
          <brx>2026</brx>
          <bry>3027</bry>
          <value>Inte6</value>
          <label>5 - Siempre</label>
        </box>
      </boxgroup>
      <boxgroup>
        <type>1</type>
        <width>5</width>
        <varname>INTERO2_Intero16</varname>
        <sortorder>17</sortorder>
        <label>Puedo prestar atenci&#xF3;n a todo mi cuerpo incluso cuando una parte de mi siente dolor o malestar.</label>
        <groupsection idref="1"/>
        <box>
          <tlx>1199</tlx>
          <tly>3092</tly>
          <brx>1258</brx>
          <bry>3151</bry>
          <value>Inte1</value>
          <label>0 - Nunca</label>
        </box>
        <box>
          <tlx>1352</tlx>
          <tly>3092</tly>
          <brx>1411</brx>
          <bry>3151</bry>
          <value>Inte2</value>
          <label>1</label>
        </box>
        <box>
          <tlx>1506</tlx>
          <tly>3092</tly>
          <brx>1565</brx>
          <bry>3151</bry>
          <value>Inte3</value>
          <label>2</label>
        </box>
        <box>
          <tlx>1659</tlx>
          <tly>3092</tly>
          <brx>1719</brx>
          <bry>3151</bry>
          <value>Inte4</value>
          <label>3</label>
        </box>
        <box>
          <tlx>1813</tlx>
          <tly>3092</tly>
          <brx>1872</brx>
          <bry>3151</bry>
          <value>Inte5</value>
          <label>4</label>
        </box>
        <box>
          <tlx>1967</tlx>
          <tly>3092</tly>
          <brx>2026</brx>
          <bry>3151</bry>
          <value>Inte6</value>
          <label>5 - Siempre</label>
        </box>
      </boxgroup>
      <boxgroup>
        <type>1</type>
        <width>5</width>
        <varname>INTERO2_Intero17</varname>
        <sortorder>18</sortorder>
        <label>Soy capaz de concentrarme conscientemente en mi cuerpo de manera global.</label>
        <groupsection idref="1"/>
        <box>
          <tlx>1199</tlx>
          <tly>3216</tly>
          <brx>1258</brx>
          <bry>3275</bry>
          <value>Inte1</value>
          <label>0 - Nunca</label>
        </box>
        <box>
          <tlx>1352</tlx>
          <tly>3216</tly>
          <brx>1411</brx>
          <bry>3275</bry>
          <value>Inte2</value>
          <label>1</label>
        </box>
        <box>
          <tlx>1506</tlx>
          <tly>3216</tly>
          <brx>1565</brx>
          <bry>3275</bry>
          <value>Inte3</value>
          <label>2</label>
        </box>
        <box>
          <tlx>1659</tlx>
          <tly>3216</tly>
          <brx>1719</brx>
          <bry>3275</bry>
          <value>Inte4</value>
          <label>3</label>
        </box>
        <box>
          <tlx>1813</tlx>
          <tly>3216</tly>
          <brx>1872</brx>
          <bry>3275</bry>
          <value>Inte5</value>
          <label>4</label>
        </box>
        <box>
          <tlx>1967</tlx>
          <tly>3216</tly>
          <brx>2026</brx>
          <bry>3275</bry>
          <value>Inte6</value>
          <label>5 - Siempre</label>
        </box>
      </boxgroup>
    </page>
    <page>
      <id>17933902</id>
      <tlx>283</tlx>
      <tly>283</tly>
      <trx>2197</trx>
      <try>283</try>
      <brx>2197</brx>
      <bry>3224</bry>
      <blx>283</blx>
      <bly>3224</bly>
      <rotation>0</rotation>
      <boxgroup>
        <type>1</type>
        <width>5</width>
        <varname>INTERO2_Intero18</varname>
        <sortorder>19</sortorder>
        <label>Noto c&#xF3;mo mi cuerpo cambia cuando estoy enojado(a).</label>
        <groupsection idref="1"/>
        <box>
          <tlx>1199</tlx>
          <tly>322</tly>
          <brx>1258</brx>
          <bry>381</bry>
          <value>Inte1</value>
          <label>0 - Nunca</label>
        </box>
        <box>
          <tlx>1352</tlx>
          <tly>322</tly>
          <brx>1411</brx>
          <bry>381</bry>
          <value>Inte2</value>
          <label>1</label>
        </box>
        <box>
          <tlx>1506</tlx>
          <tly>322</tly>
          <brx>1565</brx>
          <bry>381</bry>
          <value>Inte3</value>
          <label>2</label>
        </box>
        <box>
          <tlx>1659</tlx>
          <tly>322</tly>
          <brx>1719</brx>
          <bry>381</bry>
          <value>Inte4</value>
          <label>3</label>
        </box>
        <box>
          <tlx>1813</tlx>
          <tly>322</tly>
          <brx>1872</brx>
          <bry>381</bry>
          <value>Inte5</value>
          <label>4</label>
        </box>
        <box>
          <tlx>1967</tlx>
          <tly>322</tly>
          <brx>2026</brx>
          <bry>381</bry>
          <value>Inte6</value>
          <label>5 - Siempre</label>
        </box>
      </boxgroup>
      <boxgroup>
        <type>1</type>
        <width>5</width>
        <varname>INTERO2_Intero19</varname>
        <sortorder>20</sortorder>
        <label>Cuando algo anda mal en mi vida puedo sentirlo en mi cuerpo.</label>
        <groupsection idref="1"/>
        <box>
          <tlx>1199</tlx>
          <tly>446</tly>
          <brx>1258</brx>
          <bry>505</bry>
          <value>Inte1</value>
          <label>0 - Nunca</label>
        </box>
        <box>
          <tlx>1352</tlx>
          <tly>446</tly>
          <brx>1411</brx>
          <bry>505</bry>
          <value>Inte2</value>
          <label>1</label>
        </box>
        <box>
          <tlx>1506</tlx>
          <tly>446</tly>
          <brx>1565</brx>
          <bry>505</bry>
          <value>Inte3</value>
          <label>2</label>
        </box>
        <box>
          <tlx>1659</tlx>
          <tly>446</tly>
          <brx>1719</brx>
          <bry>505</bry>
          <value>Inte4</value>
          <label>3</label>
        </box>
        <box>
          <tlx>1813</tlx>
          <tly>446</tly>
          <brx>1872</brx>
          <bry>505</bry>
          <value>Inte5</value>
          <label>4</label>
        </box>
        <box>
          <tlx>1967</tlx>
          <tly>446</tly>
          <brx>2026</brx>
          <bry>505</bry>
          <value>Inte6</value>
          <label>5 - Siempre</label>
        </box>
      </boxgroup>
      <boxgroup>
        <type>1</type>
        <width>5</width>
        <varname>INTERO2_Intero20</varname>
        <sortorder>21</sortorder>
        <label>Noto que mi cuerpo se siente diferente despu&#xE9;s de una experiencia apacible.</label>
        <groupsection idref="1"/>
        <box>
          <tlx>1199</tlx>
          <tly>570</tly>
          <brx>1258</brx>
          <bry>629</bry>
          <value>Inte1</value>
          <label>0 - Nunca</label>
        </box>
        <box>
          <tlx>1352</tlx>
          <tly>570</tly>
          <brx>1411</brx>
          <bry>629</bry>
          <value>Inte2</value>
          <label>1</label>
        </box>
        <box>
          <tlx>1506</tlx>
          <tly>570</tly>
          <brx>1565</brx>
          <bry>629</bry>
          <value>Inte3</value>
          <label>2</label>
        </box>
        <box>
          <tlx>1659</tlx>
          <tly>570</tly>
          <brx>1719</brx>
          <bry>629</bry>
          <value>Inte4</value>
          <label>3</label>
        </box>
        <box>
          <tlx>1813</tlx>
          <tly>570</tly>
          <brx>1872</brx>
          <bry>629</bry>
          <value>Inte5</value>
          <label>4</label>
        </box>
        <box>
          <tlx>1967</tlx>
          <tly>570</tly>
          <brx>2026</brx>
          <bry>629</bry>
          <value>Inte6</value>
          <label>5 - Siempre</label>
        </box>
      </boxgroup>
      <boxgroup>
        <type>1</type>
        <width>5</width>
        <varname>INTERO2_Intero21</varname>
        <sortorder>22</sortorder>
        <label>Noto que puedo respirar libre y f&#xE1;cilmente cuando me siento c&#xF3;modo(a).</label>
        <groupsection idref="1"/>
        <box>
          <tlx>1199</tlx>
          <tly>694</tly>
          <brx>1258</brx>
          <bry>753</bry>
          <value>Inte1</value>
          <label>0 - Nunca</label>
        </box>
        <box>
          <tlx>1352</tlx>
          <tly>694</tly>
          <brx>1411</brx>
          <bry>753</bry>
          <value>Inte2</value>
          <label>1</label>
        </box>
        <box>
          <tlx>1506</tlx>
          <tly>694</tly>
          <brx>1565</brx>
          <bry>753</bry>
          <value>Inte3</value>
          <label>2</label>
        </box>
        <box>
          <tlx>1659</tlx>
          <tly>694</tly>
          <brx>1719</brx>
          <bry>753</bry>
          <value>Inte4</value>
          <label>3</label>
        </box>
        <box>
          <tlx>1813</tlx>
          <tly>694</tly>
          <brx>1872</brx>
          <bry>753</bry>
          <value>Inte5</value>
          <label>4</label>
        </box>
        <box>
          <tlx>1967</tlx>
          <tly>694</tly>
          <brx>2026</brx>
          <bry>753</bry>
          <value>Inte6</value>
          <label>5 - Siempre</label>
        </box>
      </boxgroup>
      <boxgroup>
        <type>1</type>
        <width>5</width>
        <varname>INTERO2_Intero22</varname>
        <sortorder>23</sortorder>
        <label>Noto c&#xF3;mo mi cuerpo cambia cuando me siento contento(a) / feliz.</label>
        <groupsection idref="1"/>
        <box>
          <tlx>1199</tlx>
          <tly>818</tly>
          <brx>1258</brx>
          <bry>877</bry>
          <value>Inte1</value>
          <label>0 - Nunca</label>
        </box>
        <box>
          <tlx>1352</tlx>
          <tly>818</tly>
          <brx>1411</brx>
          <bry>877</bry>
          <value>Inte2</value>
          <label>1</label>
        </box>
        <box>
          <tlx>1506</tlx>
          <tly>818</tly>
          <brx>1565</brx>
          <bry>877</bry>
          <value>Inte3</value>
          <label>2</label>
        </box>
        <box>
          <tlx>1659</tlx>
          <tly>818</tly>
          <brx>1719</brx>
          <bry>877</bry>
          <value>Inte4</value>
          <label>3</label>
        </box>
        <box>
          <tlx>1813</tlx>
          <tly>818</tly>
          <brx>1872</brx>
          <bry>877</bry>
          <value>Inte5</value>
          <label>4</label>
        </box>
        <box>
          <tlx>1967</tlx>
          <tly>818</tly>
          <brx>2026</brx>
          <bry>877</bry>
          <value>Inte6</value>
          <label>5 - Siempre</label>
        </box>
      </boxgroup>
      <boxgroup>
        <type>1</type>
        <width>5</width>
        <varname>INTERO3_Intero23</varname>
        <sortorder>24</sortorder>
        <label>Cuando me siento sobrepasado(a) puedo encontrar un lugar tranquilo dentro de m&#xED;.</label>
        <groupsection idref="1"/>
        <box>
          <tlx>1199</tlx>
          <tly>1134</tly>
          <brx>1258</brx>
          <bry>1193</bry>
          <value>Inte1</value>
          <label>0 - Nunca</label>
        </box>
        <box>
          <tlx>1352</tlx>
          <tly>1134</tly>
          <brx>1411</brx>
          <bry>1193</bry>
          <value>Inte2</value>
          <label>1</label>
        </box>
        <box>
          <tlx>1506</tlx>
          <tly>1134</tly>
          <brx>1565</brx>
          <bry>1193</bry>
          <value>Inte3</value>
          <label>2</label>
        </box>
        <box>
          <tlx>1659</tlx>
          <tly>1134</tly>
          <brx>1719</brx>
          <bry>1193</bry>
          <value>Inte4</value>
          <label>3</label>
        </box>
        <box>
          <tlx>1813</tlx>
          <tly>1134</tly>
          <brx>1872</brx>
          <bry>1193</bry>
          <value>Inte5</value>
          <label>4</label>
        </box>
        <box>
          <tlx>1967</tlx>
          <tly>1134</tly>
          <brx>2026</brx>
          <bry>1193</bry>
          <value>Inte6</value>
          <label>5 - Siempre</label>
        </box>
      </boxgroup>
      <boxgroup>
        <type>1</type>
        <width>5</width>
        <varname>INTERO3_Intero24</varname>
        <sortorder>25</sortorder>
        <label>Cuando dirijo la atenci&#xF3;n hacia mi cuerpo siento calma.</label>
        <groupsection idref="1"/>
        <box>
          <tlx>1199</tlx>
          <tly>1258</tly>
          <brx>1258</brx>
          <bry>1317</bry>
          <value>Inte1</value>
          <label>0 - Nunca</label>
        </box>
        <box>
          <tlx>1352</tlx>
          <tly>1258</tly>
          <brx>1411</brx>
          <bry>1317</bry>
          <value>Inte2</value>
          <label>1</label>
        </box>
        <box>
          <tlx>1506</tlx>
          <tly>1258</tly>
          <brx>1565</brx>
          <bry>1317</bry>
          <value>Inte3</value>
          <label>2</label>
        </box>
        <box>
          <tlx>1659</tlx>
          <tly>1258</tly>
          <brx>1719</brx>
          <bry>1317</bry>
          <value>Inte4</value>
          <label>3</label>
        </box>
        <box>
          <tlx>1813</tlx>
          <tly>1258</tly>
          <brx>1872</brx>
          <bry>1317</bry>
          <value>Inte5</value>
          <label>4</label>
        </box>
        <box>
          <tlx>1967</tlx>
          <tly>1258</tly>
          <brx>2026</brx>
          <bry>1317</bry>
          <value>Inte6</value>
          <label>5 - Siempre</label>
        </box>
      </boxgroup>
      <boxgroup>
        <type>1</type>
        <width>5</width>
        <varname>INTERO3_Intero25</varname>
        <sortorder>26</sortorder>
        <label>Puedo utilizar mi respiraci&#xF3;n para reducir la tensi&#xF3;n.</label>
        <groupsection idref="1"/>
        <box>
          <tlx>1199</tlx>
          <tly>1382</tly>
          <brx>1258</brx>
          <bry>1441</bry>
          <value>Inte1</value>
          <label>0 - Nunca</label>
        </box>
        <box>
          <tlx>1352</tlx>
          <tly>1382</tly>
          <brx>1411</brx>
          <bry>1441</bry>
          <value>Inte2</value>
          <label>1</label>
        </box>
        <box>
          <tlx>1506</tlx>
          <tly>1382</tly>
          <brx>1565</brx>
          <bry>1441</bry>
          <value>Inte3</value>
          <label>2</label>
        </box>
        <box>
          <tlx>1659</tlx>
          <tly>1382</tly>
          <brx>1719</brx>
          <bry>1441</bry>
          <value>Inte4</value>
          <label>3</label>
        </box>
        <box>
          <tlx>1813</tlx>
          <tly>1382</tly>
          <brx>1872</brx>
          <bry>1441</bry>
          <value>Inte5</value>
          <label>4</label>
        </box>
        <box>
          <tlx>1967</tlx>
          <tly>1382</tly>
          <brx>2026</brx>
          <bry>1441</bry>
          <value>Inte6</value>
          <label>5 - Siempre</label>
        </box>
      </boxgroup>
      <boxgroup>
        <type>1</type>
        <width>5</width>
        <varname>INTERO3_Intero26</varname>
        <sortorder>27</sortorder>
        <label>Cuando estoy atrapado(a) en mis pensamientos puedo cambiar mi mente concentr&#xE1;ndome en mi cuerpo/respiraci&#xF3;n.</label>
        <groupsection idref="1"/>
        <box>
          <tlx>1199</tlx>
          <tly>1537</tly>
          <brx>1258</brx>
          <bry>1596</bry>
          <value>Inte1</value>
          <label>0 - Nunca</label>
        </box>
        <box>
          <tlx>1352</tlx>
          <tly>1537</tly>
          <brx>1411</brx>
          <bry>1596</bry>
          <value>Inte2</value>
          <label>1</label>
        </box>
        <box>
          <tlx>1506</tlx>
          <tly>1537</tly>
          <brx>1565</brx>
          <bry>1596</bry>
          <value>Inte3</value>
          <label>2</label>
        </box>
        <box>
          <tlx>1659</tlx>
          <tly>1537</tly>
          <brx>1719</brx>
          <bry>1596</bry>
          <value>Inte4</value>
          <label>3</label>
        </box>
        <box>
          <tlx>1813</tlx>
          <tly>1537</tly>
          <brx>1872</brx>
          <bry>1596</bry>
          <value>Inte5</value>
          <label>4</label>
        </box>
        <box>
          <tlx>1967</tlx>
          <tly>1537</tly>
          <brx>2026</brx>
          <bry>1596</bry>
          <value>Inte6</value>
          <label>5 - Siempre</label>
        </box>
      </boxgroup>
      <boxgroup>
        <type>1</type>
        <width>5</width>
        <varname>INTERO3_Intero27</varname>
        <sortorder>28</sortorder>
        <label>Estoy a la escucha de la informaci&#xF3;n que env&#xED;a mi cuerpo sobre mi estado emocional.</label>
        <groupsection idref="1"/>
        <box>
          <tlx>1199</tlx>
          <tly>1692</tly>
          <brx>1258</brx>
          <bry>1751</bry>
          <value>Inte1</value>
          <label>0 - Nunca</label>
        </box>
        <box>
          <tlx>1352</tlx>
          <tly>1692</tly>
          <brx>1411</brx>
          <bry>1751</bry>
          <value>Inte2</value>
          <label>1</label>
        </box>
        <box>
          <tlx>1506</tlx>
          <tly>1692</tly>
          <brx>1565</brx>
          <bry>1751</bry>
          <value>Inte3</value>
          <label>2</label>
        </box>
        <box>
          <tlx>1659</tlx>
          <tly>1692</tly>
          <brx>1719</brx>
          <bry>1751</bry>
          <value>Inte4</value>
          <label>3</label>
        </box>
        <box>
          <tlx>1813</tlx>
          <tly>1692</tly>
          <brx>1872</brx>
          <bry>1751</bry>
          <value>Inte5</value>
          <label>4</label>
        </box>
        <box>
          <tlx>1967</tlx>
          <tly>1692</tly>
          <brx>2026</brx>
          <bry>1751</bry>
          <value>Inte6</value>
          <label>5 - Siempre</label>
        </box>
      </boxgroup>
      <boxgroup>
        <type>1</type>
        <width>5</width>
        <varname>INTERO3_Intero28</varname>
        <sortorder>29</sortorder>
        <label>Cuando estoy alterado(a), me tomo el tiempo para explorar c&#xF3;mo se siente mi cuerpo.</label>
        <groupsection idref="1"/>
        <box>
          <tlx>1199</tlx>
          <tly>1816</tly>
          <brx>1258</brx>
          <bry>1875</bry>
          <value>Inte1</value>
          <label>0 - Nunca</label>
        </box>
        <box>
          <tlx>1352</tlx>
          <tly>1816</tly>
          <brx>1411</brx>
          <bry>1875</bry>
          <value>Inte2</value>
          <label>1</label>
        </box>
        <box>
          <tlx>1506</tlx>
          <tly>1816</tly>
          <brx>1565</brx>
          <bry>1875</bry>
          <value>Inte3</value>
          <label>2</label>
        </box>
        <box>
          <tlx>1659</tlx>
          <tly>1816</tly>
          <brx>1719</brx>
          <bry>1875</bry>
          <value>Inte4</value>
          <label>3</label>
        </box>
        <box>
          <tlx>1813</tlx>
          <tly>1816</tly>
          <brx>1872</brx>
          <bry>1875</bry>
          <value>Inte5</value>
          <label>4</label>
        </box>
        <box>
          <tlx>1967</tlx>
          <tly>1816</tly>
          <brx>2026</brx>
          <bry>1875</bry>
          <value>Inte6</value>
          <label>5 - Siempre</label>
        </box>
      </boxgroup>
      <boxgroup>
        <type>1</type>
        <width>5</width>
        <varname>INTERO3_Intero29</varname>
        <sortorder>30</sortorder>
        <label>Escucho a mi cuerpo para saber qu&#xE9; hacer.</label>
        <groupsection idref="1"/>
        <box>
          <tlx>1199</tlx>
          <tly>1940</tly>
          <brx>1258</brx>
          <bry>2000</bry>
          <value>Inte1</value>
          <label>0 - Nunca</label>
        </box>
        <box>
          <tlx>1352</tlx>
          <tly>1940</tly>
          <brx>1411</brx>
          <bry>2000</bry>
          <value>Inte2</value>
          <label>1</label>
        </box>
        <box>
          <tlx>1506</tlx>
          <tly>1940</tly>
          <brx>1565</brx>
          <bry>2000</bry>
          <value>Inte3</value>
          <label>2</label>
        </box>
        <box>
          <tlx>1659</tlx>
          <tly>1940</tly>
          <brx>1719</brx>
          <bry>2000</bry>
          <value>Inte4</value>
          <label>3</label>
        </box>
        <box>
          <tlx>1813</tlx>
          <tly>1940</tly>
          <brx>1872</brx>
          <bry>2000</bry>
          <value>Inte5</value>
          <label>4</label>
        </box>
        <box>
          <tlx>1967</tlx>
          <tly>1940</tly>
          <brx>2026</brx>
          <bry>2000</bry>
          <value>Inte6</value>
          <label>5 - Siempre</label>
        </box>
      </boxgroup>
      <boxgroup>
        <type>1</type>
        <width>5</width>
        <varname>INTERO3_Intero30</varname>
        <sortorder>31</sortorder>
        <label>En mi cuerpo, estoy en casa.</label>
        <groupsection idref="1"/>
        <box>
          <tlx>1199</tlx>
          <tly>2064</tly>
          <brx>1258</brx>
          <bry>2124</bry>
          <value>Inte1</value>
          <label>0 - Nunca</label>
        </box>
        <box>
          <tlx>1352</tlx>
          <tly>2064</tly>
          <brx>1411</brx>
          <bry>2124</bry>
          <value>Inte2</value>
          <label>1</label>
        </box>
        <box>
          <tlx>1506</tlx>
          <tly>2064</tly>
          <brx>1565</brx>
          <bry>2124</bry>
          <value>Inte3</value>
          <label>2</label>
        </box>
        <box>
          <tlx>1659</tlx>
          <tly>2064</tly>
          <brx>1719</brx>
          <bry>2124</bry>
          <value>Inte4</value>
          <label>3</label>
        </box>
        <box>
          <tlx>1813</tlx>
          <tly>2064</tly>
          <brx>1872</brx>
          <bry>2124</bry>
          <value>Inte5</value>
          <label>4</label>
        </box>
        <box>
          <tlx>1967</tlx>
          <tly>2064</tly>
          <brx>2026</brx>
          <bry>2124</bry>
          <value>Inte6</value>
          <label>5 - Siempre</label>
        </box>
      </boxgroup>
      <boxgroup>
        <type>1</type>
        <width>5</width>
        <varname>INTERO3_Intero31</varname>
        <sortorder>32</sortorder>
        <label>Siento que mi cuerpo es un lugar seguro.</label>
        <groupsection idref="1"/>
        <box>
          <tlx>1199</tlx>
          <tly>2188</tly>
          <brx>1258</brx>
          <bry>2248</bry>
          <value>Inte1</value>
          <label>0 - Nunca</label>
        </box>
        <box>
          <tlx>1352</tlx>
          <tly>2188</tly>
          <brx>1411</brx>
          <bry>2248</bry>
          <value>Inte2</value>
          <label>1</label>
        </box>
        <box>
          <tlx>1506</tlx>
          <tly>2188</tly>
          <brx>1565</brx>
          <bry>2248</bry>
          <value>Inte3</value>
          <label>2</label>
        </box>
        <box>
          <tlx>1659</tlx>
          <tly>2188</tly>
          <brx>1719</brx>
          <bry>2248</bry>
          <value>Inte4</value>
          <label>3</label>
        </box>
        <box>
          <tlx>1813</tlx>
          <tly>2188</tly>
          <brx>1872</brx>
          <bry>2248</bry>
          <value>Inte5</value>
          <label>4</label>
        </box>
        <box>
          <tlx>1967</tlx>
          <tly>2188</tly>
          <brx>2026</brx>
          <bry>2248</bry>
          <value>Inte6</value>
          <label>5 - Siempre</label>
        </box>
      </boxgroup>
      <boxgroup>
        <type>1</type>
        <width>5</width>
        <varname>INTERO3_Intero32</varname>
        <sortorder>33</sortorder>
        <label>Conf&#xED;o en mis sensaciones corporales.</label>
        <groupsection idref="1"/>
        <box>
          <tlx>1199</tlx>
          <tly>2313</tly>
          <brx>1258</brx>
          <bry>2372</bry>
          <value>Inte1</value>
          <label>0 - Nunca</label>
        </box>
        <box>
          <tlx>1352</tlx>
          <tly>2313</tly>
          <brx>1411</brx>
          <bry>2372</bry>
          <value>Inte2</value>
          <label>1</label>
        </box>
        <box>
          <tlx>1506</tlx>
          <tly>2313</tly>
          <brx>1565</brx>
          <bry>2372</bry>
          <value>Inte3</value>
          <label>2</label>
        </box>
        <box>
          <tlx>1659</tlx>
          <tly>2313</tly>
          <brx>1719</brx>
          <bry>2372</bry>
          <value>Inte4</value>
          <label>3</label>
        </box>
        <box>
          <tlx>1813</tlx>
          <tly>2313</tly>
          <brx>1872</brx>
          <bry>2372</bry>
          <value>Inte5</value>
          <label>4</label>
        </box>
        <box>
          <tlx>1967</tlx>
          <tly>2313</tly>
          <brx>2026</brx>
          <bry>2372</bry>
          <value>Inte6</value>
          <label>5 - Siempre</label>
        </box>
      </boxgroup>
    </page>
  </questionnaire>
</queXF>
