<?xml version="1.0" encoding="UTF-8"?>
<questionnaire id="179339">
  <title>Interocepción</title>
  <investigator/>
  <dataCollector/>
  <section id="220">
    <sectionInfo>
      <position>title</position>
      <text>Preguntas</text>
      <administration>self</administration>
    </sectionInfo>
    <question>
      <text>RUT (sin puntos, guión ni dígito verificador. Ejemplo si el rut es 17.736.727-1 escribir 17736727):</text>
      <response varName="RUT">
        <free>
          <format>integer</format>
          <length>8</length>
          <label/>
        </free>
      </response>
    </question>
    <question>
      <text>&lt;p align="center" class="western" lang="es-MX"&gt; A       continuación       se       encuentra       una       lista       de       enunciados.       Por       favor       indique       cuán       a       menudo       dichos enunciados       se       aplican       a       usted       en       su       vida       cotidiana.         &lt;/p&gt;</text>
      <subQuestion varName="INTERO_Intero01">
        <text>Cuando  estoy  tenso(a) noto dónde se ubica la tensión en mi cuerpo.</text>
      </subQuestion>
      <subQuestion varName="INTERO_Intero02">
        <text>Me doy cuenta cuando me siento incómodo(a) en mi cuerpo.</text>
      </subQuestion>
      <subQuestion varName="INTERO_Intero03">
        <text>Cuando estoy cómodo(a) lo noto en partes específicas de mi cuerpo.</text>
      </subQuestion>
      <subQuestion varName="INTERO_Intero04">
        <text>Noto cambios en mi respiración, tales como cuando se hace más lenta o más rápida.</text>
      </subQuestion>
      <subQuestion varName="INTERO_Intero05">
        <text>Noto la tensión física o el malestar solamente cuando se vuelve muy severo.</text>
      </subQuestion>
      <subQuestion varName="INTERO_Intero06">
        <text>No me doy cuenta de las sensaciones de malestar.</text>
      </subQuestion>
      <subQuestion varName="INTERO_Intero07">
        <text>Cuando siento dolor o malestar intento ignorarlo y continuar con lo que estaba haciendo.</text>
      </subQuestion>
      <subQuestion varName="INTERO_Intero08">
        <text>Cuando siento dolor físico me enojo.</text>
      </subQuestion>
      <subQuestion varName="INTERO_Intero09">
        <text>Si siento algún malestar me empieza a preocupar que algo no ande bien.</text>
      </subQuestion>
      <subQuestion varName="INTERO_Intero10">
        <text>Puedo sentir alguna sensación física desagradable sin preocuparme por ella.</text>
      </subQuestion>
      <subQuestion varName="INTERO_Intero11">
        <text>Puedo prestar atención a mi respiración sin ser distraído (a) por lo que pasa a mi alrededor.</text>
      </subQuestion>
      <response varName="INTERO">
        <fixed>
          <category>
            <label>0 - Nunca</label>
            <value>Inte1</value>
          </category>
          <category>
            <label>1</label>
            <value>Inte2</value>
          </category>
          <category>
            <label>2</label>
            <value>Inte3</value>
          </category>
          <category>
            <label>3</label>
            <value>Inte4</value>
          </category>
          <category>
            <label>4</label>
            <value>Inte5</value>
          </category>
          <category>
            <label>5 - Siempre</label>
            <value>Inte6</value>
          </category>
        </fixed>
      </response>
    </question>
    <question>
      <subQuestion varName="INTERO2_Intero12">
        <text>Puedo tener conciencia de mis sensaciones corporales internas aun cuando hay muchas cosas sucediendo a mi alrededor.</text>
      </subQuestion>
      <subQuestion varName="INTERO2_Intero13">
        <text>Cuando estoy conversando con alguien puedo prestarle atención a mi postura.</text>
      </subQuestion>
      <subQuestion varName="INTERO2_Intero14">
        <text>Puedo volver a concentrarme en mi cuerpo si estoy distraido(a).</text>
      </subQuestion>
      <subQuestion varName="INTERO2_Intero15">
        <text>Puedo redirigir mi atención desde mis pensamientos a mis sensaciones corporales.</text>
      </subQuestion>
      <subQuestion varName="INTERO2_Intero16">
        <text>Puedo prestar atención a todo mi cuerpo incluso cuando una parte de mi siente dolor o malestar.</text>
      </subQuestion>
      <subQuestion varName="INTERO2_Intero17">
        <text>Soy capaz de concentrarme conscientemente en mi cuerpo de manera global.</text>
      </subQuestion>
      <subQuestion varName="INTERO2_Intero18">
        <text>Noto cómo mi cuerpo cambia cuando estoy enojado(a).</text>
      </subQuestion>
      <subQuestion varName="INTERO2_Intero19">
        <text>Cuando algo anda mal en mi vida puedo sentirlo en mi cuerpo.</text>
      </subQuestion>
      <subQuestion varName="INTERO2_Intero20">
        <text>Noto que mi cuerpo se siente diferente después de una experiencia apacible.</text>
      </subQuestion>
      <subQuestion varName="INTERO2_Intero21">
        <text>Noto que puedo respirar libre y fácilmente cuando me siento cómodo(a).</text>
      </subQuestion>
      <subQuestion varName="INTERO2_Intero22">
        <text>Noto cómo mi cuerpo cambia cuando me siento contento(a) / feliz.</text>
      </subQuestion>
      <response varName="INTERO2">
        <fixed>
          <category>
            <label>0 - Nunca</label>
            <value>Inte1</value>
          </category>
          <category>
            <label>1</label>
            <value>Inte2</value>
          </category>
          <category>
            <label>2</label>
            <value>Inte3</value>
          </category>
          <category>
            <label>3</label>
            <value>Inte4</value>
          </category>
          <category>
            <label>4</label>
            <value>Inte5</value>
          </category>
          <category>
            <label>5 - Siempre</label>
            <value>Inte6</value>
          </category>
        </fixed>
      </response>
    </question>
    <question>
      <subQuestion varName="INTERO3_Intero23">
        <text>Cuando me siento sobrepasado(a) puedo encontrar un lugar tranquilo dentro de mí.</text>
      </subQuestion>
      <subQuestion varName="INTERO3_Intero24">
        <text>Cuando dirijo la atención hacia mi cuerpo siento calma.</text>
      </subQuestion>
      <subQuestion varName="INTERO3_Intero25">
        <text>Puedo utilizar mi respiración para reducir la tensión.</text>
      </subQuestion>
      <subQuestion varName="INTERO3_Intero26">
        <text>Cuando estoy atrapado(a) en mis pensamientos puedo cambiar mi mente concentrándome en mi cuerpo/respiración.</text>
      </subQuestion>
      <subQuestion varName="INTERO3_Intero27">
        <text>Estoy a la escucha de la información que envía mi cuerpo sobre mi estado emocional.</text>
      </subQuestion>
      <subQuestion varName="INTERO3_Intero28">
        <text>Cuando estoy alterado(a), me tomo el tiempo para explorar cómo se siente mi cuerpo.</text>
      </subQuestion>
      <subQuestion varName="INTERO3_Intero29">
        <text>Escucho a mi cuerpo para saber qué hacer.</text>
      </subQuestion>
      <subQuestion varName="INTERO3_Intero30">
        <text>En mi cuerpo, estoy en casa.</text>
      </subQuestion>
      <subQuestion varName="INTERO3_Intero31">
        <text>Siento que mi cuerpo es un lugar seguro.</text>
      </subQuestion>
      <subQuestion varName="INTERO3_Intero32">
        <text>Confío en mis sensaciones corporales.</text>
      </subQuestion>
      <response varName="INTERO3">
        <fixed>
          <category>
            <label>0 - Nunca</label>
            <value>Inte1</value>
          </category>
          <category>
            <label>1</label>
            <value>Inte2</value>
          </category>
          <category>
            <label>2</label>
            <value>Inte3</value>
          </category>
          <category>
            <label>3</label>
            <value>Inte4</value>
          </category>
          <category>
            <label>4</label>
            <value>Inte5</value>
          </category>
          <category>
            <label>5 - Siempre</label>
            <value>Inte6</value>
          </category>
        </fixed>
      </response>
    </question>
  </section>
</questionnaire>
