<?xml version="1.0" encoding="UTF-8"?>
<questionnaire id="195336">
  <title>Estilo Atribucional</title>
  <investigator/>
  <dataCollector/>
  <section id="24">
    <sectionInfo>
      <position>title</position>
      <text>Preguntas</text>
      <administration>self</administration>
    </sectionInfo>
    <question>
      <text>RUT (sin puntos, guión ni dígito verificador. Ejemplo si el rut es 17.736.727-1 escribir 17736727):</text>
      <response varName="RUT">
        <free>
          <format>integer</format>
          <length>8</length>
          <label/>
        </free>
      </response>
    </question>
    <question>
      <text>A continuación, usted encontrará una serie de preguntas relacionadas con distintas experiencias de su vida, por favor seleccione la alternativa que más lo represente.</text>
      <subQuestion varName="EA1_EA01">
        <text>El que yo llegue a ser un líder depende principalmente de mis habilidades.</text>
      </subQuestion>
      <subQuestion varName="EA1_EA02">
        <text>Mi vida ha sido influenciada en gran medida por eventos inesperados.</text>
      </subQuestion>
      <subQuestion varName="EA1_EA03">
        <text>Yo siento que lo que pasa en mi vida está muy determinado por la gente que tiene poder (padres, jefes, políticos).</text>
      </subQuestion>
      <subQuestion varName="EA1_EA04">
        <text>El hecho de tener un accidente cuando voy manejando, depende principalmente de mi mismo.</text>
      </subQuestion>
      <subQuestion varName="EA1_EA05">
        <text>Cuando hago planes, estoy casi seguro de que los llevare a cabo.</text>
      </subQuestion>
      <subQuestion varName="EA1_EA06">
        <text>Ciertamente, a veces no puedo evitar tener mala suerte con mis asuntos personales.</text>
      </subQuestion>
      <subQuestion varName="EA1_EA07">
        <text>Como yo tengo buena suerte, siempre las cosas me salen bien.</text>
      </subQuestion>
      <subQuestion varName="EA1_EA08">
        <text>A pesar de estar bien capacitado, no conseguiré un buen empleo a menos que alguien influyente me ayude.</text>
      </subQuestion>
      <response varName="EA1">
        <fixed>
          <category>
            <label>1. Completamente en desacuerdo</label>
            <value>EA1</value>
          </category>
          <category>
            <label>2. Moderadamente en desacuerdo</label>
            <value>EA2</value>
          </category>
          <category>
            <label>3. Ligeramente en desacuerdo</label>
            <value>EA3</value>
          </category>
          <category>
            <label>4. Ligeramente de acuerdo</label>
            <value>EA4</value>
          </category>
          <category>
            <label>5. Moderadamente de acuerdo</label>
            <value>EA5</value>
          </category>
          <category>
            <label>6. Completamente de acuerdo</label>
            <value>EA6</value>
          </category>
        </fixed>
      </response>
    </question>
    <question>
      <subQuestion varName="EA2_EA09">
        <text>La cantidad de amigos que tengo está determinada por mi propia simpatía.</text>
      </subQuestion>
      <subQuestion varName="EA2_EA10">
        <text>He descubierto que si algo va a suceder, ello sucederá igual independientemente de lo que yo haga.</text>
      </subQuestion>
      <subQuestion varName="EA2_EA11">
        <text>Yo creo que los ricos y políticos controlan mi vida de muchas maneras diferentes.</text>
      </subQuestion>
      <subQuestion varName="EA2_EA12">
        <text>Si tengo un accidente automovilístico ello se debe a mi mala suerte.</text>
      </subQuestion>
      <subQuestion varName="EA2_EA13">
        <text>La gente como yo tiene muy poca oportunidad de defender sus intereses personales cuando esos intereses entran en conflicto con los grupos poderosos (ricos, políticos).</text>
      </subQuestion>
      <subQuestion varName="EA2_EA14">
        <text>No siempre es apropiado para mí planear muy por adelantado porque de todas maneras muchas cosas resultan ser asunto de buena o mala suerte.</text>
      </subQuestion>
      <subQuestion varName="EA2_EA15">
        <text>En este país, para uno lograr lo que quiere necesariamente tiene que halagar a alguien.</text>
      </subQuestion>
      <subQuestion varName="EA2_EA16">
        <text>El que yo llegue a ser un líder dependerá de la suerte que yo tenga.</text>
      </subQuestion>
      <response varName="EA2">
        <fixed>
          <category>
            <label>1. Completamente en desacuerdo</label>
            <value>EA1</value>
          </category>
          <category>
            <label>2. Moderadamente en desacuerdo</label>
            <value>EA2</value>
          </category>
          <category>
            <label>3. Ligeramente en desacuerdo</label>
            <value>EA3</value>
          </category>
          <category>
            <label>4. Ligeramente de acuerdo</label>
            <value>EA4</value>
          </category>
          <category>
            <label>5. Moderadamente de acuerdo</label>
            <value>EA5</value>
          </category>
          <category>
            <label>6. Completamente de acuerdo</label>
            <value>EA6</value>
          </category>
        </fixed>
      </response>
    </question>
    <question>
      <subQuestion varName="EA3_EA17">
        <text>Yo siento que la gente que tiene algún poder sobre mí (padres, familiares, jefes), trata de decidir lo que sucederá en mi vida.</text>
      </subQuestion>
      <subQuestion varName="EA3_EA18">
        <text>En la mayoría de los casos yo puedo decidir lo que sucederá en mi vida.</text>
      </subQuestion>
      <subQuestion varName="EA3_EA19">
        <text>Normalmente soy capaz de defender mis intereses personales.</text>
      </subQuestion>
      <subQuestion varName="EA3_EA20">
        <text>Si tengo un accidente cuando voy manejando, toda la culpa es del otro conductor.</text>
      </subQuestion>
      <subQuestion varName="EA3_EA21">
        <text>Cuando logro lo que quiero es porque he trabajado mucho en ello.</text>
      </subQuestion>
      <subQuestion varName="EA3_EA22">
        <text>Cuando quiero que mis planes me salgan bien los preparo de manera que le den en el gusto a la gente que tiene influencia sobre mi (padres, jefes)</text>
      </subQuestion>
      <subQuestion varName="EA3_EA23">
        <text>Mi vida está determinada por mis propias acciones.</text>
      </subQuestion>
      <subQuestion varName="EA3_EA24">
        <text>Tener pocos o muchos amigos depende del destino de cada uno.</text>
      </subQuestion>
      <response varName="EA3">
        <fixed>
          <category>
            <label>1. Completamente en desacuerdo</label>
            <value>EA1</value>
          </category>
          <category>
            <label>2. Moderadamente en desacuerdo</label>
            <value>EA2</value>
          </category>
          <category>
            <label>3. Ligeramente en desacuerdo</label>
            <value>EA3</value>
          </category>
          <category>
            <label>4. Ligeramente de acuerdo</label>
            <value>EA4</value>
          </category>
          <category>
            <label>5. Moderadamente de acuerdo</label>
            <value>EA5</value>
          </category>
          <category>
            <label>6. Completamente de acuerdo</label>
            <value>EA6</value>
          </category>
        </fixed>
      </response>
    </question>
  </section>
</questionnaire>
