<?xml version="1.0"?>
<queXF>
  <questionnaire>
    <id>195336</id>
    <section id="1">
      <label>Preguntas</label>
      <title>Section A</title>
    </section>
    <page>
      <id>19533601</id>
      <tlx>283</tlx>
      <tly>283</tly>
      <trx>2197</trx>
      <try>283</try>
      <brx>2197</brx>
      <bry>3224</bry>
      <blx>283</blx>
      <bly>3224</bly>
      <rotation>0</rotation>
      <boxgroup>
        <type>4</type>
        <width>8</width>
        <varname>RUT</varname>
        <sortorder>1</sortorder>
        <label>RUT (sin puntos, gui&#xF3;n ni d&#xED;gito verificador. Ejemplo si el rut es 17.736.727-1 escribir 17736727):</label>
        <groupsection idref="1"/>
        <box>
          <tlx>1515</tlx>
          <tly>509</tly>
          <brx>1586</brx>
          <bry>603</bry>
          <value></value>
          <label></label>
        </box>
        <box>
          <tlx>1588</tlx>
          <tly>509</tly>
          <brx>1659</brx>
          <bry>603</bry>
          <value></value>
          <label></label>
        </box>
        <box>
          <tlx>1661</tlx>
          <tly>509</tly>
          <brx>1731</brx>
          <bry>603</bry>
          <value></value>
          <label></label>
        </box>
        <box>
          <tlx>1733</tlx>
          <tly>509</tly>
          <brx>1804</brx>
          <bry>603</bry>
          <value></value>
          <label></label>
        </box>
        <box>
          <tlx>1806</tlx>
          <tly>509</tly>
          <brx>1877</brx>
          <bry>603</bry>
          <value></value>
          <label></label>
        </box>
        <box>
          <tlx>1879</tlx>
          <tly>509</tly>
          <brx>1949</brx>
          <bry>603</bry>
          <value></value>
          <label></label>
        </box>
        <box>
          <tlx>1951</tlx>
          <tly>509</tly>
          <brx>2022</brx>
          <bry>603</bry>
          <value></value>
          <label></label>
        </box>
        <box>
          <tlx>2024</tlx>
          <tly>509</tly>
          <brx>2095</brx>
          <bry>603</bry>
          <value></value>
          <label></label>
        </box>
      </boxgroup>
      <boxgroup>
        <type>1</type>
        <width>3</width>
        <varname>EA1_EA01</varname>
        <sortorder>2</sortorder>
        <label>A continuaci&#xF3;n, usted encontrar&#xE1; una serie de preguntas relacionadas con distintas experiencias de su vida, por favor seleccione la alternativa que m&#xE1;s lo represente. : El que yo llegue a ser un l&#xED;der depende principalmente de mis habilidades.</label>
        <groupsection idref="1"/>
        <box>
          <tlx>1199</tlx>
          <tly>977</tly>
          <brx>1258</brx>
          <bry>1036</bry>
          <value>EA1</value>
          <label>1. Completamente en desacuerdo</label>
        </box>
        <box>
          <tlx>1352</tlx>
          <tly>977</tly>
          <brx>1411</brx>
          <bry>1036</bry>
          <value>EA2</value>
          <label>2. Moderadamente en desacuerdo</label>
        </box>
        <box>
          <tlx>1506</tlx>
          <tly>977</tly>
          <brx>1565</brx>
          <bry>1036</bry>
          <value>EA3</value>
          <label>3. Ligeramente en desacuerdo</label>
        </box>
        <box>
          <tlx>1659</tlx>
          <tly>977</tly>
          <brx>1719</brx>
          <bry>1036</bry>
          <value>EA4</value>
          <label>4. Ligeramente de acuerdo</label>
        </box>
        <box>
          <tlx>1813</tlx>
          <tly>977</tly>
          <brx>1872</brx>
          <bry>1036</bry>
          <value>EA5</value>
          <label>5. Moderadamente de acuerdo</label>
        </box>
        <box>
          <tlx>1967</tlx>
          <tly>977</tly>
          <brx>2026</brx>
          <bry>1036</bry>
          <value>EA6</value>
          <label>6. Completamente de acuerdo</label>
        </box>
      </boxgroup>
      <boxgroup>
        <type>1</type>
        <width>3</width>
        <varname>EA1_EA02</varname>
        <sortorder>3</sortorder>
        <label>A continuaci&#xF3;n, usted encontrar&#xE1; una serie de preguntas relacionadas con distintas experiencias de su vida, por favor seleccione la alternativa que m&#xE1;s lo represente. : Mi vida ha sido influenciada en gran medida por eventos inesperados.</label>
        <groupsection idref="1"/>
        <box>
          <tlx>1199</tlx>
          <tly>1101</tly>
          <brx>1258</brx>
          <bry>1160</bry>
          <value>EA1</value>
          <label>1. Completamente en desacuerdo</label>
        </box>
        <box>
          <tlx>1352</tlx>
          <tly>1101</tly>
          <brx>1411</brx>
          <bry>1160</bry>
          <value>EA2</value>
          <label>2. Moderadamente en desacuerdo</label>
        </box>
        <box>
          <tlx>1506</tlx>
          <tly>1101</tly>
          <brx>1565</brx>
          <bry>1160</bry>
          <value>EA3</value>
          <label>3. Ligeramente en desacuerdo</label>
        </box>
        <box>
          <tlx>1659</tlx>
          <tly>1101</tly>
          <brx>1719</brx>
          <bry>1160</bry>
          <value>EA4</value>
          <label>4. Ligeramente de acuerdo</label>
        </box>
        <box>
          <tlx>1813</tlx>
          <tly>1101</tly>
          <brx>1872</brx>
          <bry>1160</bry>
          <value>EA5</value>
          <label>5. Moderadamente de acuerdo</label>
        </box>
        <box>
          <tlx>1967</tlx>
          <tly>1101</tly>
          <brx>2026</brx>
          <bry>1160</bry>
          <value>EA6</value>
          <label>6. Completamente de acuerdo</label>
        </box>
      </boxgroup>
      <boxgroup>
        <type>1</type>
        <width>3</width>
        <varname>EA1_EA03</varname>
        <sortorder>4</sortorder>
        <label>A continuaci&#xF3;n, usted encontrar&#xE1; una serie de preguntas relacionadas con distintas experiencias de su vida, por favor seleccione la alternativa que m&#xE1;s lo represente. : Yo siento que lo que pasa en mi vida est&#xE1; muy determinado por la gente que tiene poder (padres, jefes, pol&#xED;ticos).</label>
        <groupsection idref="1"/>
        <box>
          <tlx>1199</tlx>
          <tly>1256</tly>
          <brx>1258</brx>
          <bry>1315</bry>
          <value>EA1</value>
          <label>1. Completamente en desacuerdo</label>
        </box>
        <box>
          <tlx>1352</tlx>
          <tly>1256</tly>
          <brx>1411</brx>
          <bry>1315</bry>
          <value>EA2</value>
          <label>2. Moderadamente en desacuerdo</label>
        </box>
        <box>
          <tlx>1506</tlx>
          <tly>1256</tly>
          <brx>1565</brx>
          <bry>1315</bry>
          <value>EA3</value>
          <label>3. Ligeramente en desacuerdo</label>
        </box>
        <box>
          <tlx>1659</tlx>
          <tly>1256</tly>
          <brx>1719</brx>
          <bry>1315</bry>
          <value>EA4</value>
          <label>4. Ligeramente de acuerdo</label>
        </box>
        <box>
          <tlx>1813</tlx>
          <tly>1256</tly>
          <brx>1872</brx>
          <bry>1315</bry>
          <value>EA5</value>
          <label>5. Moderadamente de acuerdo</label>
        </box>
        <box>
          <tlx>1967</tlx>
          <tly>1256</tly>
          <brx>2026</brx>
          <bry>1315</bry>
          <value>EA6</value>
          <label>6. Completamente de acuerdo</label>
        </box>
      </boxgroup>
      <boxgroup>
        <type>1</type>
        <width>3</width>
        <varname>EA1_EA04</varname>
        <sortorder>5</sortorder>
        <label>A continuaci&#xF3;n, usted encontrar&#xE1; una serie de preguntas relacionadas con distintas experiencias de su vida, por favor seleccione la alternativa que m&#xE1;s lo represente. : El hecho de tener un accidente cuando voy manejando, depende principalmente de mi mismo.</label>
        <groupsection idref="1"/>
        <box>
          <tlx>1199</tlx>
          <tly>1411</tly>
          <brx>1258</brx>
          <bry>1470</bry>
          <value>EA1</value>
          <label>1. Completamente en desacuerdo</label>
        </box>
        <box>
          <tlx>1352</tlx>
          <tly>1411</tly>
          <brx>1411</brx>
          <bry>1470</bry>
          <value>EA2</value>
          <label>2. Moderadamente en desacuerdo</label>
        </box>
        <box>
          <tlx>1506</tlx>
          <tly>1411</tly>
          <brx>1565</brx>
          <bry>1470</bry>
          <value>EA3</value>
          <label>3. Ligeramente en desacuerdo</label>
        </box>
        <box>
          <tlx>1659</tlx>
          <tly>1411</tly>
          <brx>1719</brx>
          <bry>1470</bry>
          <value>EA4</value>
          <label>4. Ligeramente de acuerdo</label>
        </box>
        <box>
          <tlx>1813</tlx>
          <tly>1411</tly>
          <brx>1872</brx>
          <bry>1470</bry>
          <value>EA5</value>
          <label>5. Moderadamente de acuerdo</label>
        </box>
        <box>
          <tlx>1967</tlx>
          <tly>1411</tly>
          <brx>2026</brx>
          <bry>1470</bry>
          <value>EA6</value>
          <label>6. Completamente de acuerdo</label>
        </box>
      </boxgroup>
      <boxgroup>
        <type>1</type>
        <width>3</width>
        <varname>EA1_EA05</varname>
        <sortorder>6</sortorder>
        <label>A continuaci&#xF3;n, usted encontrar&#xE1; una serie de preguntas relacionadas con distintas experiencias de su vida, por favor seleccione la alternativa que m&#xE1;s lo represente. : Cuando hago planes, estoy casi seguro de que los llevare a cabo.</label>
        <groupsection idref="1"/>
        <box>
          <tlx>1199</tlx>
          <tly>1535</tly>
          <brx>1258</brx>
          <bry>1594</bry>
          <value>EA1</value>
          <label>1. Completamente en desacuerdo</label>
        </box>
        <box>
          <tlx>1352</tlx>
          <tly>1535</tly>
          <brx>1411</brx>
          <bry>1594</bry>
          <value>EA2</value>
          <label>2. Moderadamente en desacuerdo</label>
        </box>
        <box>
          <tlx>1506</tlx>
          <tly>1535</tly>
          <brx>1565</brx>
          <bry>1594</bry>
          <value>EA3</value>
          <label>3. Ligeramente en desacuerdo</label>
        </box>
        <box>
          <tlx>1659</tlx>
          <tly>1535</tly>
          <brx>1719</brx>
          <bry>1594</bry>
          <value>EA4</value>
          <label>4. Ligeramente de acuerdo</label>
        </box>
        <box>
          <tlx>1813</tlx>
          <tly>1535</tly>
          <brx>1872</brx>
          <bry>1594</bry>
          <value>EA5</value>
          <label>5. Moderadamente de acuerdo</label>
        </box>
        <box>
          <tlx>1967</tlx>
          <tly>1535</tly>
          <brx>2026</brx>
          <bry>1594</bry>
          <value>EA6</value>
          <label>6. Completamente de acuerdo</label>
        </box>
      </boxgroup>
      <boxgroup>
        <type>1</type>
        <width>3</width>
        <varname>EA1_EA06</varname>
        <sortorder>7</sortorder>
        <label>A continuaci&#xF3;n, usted encontrar&#xE1; una serie de preguntas relacionadas con distintas experiencias de su vida, por favor seleccione la alternativa que m&#xE1;s lo represente. : Ciertamente, a veces no puedo evitar tener mala suerte con mis asuntos personales.</label>
        <groupsection idref="1"/>
        <box>
          <tlx>1199</tlx>
          <tly>1659</tly>
          <brx>1258</brx>
          <bry>1718</bry>
          <value>EA1</value>
          <label>1. Completamente en desacuerdo</label>
        </box>
        <box>
          <tlx>1352</tlx>
          <tly>1659</tly>
          <brx>1411</brx>
          <bry>1718</bry>
          <value>EA2</value>
          <label>2. Moderadamente en desacuerdo</label>
        </box>
        <box>
          <tlx>1506</tlx>
          <tly>1659</tly>
          <brx>1565</brx>
          <bry>1718</bry>
          <value>EA3</value>
          <label>3. Ligeramente en desacuerdo</label>
        </box>
        <box>
          <tlx>1659</tlx>
          <tly>1659</tly>
          <brx>1719</brx>
          <bry>1718</bry>
          <value>EA4</value>
          <label>4. Ligeramente de acuerdo</label>
        </box>
        <box>
          <tlx>1813</tlx>
          <tly>1659</tly>
          <brx>1872</brx>
          <bry>1718</bry>
          <value>EA5</value>
          <label>5. Moderadamente de acuerdo</label>
        </box>
        <box>
          <tlx>1967</tlx>
          <tly>1659</tly>
          <brx>2026</brx>
          <bry>1718</bry>
          <value>EA6</value>
          <label>6. Completamente de acuerdo</label>
        </box>
      </boxgroup>
      <boxgroup>
        <type>1</type>
        <width>3</width>
        <varname>EA1_EA07</varname>
        <sortorder>8</sortorder>
        <label>A continuaci&#xF3;n, usted encontrar&#xE1; una serie de preguntas relacionadas con distintas experiencias de su vida, por favor seleccione la alternativa que m&#xE1;s lo represente. : Como yo tengo buena suerte, siempre las cosas me salen bien.</label>
        <groupsection idref="1"/>
        <box>
          <tlx>1199</tlx>
          <tly>1783</tly>
          <brx>1258</brx>
          <bry>1842</bry>
          <value>EA1</value>
          <label>1. Completamente en desacuerdo</label>
        </box>
        <box>
          <tlx>1352</tlx>
          <tly>1783</tly>
          <brx>1411</brx>
          <bry>1842</bry>
          <value>EA2</value>
          <label>2. Moderadamente en desacuerdo</label>
        </box>
        <box>
          <tlx>1506</tlx>
          <tly>1783</tly>
          <brx>1565</brx>
          <bry>1842</bry>
          <value>EA3</value>
          <label>3. Ligeramente en desacuerdo</label>
        </box>
        <box>
          <tlx>1659</tlx>
          <tly>1783</tly>
          <brx>1719</brx>
          <bry>1842</bry>
          <value>EA4</value>
          <label>4. Ligeramente de acuerdo</label>
        </box>
        <box>
          <tlx>1813</tlx>
          <tly>1783</tly>
          <brx>1872</brx>
          <bry>1842</bry>
          <value>EA5</value>
          <label>5. Moderadamente de acuerdo</label>
        </box>
        <box>
          <tlx>1967</tlx>
          <tly>1783</tly>
          <brx>2026</brx>
          <bry>1842</bry>
          <value>EA6</value>
          <label>6. Completamente de acuerdo</label>
        </box>
      </boxgroup>
      <boxgroup>
        <type>1</type>
        <width>3</width>
        <varname>EA1_EA08</varname>
        <sortorder>9</sortorder>
        <label>A continuaci&#xF3;n, usted encontrar&#xE1; una serie de preguntas relacionadas con distintas experiencias de su vida, por favor seleccione la alternativa que m&#xE1;s lo represente. : A pesar de estar bien capacitado, no conseguir&#xE9; un buen empleo a menos que alguien influyente me ayude.</label>
        <groupsection idref="1"/>
        <box>
          <tlx>1199</tlx>
          <tly>1907</tly>
          <brx>1258</brx>
          <bry>1966</bry>
          <value>EA1</value>
          <label>1. Completamente en desacuerdo</label>
        </box>
        <box>
          <tlx>1352</tlx>
          <tly>1907</tly>
          <brx>1411</brx>
          <bry>1966</bry>
          <value>EA2</value>
          <label>2. Moderadamente en desacuerdo</label>
        </box>
        <box>
          <tlx>1506</tlx>
          <tly>1907</tly>
          <brx>1565</brx>
          <bry>1966</bry>
          <value>EA3</value>
          <label>3. Ligeramente en desacuerdo</label>
        </box>
        <box>
          <tlx>1659</tlx>
          <tly>1907</tly>
          <brx>1719</brx>
          <bry>1966</bry>
          <value>EA4</value>
          <label>4. Ligeramente de acuerdo</label>
        </box>
        <box>
          <tlx>1813</tlx>
          <tly>1907</tly>
          <brx>1872</brx>
          <bry>1966</bry>
          <value>EA5</value>
          <label>5. Moderadamente de acuerdo</label>
        </box>
        <box>
          <tlx>1967</tlx>
          <tly>1907</tly>
          <brx>2026</brx>
          <bry>1966</bry>
          <value>EA6</value>
          <label>6. Completamente de acuerdo</label>
        </box>
      </boxgroup>
      <boxgroup>
        <type>1</type>
        <width>3</width>
        <varname>EA2_EA09</varname>
        <sortorder>10</sortorder>
        <label>La cantidad de amigos que tengo est&#xE1; determinada por mi propia simpat&#xED;a.</label>
        <groupsection idref="1"/>
        <box>
          <tlx>1199</tlx>
          <tly>2223</tly>
          <brx>1258</brx>
          <bry>2282</bry>
          <value>EA1</value>
          <label>1. Completamente en desacuerdo</label>
        </box>
        <box>
          <tlx>1352</tlx>
          <tly>2223</tly>
          <brx>1411</brx>
          <bry>2282</bry>
          <value>EA2</value>
          <label>2. Moderadamente en desacuerdo</label>
        </box>
        <box>
          <tlx>1506</tlx>
          <tly>2223</tly>
          <brx>1565</brx>
          <bry>2282</bry>
          <value>EA3</value>
          <label>3. Ligeramente en desacuerdo</label>
        </box>
        <box>
          <tlx>1659</tlx>
          <tly>2223</tly>
          <brx>1719</brx>
          <bry>2282</bry>
          <value>EA4</value>
          <label>4. Ligeramente de acuerdo</label>
        </box>
        <box>
          <tlx>1813</tlx>
          <tly>2223</tly>
          <brx>1872</brx>
          <bry>2282</bry>
          <value>EA5</value>
          <label>5. Moderadamente de acuerdo</label>
        </box>
        <box>
          <tlx>1967</tlx>
          <tly>2223</tly>
          <brx>2026</brx>
          <bry>2282</bry>
          <value>EA6</value>
          <label>6. Completamente de acuerdo</label>
        </box>
      </boxgroup>
      <boxgroup>
        <type>1</type>
        <width>3</width>
        <varname>EA2_EA10</varname>
        <sortorder>11</sortorder>
        <label>He descubierto que si algo va a suceder, ello suceder&#xE1; igual independientemente de lo que yo haga.</label>
        <groupsection idref="1"/>
        <box>
          <tlx>1199</tlx>
          <tly>2347</tly>
          <brx>1258</brx>
          <bry>2406</bry>
          <value>EA1</value>
          <label>1. Completamente en desacuerdo</label>
        </box>
        <box>
          <tlx>1352</tlx>
          <tly>2347</tly>
          <brx>1411</brx>
          <bry>2406</bry>
          <value>EA2</value>
          <label>2. Moderadamente en desacuerdo</label>
        </box>
        <box>
          <tlx>1506</tlx>
          <tly>2347</tly>
          <brx>1565</brx>
          <bry>2406</bry>
          <value>EA3</value>
          <label>3. Ligeramente en desacuerdo</label>
        </box>
        <box>
          <tlx>1659</tlx>
          <tly>2347</tly>
          <brx>1719</brx>
          <bry>2406</bry>
          <value>EA4</value>
          <label>4. Ligeramente de acuerdo</label>
        </box>
        <box>
          <tlx>1813</tlx>
          <tly>2347</tly>
          <brx>1872</brx>
          <bry>2406</bry>
          <value>EA5</value>
          <label>5. Moderadamente de acuerdo</label>
        </box>
        <box>
          <tlx>1967</tlx>
          <tly>2347</tly>
          <brx>2026</brx>
          <bry>2406</bry>
          <value>EA6</value>
          <label>6. Completamente de acuerdo</label>
        </box>
      </boxgroup>
      <boxgroup>
        <type>1</type>
        <width>3</width>
        <varname>EA2_EA11</varname>
        <sortorder>12</sortorder>
        <label>Yo creo que los ricos y pol&#xED;ticos controlan mi vida de muchas maneras diferentes.</label>
        <groupsection idref="1"/>
        <box>
          <tlx>1199</tlx>
          <tly>2471</tly>
          <brx>1258</brx>
          <bry>2531</bry>
          <value>EA1</value>
          <label>1. Completamente en desacuerdo</label>
        </box>
        <box>
          <tlx>1352</tlx>
          <tly>2471</tly>
          <brx>1411</brx>
          <bry>2531</bry>
          <value>EA2</value>
          <label>2. Moderadamente en desacuerdo</label>
        </box>
        <box>
          <tlx>1506</tlx>
          <tly>2471</tly>
          <brx>1565</brx>
          <bry>2531</bry>
          <value>EA3</value>
          <label>3. Ligeramente en desacuerdo</label>
        </box>
        <box>
          <tlx>1659</tlx>
          <tly>2471</tly>
          <brx>1719</brx>
          <bry>2531</bry>
          <value>EA4</value>
          <label>4. Ligeramente de acuerdo</label>
        </box>
        <box>
          <tlx>1813</tlx>
          <tly>2471</tly>
          <brx>1872</brx>
          <bry>2531</bry>
          <value>EA5</value>
          <label>5. Moderadamente de acuerdo</label>
        </box>
        <box>
          <tlx>1967</tlx>
          <tly>2471</tly>
          <brx>2026</brx>
          <bry>2531</bry>
          <value>EA6</value>
          <label>6. Completamente de acuerdo</label>
        </box>
      </boxgroup>
      <boxgroup>
        <type>1</type>
        <width>3</width>
        <varname>EA2_EA12</varname>
        <sortorder>13</sortorder>
        <label>Si tengo un accidente automovil&#xED;stico ello se debe a mi mala suerte.</label>
        <groupsection idref="1"/>
        <box>
          <tlx>1199</tlx>
          <tly>2595</tly>
          <brx>1258</brx>
          <bry>2655</bry>
          <value>EA1</value>
          <label>1. Completamente en desacuerdo</label>
        </box>
        <box>
          <tlx>1352</tlx>
          <tly>2595</tly>
          <brx>1411</brx>
          <bry>2655</bry>
          <value>EA2</value>
          <label>2. Moderadamente en desacuerdo</label>
        </box>
        <box>
          <tlx>1506</tlx>
          <tly>2595</tly>
          <brx>1565</brx>
          <bry>2655</bry>
          <value>EA3</value>
          <label>3. Ligeramente en desacuerdo</label>
        </box>
        <box>
          <tlx>1659</tlx>
          <tly>2595</tly>
          <brx>1719</brx>
          <bry>2655</bry>
          <value>EA4</value>
          <label>4. Ligeramente de acuerdo</label>
        </box>
        <box>
          <tlx>1813</tlx>
          <tly>2595</tly>
          <brx>1872</brx>
          <bry>2655</bry>
          <value>EA5</value>
          <label>5. Moderadamente de acuerdo</label>
        </box>
        <box>
          <tlx>1967</tlx>
          <tly>2595</tly>
          <brx>2026</brx>
          <bry>2655</bry>
          <value>EA6</value>
          <label>6. Completamente de acuerdo</label>
        </box>
      </boxgroup>
      <boxgroup>
        <type>1</type>
        <width>3</width>
        <varname>EA2_EA13</varname>
        <sortorder>14</sortorder>
        <label>La gente como yo tiene muy poca oportunidad de defender sus intereses personales cuando esos intereses entran en conflicto con los grupos poderosos (ricos, pol&#xED;ticos).</label>
        <groupsection idref="1"/>
        <box>
          <tlx>1199</tlx>
          <tly>2781</tly>
          <brx>1258</brx>
          <bry>2841</bry>
          <value>EA1</value>
          <label>1. Completamente en desacuerdo</label>
        </box>
        <box>
          <tlx>1352</tlx>
          <tly>2781</tly>
          <brx>1411</brx>
          <bry>2841</bry>
          <value>EA2</value>
          <label>2. Moderadamente en desacuerdo</label>
        </box>
        <box>
          <tlx>1506</tlx>
          <tly>2781</tly>
          <brx>1565</brx>
          <bry>2841</bry>
          <value>EA3</value>
          <label>3. Ligeramente en desacuerdo</label>
        </box>
        <box>
          <tlx>1659</tlx>
          <tly>2781</tly>
          <brx>1719</brx>
          <bry>2841</bry>
          <value>EA4</value>
          <label>4. Ligeramente de acuerdo</label>
        </box>
        <box>
          <tlx>1813</tlx>
          <tly>2781</tly>
          <brx>1872</brx>
          <bry>2841</bry>
          <value>EA5</value>
          <label>5. Moderadamente de acuerdo</label>
        </box>
        <box>
          <tlx>1967</tlx>
          <tly>2781</tly>
          <brx>2026</brx>
          <bry>2841</bry>
          <value>EA6</value>
          <label>6. Completamente de acuerdo</label>
        </box>
      </boxgroup>
      <boxgroup>
        <type>1</type>
        <width>3</width>
        <varname>EA2_EA14</varname>
        <sortorder>15</sortorder>
        <label>No siempre es apropiado para m&#xED; planear muy por adelantado porque de todas maneras muchas cosas resultan ser asunto de buena o mala suerte.</label>
        <groupsection idref="1"/>
        <box>
          <tlx>1199</tlx>
          <tly>2999</tly>
          <brx>1258</brx>
          <bry>3058</bry>
          <value>EA1</value>
          <label>1. Completamente en desacuerdo</label>
        </box>
        <box>
          <tlx>1352</tlx>
          <tly>2999</tly>
          <brx>1411</brx>
          <bry>3058</bry>
          <value>EA2</value>
          <label>2. Moderadamente en desacuerdo</label>
        </box>
        <box>
          <tlx>1506</tlx>
          <tly>2999</tly>
          <brx>1565</brx>
          <bry>3058</bry>
          <value>EA3</value>
          <label>3. Ligeramente en desacuerdo</label>
        </box>
        <box>
          <tlx>1659</tlx>
          <tly>2999</tly>
          <brx>1719</brx>
          <bry>3058</bry>
          <value>EA4</value>
          <label>4. Ligeramente de acuerdo</label>
        </box>
        <box>
          <tlx>1813</tlx>
          <tly>2999</tly>
          <brx>1872</brx>
          <bry>3058</bry>
          <value>EA5</value>
          <label>5. Moderadamente de acuerdo</label>
        </box>
        <box>
          <tlx>1967</tlx>
          <tly>2999</tly>
          <brx>2026</brx>
          <bry>3058</bry>
          <value>EA6</value>
          <label>6. Completamente de acuerdo</label>
        </box>
      </boxgroup>
      <boxgroup>
        <type>1</type>
        <width>3</width>
        <varname>EA2_EA15</varname>
        <sortorder>16</sortorder>
        <label>En este pa&#xED;s, para uno lograr lo que quiere necesariamente tiene que halagar a alguien.</label>
        <groupsection idref="1"/>
        <box>
          <tlx>1199</tlx>
          <tly>3154</tly>
          <brx>1258</brx>
          <bry>3213</bry>
          <value>EA1</value>
          <label>1. Completamente en desacuerdo</label>
        </box>
        <box>
          <tlx>1352</tlx>
          <tly>3154</tly>
          <brx>1411</brx>
          <bry>3213</bry>
          <value>EA2</value>
          <label>2. Moderadamente en desacuerdo</label>
        </box>
        <box>
          <tlx>1506</tlx>
          <tly>3154</tly>
          <brx>1565</brx>
          <bry>3213</bry>
          <value>EA3</value>
          <label>3. Ligeramente en desacuerdo</label>
        </box>
        <box>
          <tlx>1659</tlx>
          <tly>3154</tly>
          <brx>1719</brx>
          <bry>3213</bry>
          <value>EA4</value>
          <label>4. Ligeramente de acuerdo</label>
        </box>
        <box>
          <tlx>1813</tlx>
          <tly>3154</tly>
          <brx>1872</brx>
          <bry>3213</bry>
          <value>EA5</value>
          <label>5. Moderadamente de acuerdo</label>
        </box>
        <box>
          <tlx>1967</tlx>
          <tly>3154</tly>
          <brx>2026</brx>
          <bry>3213</bry>
          <value>EA6</value>
          <label>6. Completamente de acuerdo</label>
        </box>
      </boxgroup>
    </page>
    <page>
      <id>19533602</id>
      <tlx>283</tlx>
      <tly>283</tly>
      <trx>2197</trx>
      <try>283</try>
      <brx>2197</brx>
      <bry>3224</bry>
      <blx>283</blx>
      <bly>3224</bly>
      <rotation>0</rotation>
      <boxgroup>
        <type>1</type>
        <width>3</width>
        <varname>EA2_EA16</varname>
        <sortorder>17</sortorder>
        <label>El que yo llegue a ser un l&#xED;der depender&#xE1; de la suerte que yo tenga.</label>
        <groupsection idref="1"/>
        <box>
          <tlx>1199</tlx>
          <tly>322</tly>
          <brx>1258</brx>
          <bry>381</bry>
          <value>EA1</value>
          <label>1. Completamente en desacuerdo</label>
        </box>
        <box>
          <tlx>1352</tlx>
          <tly>322</tly>
          <brx>1411</brx>
          <bry>381</bry>
          <value>EA2</value>
          <label>2. Moderadamente en desacuerdo</label>
        </box>
        <box>
          <tlx>1506</tlx>
          <tly>322</tly>
          <brx>1565</brx>
          <bry>381</bry>
          <value>EA3</value>
          <label>3. Ligeramente en desacuerdo</label>
        </box>
        <box>
          <tlx>1659</tlx>
          <tly>322</tly>
          <brx>1719</brx>
          <bry>381</bry>
          <value>EA4</value>
          <label>4. Ligeramente de acuerdo</label>
        </box>
        <box>
          <tlx>1813</tlx>
          <tly>322</tly>
          <brx>1872</brx>
          <bry>381</bry>
          <value>EA5</value>
          <label>5. Moderadamente de acuerdo</label>
        </box>
        <box>
          <tlx>1967</tlx>
          <tly>322</tly>
          <brx>2026</brx>
          <bry>381</bry>
          <value>EA6</value>
          <label>6. Completamente de acuerdo</label>
        </box>
      </boxgroup>
      <boxgroup>
        <type>1</type>
        <width>3</width>
        <varname>EA3_EA17</varname>
        <sortorder>18</sortorder>
        <label>Yo siento que la gente que tiene alg&#xFA;n poder sobre m&#xED; (padres, familiares, jefes), trata de decidir lo que suceder&#xE1; en mi vida.</label>
        <groupsection idref="1"/>
        <box>
          <tlx>1199</tlx>
          <tly>669</tly>
          <brx>1258</brx>
          <bry>728</bry>
          <value>EA1</value>
          <label>1. Completamente en desacuerdo</label>
        </box>
        <box>
          <tlx>1352</tlx>
          <tly>669</tly>
          <brx>1411</brx>
          <bry>728</bry>
          <value>EA2</value>
          <label>2. Moderadamente en desacuerdo</label>
        </box>
        <box>
          <tlx>1506</tlx>
          <tly>669</tly>
          <brx>1565</brx>
          <bry>728</bry>
          <value>EA3</value>
          <label>3. Ligeramente en desacuerdo</label>
        </box>
        <box>
          <tlx>1659</tlx>
          <tly>669</tly>
          <brx>1719</brx>
          <bry>728</bry>
          <value>EA4</value>
          <label>4. Ligeramente de acuerdo</label>
        </box>
        <box>
          <tlx>1813</tlx>
          <tly>669</tly>
          <brx>1872</brx>
          <bry>728</bry>
          <value>EA5</value>
          <label>5. Moderadamente de acuerdo</label>
        </box>
        <box>
          <tlx>1967</tlx>
          <tly>669</tly>
          <brx>2026</brx>
          <bry>728</bry>
          <value>EA6</value>
          <label>6. Completamente de acuerdo</label>
        </box>
      </boxgroup>
      <boxgroup>
        <type>1</type>
        <width>3</width>
        <varname>EA3_EA18</varname>
        <sortorder>19</sortorder>
        <label>En la mayor&#xED;a de los casos yo puedo decidir lo que suceder&#xE1; en mi vida.</label>
        <groupsection idref="1"/>
        <box>
          <tlx>1199</tlx>
          <tly>824</tly>
          <brx>1258</brx>
          <bry>883</bry>
          <value>EA1</value>
          <label>1. Completamente en desacuerdo</label>
        </box>
        <box>
          <tlx>1352</tlx>
          <tly>824</tly>
          <brx>1411</brx>
          <bry>883</bry>
          <value>EA2</value>
          <label>2. Moderadamente en desacuerdo</label>
        </box>
        <box>
          <tlx>1506</tlx>
          <tly>824</tly>
          <brx>1565</brx>
          <bry>883</bry>
          <value>EA3</value>
          <label>3. Ligeramente en desacuerdo</label>
        </box>
        <box>
          <tlx>1659</tlx>
          <tly>824</tly>
          <brx>1719</brx>
          <bry>883</bry>
          <value>EA4</value>
          <label>4. Ligeramente de acuerdo</label>
        </box>
        <box>
          <tlx>1813</tlx>
          <tly>824</tly>
          <brx>1872</brx>
          <bry>883</bry>
          <value>EA5</value>
          <label>5. Moderadamente de acuerdo</label>
        </box>
        <box>
          <tlx>1967</tlx>
          <tly>824</tly>
          <brx>2026</brx>
          <bry>883</bry>
          <value>EA6</value>
          <label>6. Completamente de acuerdo</label>
        </box>
      </boxgroup>
      <boxgroup>
        <type>1</type>
        <width>3</width>
        <varname>EA3_EA19</varname>
        <sortorder>20</sortorder>
        <label>Normalmente soy capaz de defender mis intereses personales.</label>
        <groupsection idref="1"/>
        <box>
          <tlx>1199</tlx>
          <tly>948</tly>
          <brx>1258</brx>
          <bry>1007</bry>
          <value>EA1</value>
          <label>1. Completamente en desacuerdo</label>
        </box>
        <box>
          <tlx>1352</tlx>
          <tly>948</tly>
          <brx>1411</brx>
          <bry>1007</bry>
          <value>EA2</value>
          <label>2. Moderadamente en desacuerdo</label>
        </box>
        <box>
          <tlx>1506</tlx>
          <tly>948</tly>
          <brx>1565</brx>
          <bry>1007</bry>
          <value>EA3</value>
          <label>3. Ligeramente en desacuerdo</label>
        </box>
        <box>
          <tlx>1659</tlx>
          <tly>948</tly>
          <brx>1719</brx>
          <bry>1007</bry>
          <value>EA4</value>
          <label>4. Ligeramente de acuerdo</label>
        </box>
        <box>
          <tlx>1813</tlx>
          <tly>948</tly>
          <brx>1872</brx>
          <bry>1007</bry>
          <value>EA5</value>
          <label>5. Moderadamente de acuerdo</label>
        </box>
        <box>
          <tlx>1967</tlx>
          <tly>948</tly>
          <brx>2026</brx>
          <bry>1007</bry>
          <value>EA6</value>
          <label>6. Completamente de acuerdo</label>
        </box>
      </boxgroup>
      <boxgroup>
        <type>1</type>
        <width>3</width>
        <varname>EA3_EA20</varname>
        <sortorder>21</sortorder>
        <label>Si tengo un accidente cuando voy manejando, toda la culpa es del otro conductor.</label>
        <groupsection idref="1"/>
        <box>
          <tlx>1199</tlx>
          <tly>1072</tly>
          <brx>1258</brx>
          <bry>1131</bry>
          <value>EA1</value>
          <label>1. Completamente en desacuerdo</label>
        </box>
        <box>
          <tlx>1352</tlx>
          <tly>1072</tly>
          <brx>1411</brx>
          <bry>1131</bry>
          <value>EA2</value>
          <label>2. Moderadamente en desacuerdo</label>
        </box>
        <box>
          <tlx>1506</tlx>
          <tly>1072</tly>
          <brx>1565</brx>
          <bry>1131</bry>
          <value>EA3</value>
          <label>3. Ligeramente en desacuerdo</label>
        </box>
        <box>
          <tlx>1659</tlx>
          <tly>1072</tly>
          <brx>1719</brx>
          <bry>1131</bry>
          <value>EA4</value>
          <label>4. Ligeramente de acuerdo</label>
        </box>
        <box>
          <tlx>1813</tlx>
          <tly>1072</tly>
          <brx>1872</brx>
          <bry>1131</bry>
          <value>EA5</value>
          <label>5. Moderadamente de acuerdo</label>
        </box>
        <box>
          <tlx>1967</tlx>
          <tly>1072</tly>
          <brx>2026</brx>
          <bry>1131</bry>
          <value>EA6</value>
          <label>6. Completamente de acuerdo</label>
        </box>
      </boxgroup>
      <boxgroup>
        <type>1</type>
        <width>3</width>
        <varname>EA3_EA21</varname>
        <sortorder>22</sortorder>
        <label>Cuando logro lo que quiero es porque he trabajado mucho en ello.</label>
        <groupsection idref="1"/>
        <box>
          <tlx>1199</tlx>
          <tly>1196</tly>
          <brx>1258</brx>
          <bry>1255</bry>
          <value>EA1</value>
          <label>1. Completamente en desacuerdo</label>
        </box>
        <box>
          <tlx>1352</tlx>
          <tly>1196</tly>
          <brx>1411</brx>
          <bry>1255</bry>
          <value>EA2</value>
          <label>2. Moderadamente en desacuerdo</label>
        </box>
        <box>
          <tlx>1506</tlx>
          <tly>1196</tly>
          <brx>1565</brx>
          <bry>1255</bry>
          <value>EA3</value>
          <label>3. Ligeramente en desacuerdo</label>
        </box>
        <box>
          <tlx>1659</tlx>
          <tly>1196</tly>
          <brx>1719</brx>
          <bry>1255</bry>
          <value>EA4</value>
          <label>4. Ligeramente de acuerdo</label>
        </box>
        <box>
          <tlx>1813</tlx>
          <tly>1196</tly>
          <brx>1872</brx>
          <bry>1255</bry>
          <value>EA5</value>
          <label>5. Moderadamente de acuerdo</label>
        </box>
        <box>
          <tlx>1967</tlx>
          <tly>1196</tly>
          <brx>2026</brx>
          <bry>1255</bry>
          <value>EA6</value>
          <label>6. Completamente de acuerdo</label>
        </box>
      </boxgroup>
      <boxgroup>
        <type>1</type>
        <width>3</width>
        <varname>EA3_EA22</varname>
        <sortorder>23</sortorder>
        <label>Cuando quiero que mis planes me salgan bien los preparo de manera que le den en el gusto a la gente que tiene influencia sobre mi (padres, jefes)</label>
        <groupsection idref="1"/>
        <box>
          <tlx>1199</tlx>
          <tly>1351</tly>
          <brx>1258</brx>
          <bry>1410</bry>
          <value>EA1</value>
          <label>1. Completamente en desacuerdo</label>
        </box>
        <box>
          <tlx>1352</tlx>
          <tly>1351</tly>
          <brx>1411</brx>
          <bry>1410</bry>
          <value>EA2</value>
          <label>2. Moderadamente en desacuerdo</label>
        </box>
        <box>
          <tlx>1506</tlx>
          <tly>1351</tly>
          <brx>1565</brx>
          <bry>1410</bry>
          <value>EA3</value>
          <label>3. Ligeramente en desacuerdo</label>
        </box>
        <box>
          <tlx>1659</tlx>
          <tly>1351</tly>
          <brx>1719</brx>
          <bry>1410</bry>
          <value>EA4</value>
          <label>4. Ligeramente de acuerdo</label>
        </box>
        <box>
          <tlx>1813</tlx>
          <tly>1351</tly>
          <brx>1872</brx>
          <bry>1410</bry>
          <value>EA5</value>
          <label>5. Moderadamente de acuerdo</label>
        </box>
        <box>
          <tlx>1967</tlx>
          <tly>1351</tly>
          <brx>2026</brx>
          <bry>1410</bry>
          <value>EA6</value>
          <label>6. Completamente de acuerdo</label>
        </box>
      </boxgroup>
      <boxgroup>
        <type>1</type>
        <width>3</width>
        <varname>EA3_EA23</varname>
        <sortorder>24</sortorder>
        <label>Mi vida est&#xE1; determinada por mis propias acciones.</label>
        <groupsection idref="1"/>
        <box>
          <tlx>1199</tlx>
          <tly>1506</tly>
          <brx>1258</brx>
          <bry>1565</bry>
          <value>EA1</value>
          <label>1. Completamente en desacuerdo</label>
        </box>
        <box>
          <tlx>1352</tlx>
          <tly>1506</tly>
          <brx>1411</brx>
          <bry>1565</bry>
          <value>EA2</value>
          <label>2. Moderadamente en desacuerdo</label>
        </box>
        <box>
          <tlx>1506</tlx>
          <tly>1506</tly>
          <brx>1565</brx>
          <bry>1565</bry>
          <value>EA3</value>
          <label>3. Ligeramente en desacuerdo</label>
        </box>
        <box>
          <tlx>1659</tlx>
          <tly>1506</tly>
          <brx>1719</brx>
          <bry>1565</bry>
          <value>EA4</value>
          <label>4. Ligeramente de acuerdo</label>
        </box>
        <box>
          <tlx>1813</tlx>
          <tly>1506</tly>
          <brx>1872</brx>
          <bry>1565</bry>
          <value>EA5</value>
          <label>5. Moderadamente de acuerdo</label>
        </box>
        <box>
          <tlx>1967</tlx>
          <tly>1506</tly>
          <brx>2026</brx>
          <bry>1565</bry>
          <value>EA6</value>
          <label>6. Completamente de acuerdo</label>
        </box>
      </boxgroup>
      <boxgroup>
        <type>1</type>
        <width>3</width>
        <varname>EA3_EA24</varname>
        <sortorder>25</sortorder>
        <label>Tener pocos o muchos amigos depende del destino de cada uno.</label>
        <groupsection idref="1"/>
        <box>
          <tlx>1199</tlx>
          <tly>1630</tly>
          <brx>1258</brx>
          <bry>1689</bry>
          <value>EA1</value>
          <label>1. Completamente en desacuerdo</label>
        </box>
        <box>
          <tlx>1352</tlx>
          <tly>1630</tly>
          <brx>1411</brx>
          <bry>1689</bry>
          <value>EA2</value>
          <label>2. Moderadamente en desacuerdo</label>
        </box>
        <box>
          <tlx>1506</tlx>
          <tly>1630</tly>
          <brx>1565</brx>
          <bry>1689</bry>
          <value>EA3</value>
          <label>3. Ligeramente en desacuerdo</label>
        </box>
        <box>
          <tlx>1659</tlx>
          <tly>1630</tly>
          <brx>1719</brx>
          <bry>1689</bry>
          <value>EA4</value>
          <label>4. Ligeramente de acuerdo</label>
        </box>
        <box>
          <tlx>1813</tlx>
          <tly>1630</tly>
          <brx>1872</brx>
          <bry>1689</bry>
          <value>EA5</value>
          <label>5. Moderadamente de acuerdo</label>
        </box>
        <box>
          <tlx>1967</tlx>
          <tly>1630</tly>
          <brx>2026</brx>
          <bry>1689</bry>
          <value>EA6</value>
          <label>6. Completamente de acuerdo</label>
        </box>
      </boxgroup>
    </page>
  </questionnaire>
</queXF>
