<?xml version="1.0" encoding="UTF-8"?>
<questionnaire id="618815">
  <title>OMS-ASSIST</title>
  <investigator/>
  <dataCollector/>
  <section id="57">
    <sectionInfo>
      <position>title</position>
      <text>Preguntas</text>
      <administration>self</administration>
    </sectionInfo>
    <question>
      <text>RUT (sin puntos, guión ni dígito verificador. Ejemplo si el rut es 17.736.727-1 escribir 17736727):</text>
      <response varName="RUT">
        <free>
          <format>integer</format>
          <length>8</length>
          <label/>
        </free>
      </response>
    </question>
    <question>
      <text>&lt;p style="text-align: justify;"&gt;MOSTRAR TARJETA DE DROGAS Nº1&lt;/p&gt;&#13;
&#13;
&lt;p style="text-align: justify;"&gt;ENTREVISTADOR: &lt;/p&gt;&#13;
&#13;
&lt;p style="text-align: justify;"&gt;1. Alguna vez en su vida ¿Ha consumido alguna de las siguientes sustancias? (SIN RECETA O INDICACIÓN MÉDICA)&lt;em&gt;:&lt;/em&gt;&lt;/p&gt;</text>
      <subQuestion varName="OMS1_OMSa">
        <text>a. Tabaco</text>
      </subQuestion>
      <subQuestion varName="OMS1_OMSb">
        <text>b. Bebidas alcohólicas</text>
      </subQuestion>
      <subQuestion varName="OMS1_OMSc">
        <text>c. Marihuana</text>
      </subQuestion>
      <subQuestion varName="OMS1_OMSd">
        <text>d. Cocaína</text>
      </subQuestion>
      <subQuestion varName="OMS1_OMSe">
        <text>e. Anfetaminas u otro tipo de estimulantes</text>
      </subQuestion>
      <subQuestion varName="OMS1_OMSf">
        <text>f. Inhalantes</text>
      </subQuestion>
      <subQuestion varName="OMS1_OMSg">
        <text>g. Tranquilizantes o pastillas para dormir</text>
      </subQuestion>
      <subQuestion varName="OMS1_OMSh">
        <text>h. Alucinógenos</text>
      </subQuestion>
      <subQuestion varName="OMS1_OMSi">
        <text>i. Opiáceos</text>
      </subQuestion>
      <subQuestion varName="OMS1_OMSj">
        <text>j. Otros</text>
      </subQuestion>
      <response varName="OMS1">
        <fixed>
          <category>
            <label>Si</label>
            <value>OMSsi</value>
          </category>
          <category>
            <label>No</label>
            <value>OMSno</value>
          </category>
        </fixed>
      </response>
    </question>
    <question>
      <text>Si marcó "Otros" especifique:</text>
      <response varName="OMS1p1">
        <free>
          <format>text</format>
          <length>24</length>
          <label/>
        </free>
      </response>
    </question>
    <question>
      <text>&lt;p&gt;Si todas las respuestas fueron NO entonces preguntar:&lt;/p&gt;&#13;
&#13;
&lt;p&gt;1.2. ¿tampoco cuando iba al colegio?&lt;/p&gt;&#13;
&#13;
&lt;p&gt;&lt;em&gt;Vuelva a leer en voz alta las opciones de la pregunta 1 (y cambie la respuesta en caso de que la persona diga que SI a alguna droga).&lt;/em&gt;&lt;/p&gt;&#13;
&#13;
&#13;
	&lt;em&gt;Si responde que &lt;u&gt;SI&lt;/u&gt; a alguna droga, continue el cuestionario respecto de esa(s) droga(s).&lt;/em&gt;&#13;
	&lt;em&gt;Si vuelve a responder &lt;u&gt;NO&lt;/u&gt; a todas las drogas, entonces suspenda la entrevista marcando &lt;u&gt;NUNCA&lt;/u&gt; en todos los ítems hasta el final.&lt;/em&gt;&#13;
&#13;
&#13;
&lt;p&gt; &lt;/p&gt;</text>
      <response varName="OMS1p2">
        <fixed>
          <category>
            <label>Sí</label>
            <value>Y</value>
          </category>
          <category>
            <label>No</label>
            <value>N</value>
          </category>
        </fixed>
      </response>
    </question>
    <question>
      <text>&lt;p&gt;&lt;em&gt;*Pregunta extra (no pertenece a OMS-ASSIST)*&lt;/em&gt;&lt;/p&gt;&#13;
&#13;
&lt;p&gt;Entrevistador: &lt;/p&gt;&#13;
&#13;
&lt;p&gt;*Cuándo fue la última vez que consumió (SIN RECETA O INDICACIÓN MÉDICA):&lt;/p&gt;</text>
      <subQuestion varName="OMSextra_OMSa">
        <text>a. Tabaco</text>
      </subQuestion>
      <subQuestion varName="OMSextra_OMSb">
        <text>b. Bebidas alcohólicas</text>
      </subQuestion>
      <subQuestion varName="OMSextra_OMSc">
        <text>c. Marihuana</text>
      </subQuestion>
      <subQuestion varName="OMSextra_OMSd">
        <text>d. Cocaína</text>
      </subQuestion>
      <subQuestion varName="OMSextra_OMSe">
        <text>e. Anfetaminas u otro tipo de estimulantes</text>
      </subQuestion>
      <subQuestion varName="OMSextra_OMSf">
        <text>f. Inhalantes</text>
      </subQuestion>
      <subQuestion varName="OMSextra_OMSg">
        <text>g. Tranquilizantes o pastillas para dormir</text>
      </subQuestion>
      <subQuestion varName="OMSextra_OMSh">
        <text>h. Alucinógenos</text>
      </subQuestion>
      <subQuestion varName="OMSextra_OMSi">
        <text>i. Opiáceos</text>
      </subQuestion>
      <subQuestion varName="OMSextra_OMSj">
        <text>j. Otros</text>
      </subQuestion>
      <response varName="OMSextra">
        <fixed>
          <category>
            <label>Nunca</label>
            <value>OMS0</value>
          </category>
          <category>
            <label>Durante el último mes</label>
            <value>OMS1</value>
          </category>
          <category>
            <label>Hace más de un mes pero menos de un año</label>
            <value>OMS2</value>
          </category>
          <category>
            <label>Hace más de un año</label>
            <value>OMS3</value>
          </category>
        </fixed>
      </response>
    </question>
    <question>
      <text>Si respondió "Otros" especifique ¿cuáles?</text>
      <response varName="OMSextraOtros">
        <free>
          <format>text</format>
          <length>24</length>
          <label/>
        </free>
      </response>
    </question>
  </section>
  <section id="58">
    <sectionInfo>
      <position>title</position>
      <text>Preguntas2</text>
      <administration>self</administration>
    </sectionInfo>
    <question>
      <text>&lt;p&gt;MOSTRAR TARJETA DE RESPUESTA Nº2&lt;/p&gt;&#13;
&#13;
&lt;p&gt;Entrevistador: &lt;/p&gt;&#13;
&#13;
&lt;p&gt;2. En los últimos 3 meses ¿Con qué frecuencia ha consumido:&lt;/p&gt;</text>
      <subQuestion varName="OMS2_OMSa">
        <text>a. Tabaco</text>
      </subQuestion>
      <subQuestion varName="OMS2_OMSb">
        <text>b. Bebidas alcohólicas</text>
      </subQuestion>
      <subQuestion varName="OMS2_OMSc">
        <text>c. Marihuana</text>
      </subQuestion>
      <subQuestion varName="OMS2_OMSd">
        <text>d. Cocaína</text>
      </subQuestion>
      <subQuestion varName="OMS2_OMSe">
        <text>e. Anfetaminas u otro tipo de estimulantes</text>
      </subQuestion>
      <subQuestion varName="OMS2_OMSf">
        <text>f. Inhalantes</text>
      </subQuestion>
      <subQuestion varName="OMS2_OMSg">
        <text>g. Tranquilizantes o pastillas para dormir</text>
      </subQuestion>
      <subQuestion varName="OMS2_OMSh">
        <text>h. Alucinógenos</text>
      </subQuestion>
      <subQuestion varName="OMS2_OMSi">
        <text>i. Opiáceos</text>
      </subQuestion>
      <subQuestion varName="OMS2_OMSj">
        <text>j. Otros</text>
      </subQuestion>
      <response varName="OMS2">
        <fixed>
          <category>
            <label>Nunca</label>
            <value>OMS1</value>
          </category>
          <category>
            <label>1 o 2 veces</label>
            <value>OMS2</value>
          </category>
          <category>
            <label>Mensualmente</label>
            <value>OMS3</value>
          </category>
          <category>
            <label>Semanalmente</label>
            <value>OMS4</value>
          </category>
          <category>
            <label>Diariamente o casi a diario</label>
            <value>OMS5</value>
          </category>
        </fixed>
      </response>
    </question>
  </section>
  <section id="108">
    <sectionInfo>
      <position>title</position>
      <text>Preguntas3</text>
      <administration>self</administration>
    </sectionInfo>
    <sectionInfo>
      <position>before</position>
      <text>&lt;p&gt;&lt;em&gt;Si ha respondido "Nunca" a todos los ítems en la Pregunta 2, marque Nunca en todas las preguntas siguientes y salte a la Pregunta 6, de lo contario continúe con la entrevista.&lt;/em&gt;&lt;/p&gt;</text>
      <administration>self</administration>
    </sectionInfo>
    <question>
      <text>&lt;p&gt;Entrevistador: &lt;/p&gt;&#13;
&#13;
&lt;p&gt;3. En los últimos tres meses ¿con que frecuencia ha tenido fuertes deseos o ansias de consumir?:&lt;/p&gt;</text>
      <subQuestion varName="OMS3_OMSa">
        <text>a. Tabaco</text>
      </subQuestion>
      <subQuestion varName="OMS3_OMSb">
        <text>b. Bebidas alcohólicas</text>
      </subQuestion>
      <subQuestion varName="OMS3_OMSc">
        <text>c. Marihuana</text>
      </subQuestion>
      <subQuestion varName="OMS3_OMSd">
        <text>d. Cocaína</text>
      </subQuestion>
      <subQuestion varName="OMS3_OMSe">
        <text>e. Anfetaminas u otro tipo de estimulantes</text>
      </subQuestion>
      <subQuestion varName="OMS3_OMSf">
        <text>f. Inhalantes</text>
      </subQuestion>
      <subQuestion varName="OMS3_OMSg">
        <text>g. Tranquilizantes o pastillas para dormir</text>
      </subQuestion>
      <subQuestion varName="OMS3_OMSh">
        <text>h. Alucinógenos</text>
      </subQuestion>
      <subQuestion varName="OMS3_OMSi">
        <text>i. Opiáceos</text>
      </subQuestion>
      <subQuestion varName="OMS3_OMSj">
        <text>j. Otros</text>
      </subQuestion>
      <response varName="OMS3">
        <fixed>
          <category>
            <label>Nunca</label>
            <value>OMS1</value>
          </category>
          <category>
            <label>1 o 2 veces</label>
            <value>OMS2</value>
          </category>
          <category>
            <label>Mensualmente</label>
            <value>OMS3</value>
          </category>
          <category>
            <label>Semanalmente</label>
            <value>OMS4</value>
          </category>
          <category>
            <label>Diariamente o casi a diario</label>
            <value>OMS5</value>
          </category>
        </fixed>
      </response>
    </question>
    <question>
      <text>Si marcó "Otros" por favor especifique:</text>
      <response varName="OMS3p1">
        <free>
          <format>text</format>
          <length>24</length>
          <label/>
        </free>
      </response>
    </question>
  </section>
  <section id="109">
    <sectionInfo>
      <position>title</position>
      <text>Preguntas4</text>
      <administration>self</administration>
    </sectionInfo>
    <question>
      <text>&lt;p&gt;Entrevistador: &lt;/p&gt;&#13;
&#13;
&lt;p&gt;4. En los últimos tres meses ¿con qué frecuencia ha tenido problemas de salud, sociales, legales o económicos debido al consumo de:&lt;/p&gt;</text>
      <subQuestion varName="OMS4_OMSa">
        <text>a. Tabaco</text>
      </subQuestion>
      <subQuestion varName="OMS4_OMSb">
        <text>b. Bebidas alcohólicas</text>
      </subQuestion>
      <subQuestion varName="OMS4_OMSc">
        <text>c. Marihuana</text>
      </subQuestion>
      <subQuestion varName="OMS4_OMSd">
        <text>d. Cocaína</text>
      </subQuestion>
      <subQuestion varName="OMS4_OMSe">
        <text>e. Anfetaminas u otro tipo de estimulantes</text>
      </subQuestion>
      <subQuestion varName="OMS4_OMSf">
        <text>f. Inhalantes</text>
      </subQuestion>
      <subQuestion varName="OMS4_OMSg">
        <text>g. Tranquilizantes o pastillas para dormir</text>
      </subQuestion>
      <subQuestion varName="OMS4_OMSh">
        <text>h. Alucinógenos</text>
      </subQuestion>
      <subQuestion varName="OMS4_OMSi">
        <text>i. Opiáceos</text>
      </subQuestion>
      <subQuestion varName="OMS4_OMSj">
        <text>j. Otros</text>
      </subQuestion>
      <response varName="OMS4">
        <fixed>
          <category>
            <label>Nunca</label>
            <value>OMS1</value>
          </category>
          <category>
            <label>1 o 2 veces</label>
            <value>OMS2</value>
          </category>
          <category>
            <label>Mensualmente</label>
            <value>OMS3</value>
          </category>
          <category>
            <label>Semanalmente</label>
            <value>OMS4</value>
          </category>
          <category>
            <label>Diariamente o casi a diario</label>
            <value>OMS5</value>
          </category>
        </fixed>
      </response>
    </question>
    <question>
      <text>Si marcó "Otros" por favor especifique:</text>
      <response varName="OMS4p1">
        <free>
          <format>text</format>
          <length>24</length>
          <label/>
        </free>
      </response>
    </question>
  </section>
  <section id="110">
    <sectionInfo>
      <position>title</position>
      <text>Preguntas 5</text>
      <administration>self</administration>
    </sectionInfo>
    <question>
      <text>&lt;p style="text-align: justify;"&gt;Entrevistador: &lt;/p&gt;&#13;
&#13;
&lt;p style="text-align: justify;"&gt;5. &lt;u&gt;En los últimos tres meses&lt;/u&gt; ¿con qué frecuencia ha tenido problemas para cumplir con sus obligaciones habituales a causa del consumo de:&lt;/p&gt;</text>
      <subQuestion varName="OMS5_OMSa">
        <text>a. Tabaco</text>
      </subQuestion>
      <subQuestion varName="OMS5_OMSb">
        <text>b. Bebidas alcohólicas</text>
      </subQuestion>
      <subQuestion varName="OMS5_OMSc">
        <text>c. Marihuana</text>
      </subQuestion>
      <subQuestion varName="OMS5_OMSd">
        <text>d. Cocaína</text>
      </subQuestion>
      <subQuestion varName="OMS5_OMSe">
        <text>e. Anfetaminas u otro tipo de estimulantes</text>
      </subQuestion>
      <subQuestion varName="OMS5_OMSf">
        <text>f. Inhalantes</text>
      </subQuestion>
      <subQuestion varName="OMS5_OMSg">
        <text>g. Tranquilizantes o pastillas para dormir</text>
      </subQuestion>
      <subQuestion varName="OMS5_OMSh">
        <text>h. Alucinógenos</text>
      </subQuestion>
      <subQuestion varName="OMS5_OMSi">
        <text>i. Opiáceos</text>
      </subQuestion>
      <subQuestion varName="OMS5_OMSj">
        <text>j. Otros</text>
      </subQuestion>
      <response varName="OMS5">
        <fixed>
          <category>
            <label>Nunca</label>
            <value>OMS1</value>
          </category>
          <category>
            <label>1 o 2 veces</label>
            <value>OMS2</value>
          </category>
          <category>
            <label>Mensualmente</label>
            <value>OMS3</value>
          </category>
          <category>
            <label>Semanalmente</label>
            <value>OMS4</value>
          </category>
          <category>
            <label>Diariamente o casi a diario</label>
            <value>OMS5</value>
          </category>
        </fixed>
      </response>
    </question>
    <question>
      <text>Si marcó "Otros" por favor especifique:</text>
      <response varName="OMS5p1">
        <free>
          <format>text</format>
          <length>24</length>
          <label/>
        </free>
      </response>
    </question>
  </section>
  <section id="111">
    <sectionInfo>
      <position>title</position>
      <text>Preguntas6</text>
      <administration>self</administration>
    </sectionInfo>
    <question>
      <text>&lt;p&gt;&lt;em&gt;Haga las preguntas 6 y 7 para todas las sustancias que ha consumido alguna vez (es decir, aquellas abordadas en la Pregunta 1)&lt;/em&gt;&lt;/p&gt;&#13;
&#13;
&lt;p&gt;MOSTRAR TARJETA DE RESPUESTA Nº3&lt;/p&gt;&#13;
&#13;
&lt;p&gt;Entrevistador:&lt;/p&gt;&#13;
&#13;
&lt;p&gt;6. ¿Alguna vez amigos, familiares o alguien más le han mostrado preocupación por su consumo de:&lt;/p&gt;</text>
      <subQuestion varName="OMS6_OMSa">
        <text>a. Tabaco</text>
      </subQuestion>
      <subQuestion varName="OMS6_OMSb">
        <text>b. Bebidas alcohólicas</text>
      </subQuestion>
      <subQuestion varName="OMS6_OMSc">
        <text>c. Marihuana</text>
      </subQuestion>
      <subQuestion varName="OMS6_OMSd">
        <text>d. Cocaína</text>
      </subQuestion>
      <subQuestion varName="OMS6_OMSe">
        <text>e. Anfetaminas u otro tipo de estimulantes</text>
      </subQuestion>
      <subQuestion varName="OMS6_OMSf">
        <text>f. Inhalantes</text>
      </subQuestion>
      <subQuestion varName="OMS6_OMSg">
        <text>g. Tranquilizantes o pastillas para dormir</text>
      </subQuestion>
      <subQuestion varName="OMS6_OMSh">
        <text>h. Alucinógenos</text>
      </subQuestion>
      <subQuestion varName="OMS6_OMSi">
        <text>i. Opiáceos</text>
      </subQuestion>
      <subQuestion varName="OMS6_OMSj">
        <text>j. Otros</text>
      </subQuestion>
      <response varName="OMS6">
        <fixed>
          <category>
            <label>No, nunca</label>
            <value>OMS1</value>
          </category>
          <category>
            <label>Si, en los últimos 3 meses</label>
            <value>OMS2</value>
          </category>
          <category>
            <label>Si, pero no en los últimos 3 meses</label>
            <value>OMS3</value>
          </category>
        </fixed>
      </response>
    </question>
    <question>
      <text>Si marcó "Otros" por favor especifique:</text>
      <response varName="OMS6p1">
        <free>
          <format>text</format>
          <length>24</length>
          <label/>
        </free>
      </response>
    </question>
  </section>
  <section id="112">
    <sectionInfo>
      <position>title</position>
      <text>Preguntas 7</text>
      <administration>self</administration>
    </sectionInfo>
    <question>
      <text>&lt;p&gt;Entrevistador: &lt;/p&gt;&#13;
&#13;
&lt;p&gt;7. ¿Alguna vez ha intentado controlar, reducir o dejar de consumir (PRIMERA DROGA, SEGUNDA DROGA, ETC) y no lo ha logrado?&lt;/p&gt;</text>
      <subQuestion varName="OMS7_OMSa">
        <text>a. Tabaco</text>
      </subQuestion>
      <subQuestion varName="OMS7_OMSb">
        <text>b. Bebidas alcohólicas</text>
      </subQuestion>
      <subQuestion varName="OMS7_OMSc">
        <text>c. Marihuana</text>
      </subQuestion>
      <subQuestion varName="OMS7_OMSd">
        <text>d. Cocaína</text>
      </subQuestion>
      <subQuestion varName="OMS7_OMSe">
        <text>e. Anfetaminas u otro tipo de estimulantes</text>
      </subQuestion>
      <subQuestion varName="OMS7_OMSf">
        <text>f. Inhalantes</text>
      </subQuestion>
      <subQuestion varName="OMS7_OMSg">
        <text>g. Tranquilizantes o pastillas para dormir</text>
      </subQuestion>
      <subQuestion varName="OMS7_OMSh">
        <text>h. Alucinógenos</text>
      </subQuestion>
      <subQuestion varName="OMS7_OMSi">
        <text>i. Opiáceos</text>
      </subQuestion>
      <subQuestion varName="OMS7_OMSj">
        <text>j. Otros</text>
      </subQuestion>
      <response varName="OMS7">
        <fixed>
          <category>
            <label>No, nunca</label>
            <value>OMS1</value>
          </category>
          <category>
            <label>Si, en los últimos 3 meses</label>
            <value>OMS2</value>
          </category>
          <category>
            <label>Si, pero no en los últimos 3 meses</label>
            <value>OMS3</value>
          </category>
        </fixed>
      </response>
    </question>
    <question>
      <text>Si marcó "Otros" por favor especifique:</text>
      <response varName="OMS7p1">
        <free>
          <format>text</format>
          <length>24</length>
          <label/>
        </free>
      </response>
    </question>
    <question>
      <subQuestion varName="OMS8_OMS8">
        <text>¿Alguna vez ha consumido alguna droga por vía inyectada? (ÚNICAMENTE PARA USOS NO MÉDICOS)</text>
      </subQuestion>
      <response varName="OMS8">
        <fixed>
          <category>
            <label>No, nunca</label>
            <value>OMS1</value>
          </category>
          <category>
            <label>Si, en los últimos 3 meses</label>
            <value>OMS2</value>
          </category>
          <category>
            <label>Si, pero no en los últimos 3 meses</label>
            <value>OMS3</value>
          </category>
        </fixed>
      </response>
    </question>
  </section>
</questionnaire>
