<?xml version="1.0"?>
<queXF>
  <questionnaire>
    <id>919492</id>
    <section id="1">
      <label>Preguntas</label>
      <title>Section A</title>
    </section>
    <page>
      <id>91949201</id>
      <tlx>283</tlx>
      <tly>283</tly>
      <trx>2197</trx>
      <try>283</try>
      <brx>2197</brx>
      <bry>3224</bry>
      <blx>283</blx>
      <bly>3224</bly>
      <rotation>0</rotation>
      <boxgroup>
        <type>4</type>
        <width>8</width>
        <varname>RUT</varname>
        <sortorder>1</sortorder>
        <label>RUT (sin puntos, gui&#xF3;n ni d&#xED;gito verificador. Ejemplo si el rut es 17.736.727-1 escribir 17736727):</label>
        <groupsection idref="1"/>
        <box>
          <tlx>1515</tlx>
          <tly>509</tly>
          <brx>1586</brx>
          <bry>603</bry>
          <value></value>
          <label></label>
        </box>
        <box>
          <tlx>1588</tlx>
          <tly>509</tly>
          <brx>1659</brx>
          <bry>603</bry>
          <value></value>
          <label></label>
        </box>
        <box>
          <tlx>1661</tlx>
          <tly>509</tly>
          <brx>1731</brx>
          <bry>603</bry>
          <value></value>
          <label></label>
        </box>
        <box>
          <tlx>1733</tlx>
          <tly>509</tly>
          <brx>1804</brx>
          <bry>603</bry>
          <value></value>
          <label></label>
        </box>
        <box>
          <tlx>1806</tlx>
          <tly>509</tly>
          <brx>1877</brx>
          <bry>603</bry>
          <value></value>
          <label></label>
        </box>
        <box>
          <tlx>1879</tlx>
          <tly>509</tly>
          <brx>1949</brx>
          <bry>603</bry>
          <value></value>
          <label></label>
        </box>
        <box>
          <tlx>1951</tlx>
          <tly>509</tly>
          <brx>2022</brx>
          <bry>603</bry>
          <value></value>
          <label></label>
        </box>
        <box>
          <tlx>2024</tlx>
          <tly>509</tly>
          <brx>2095</brx>
          <bry>603</bry>
          <value></value>
          <label></label>
        </box>
      </boxgroup>
      <boxgroup>
        <type>1</type>
        <width>1</width>
        <varname>BECK01p1</varname>
        <sortorder>2</sortorder>
        <label>&lt;p style="text-align: justify;"&gt;En este cuestionario aparecen varios grupos de afirmaciones. Por favor, lea con atenci&#xF3;n cada una. A continuaci&#xF3;n, se&#xF1;ale cu&#xE1;l de las afirmaciones de cada grupo describe mejor c&#xF3;mo se ha sentido durante esta &#xFA;ltima semana, incluido en el d&#xED;a de hoy. Si dentro de un mismo grupo, hay m&#xE1;s de una afirmaci&#xF3;n que considere aplicable a su caso, m&#xE1;rquela tambi&#xE9;n.&lt;/p&gt;&#xD;
&#xD;
&lt;p style="text-align: justify;"&gt;&#xA0;&lt;/p&gt;&#xD;
&#xD;
&lt;p style="text-align: justify;"&gt;&#xA0;&lt;/p&gt;&#xD;
&#xD;
&lt;p style="text-align: justify;"&gt;&#xA0;&lt;/p&gt;&#xD;
&#xD;
&lt;p style="text-align: justify;"&gt;1.&lt;/p&gt; : </label>
        <groupsection idref="1"/>
        <box>
          <tlx>1967</tlx>
          <tly>1537</tly>
          <brx>2026</brx>
          <bry>1596</bry>
          <value>1</value>
          <label>No me siento triste</label>
        </box>
      </boxgroup>
      <boxgroup>
        <type>1</type>
        <width>1</width>
        <varname>BECK01p2</varname>
        <sortorder>3</sortorder>
        <label>&lt;p style="text-align: justify;"&gt;En este cuestionario aparecen varios grupos de afirmaciones. Por favor, lea con atenci&#xF3;n cada una. A continuaci&#xF3;n, se&#xF1;ale cu&#xE1;l de las afirmaciones de cada grupo describe mejor c&#xF3;mo se ha sentido durante esta &#xFA;ltima semana, incluido en el d&#xED;a de hoy. Si dentro de un mismo grupo, hay m&#xE1;s de una afirmaci&#xF3;n que considere aplicable a su caso, m&#xE1;rquela tambi&#xE9;n.&lt;/p&gt;&#xD;
&#xD;
&lt;p style="text-align: justify;"&gt;&#xA0;&lt;/p&gt;&#xD;
&#xD;
&lt;p style="text-align: justify;"&gt;&#xA0;&lt;/p&gt;&#xD;
&#xD;
&lt;p style="text-align: justify;"&gt;&#xA0;&lt;/p&gt;&#xD;
&#xD;
&lt;p style="text-align: justify;"&gt;1.&lt;/p&gt; : </label>
        <groupsection idref="1"/>
        <box>
          <tlx>1967</tlx>
          <tly>1644</tly>
          <brx>2026</brx>
          <bry>1703</bry>
          <value>1</value>
          <label>Me siento triste</label>
        </box>
      </boxgroup>
      <boxgroup>
        <type>1</type>
        <width>1</width>
        <varname>BECK01p3</varname>
        <sortorder>4</sortorder>
        <label>&lt;p style="text-align: justify;"&gt;En este cuestionario aparecen varios grupos de afirmaciones. Por favor, lea con atenci&#xF3;n cada una. A continuaci&#xF3;n, se&#xF1;ale cu&#xE1;l de las afirmaciones de cada grupo describe mejor c&#xF3;mo se ha sentido durante esta &#xFA;ltima semana, incluido en el d&#xED;a de hoy. Si dentro de un mismo grupo, hay m&#xE1;s de una afirmaci&#xF3;n que considere aplicable a su caso, m&#xE1;rquela tambi&#xE9;n.&lt;/p&gt;&#xD;
&#xD;
&lt;p style="text-align: justify;"&gt;&#xA0;&lt;/p&gt;&#xD;
&#xD;
&lt;p style="text-align: justify;"&gt;&#xA0;&lt;/p&gt;&#xD;
&#xD;
&lt;p style="text-align: justify;"&gt;&#xA0;&lt;/p&gt;&#xD;
&#xD;
&lt;p style="text-align: justify;"&gt;1.&lt;/p&gt; : </label>
        <groupsection idref="1"/>
        <box>
          <tlx>1967</tlx>
          <tly>1750</tly>
          <brx>2026</brx>
          <bry>1809</bry>
          <value>1</value>
          <label>Me siento triste continuamente y no puedo dejar de estarlo.</label>
        </box>
      </boxgroup>
      <boxgroup>
        <type>1</type>
        <width>1</width>
        <varname>BECK01p4</varname>
        <sortorder>5</sortorder>
        <label>&lt;p style="text-align: justify;"&gt;En este cuestionario aparecen varios grupos de afirmaciones. Por favor, lea con atenci&#xF3;n cada una. A continuaci&#xF3;n, se&#xF1;ale cu&#xE1;l de las afirmaciones de cada grupo describe mejor c&#xF3;mo se ha sentido durante esta &#xFA;ltima semana, incluido en el d&#xED;a de hoy. Si dentro de un mismo grupo, hay m&#xE1;s de una afirmaci&#xF3;n que considere aplicable a su caso, m&#xE1;rquela tambi&#xE9;n.&lt;/p&gt;&#xD;
&#xD;
&lt;p style="text-align: justify;"&gt;&#xA0;&lt;/p&gt;&#xD;
&#xD;
&lt;p style="text-align: justify;"&gt;&#xA0;&lt;/p&gt;&#xD;
&#xD;
&lt;p style="text-align: justify;"&gt;&#xA0;&lt;/p&gt;&#xD;
&#xD;
&lt;p style="text-align: justify;"&gt;1.&lt;/p&gt; : </label>
        <groupsection idref="1"/>
        <box>
          <tlx>1967</tlx>
          <tly>1856</tly>
          <brx>2026</brx>
          <bry>1915</bry>
          <value>1</value>
          <label>Me siento tan triste o tan desgraciado que no puedo soportarlo.</label>
        </box>
      </boxgroup>
      <boxgroup>
        <type>1</type>
        <width>1</width>
        <varname>BECK02p1</varname>
        <sortorder>6</sortorder>
        <label>2. : </label>
        <groupsection idref="1"/>
        <box>
          <tlx>1967</tlx>
          <tly>2037</tly>
          <brx>2026</brx>
          <bry>2096</bry>
          <value>1</value>
          <label>No me siento especialmente desanimado respecto al futuro.</label>
        </box>
      </boxgroup>
      <boxgroup>
        <type>1</type>
        <width>1</width>
        <varname>BECK02p2</varname>
        <sortorder>7</sortorder>
        <label>2. : </label>
        <groupsection idref="1"/>
        <box>
          <tlx>1967</tlx>
          <tly>2143</tly>
          <brx>2026</brx>
          <bry>2202</bry>
          <value>1</value>
          <label>Me siento desanimado respecto al futuro.</label>
        </box>
      </boxgroup>
      <boxgroup>
        <type>1</type>
        <width>1</width>
        <varname>BECK02p3</varname>
        <sortorder>8</sortorder>
        <label>2. : </label>
        <groupsection idref="1"/>
        <box>
          <tlx>1967</tlx>
          <tly>2250</tly>
          <brx>2026</brx>
          <bry>2309</bry>
          <value>1</value>
          <label>Siento que no tengo que esperar nada.</label>
        </box>
      </boxgroup>
      <boxgroup>
        <type>1</type>
        <width>1</width>
        <varname>BECK02p4</varname>
        <sortorder>9</sortorder>
        <label>2. : </label>
        <groupsection idref="1"/>
        <box>
          <tlx>1967</tlx>
          <tly>2356</tly>
          <brx>2026</brx>
          <bry>2415</bry>
          <value>1</value>
          <label>Siento que el futuro es desesperanzador y las cosas no 2) . mejorar&#xE1;n.</label>
        </box>
      </boxgroup>
      <boxgroup>
        <type>1</type>
        <width>1</width>
        <varname>BECK03p1</varname>
        <sortorder>10</sortorder>
        <label>3. : </label>
        <groupsection idref="1"/>
        <box>
          <tlx>1967</tlx>
          <tly>2536</tly>
          <brx>2026</brx>
          <bry>2595</bry>
          <value>1</value>
          <label>No me siento fracasado.</label>
        </box>
      </boxgroup>
      <boxgroup>
        <type>1</type>
        <width>1</width>
        <varname>BECK03p2</varname>
        <sortorder>11</sortorder>
        <label>3. : </label>
        <groupsection idref="1"/>
        <box>
          <tlx>1967</tlx>
          <tly>2643</tly>
          <brx>2026</brx>
          <bry>2702</bry>
          <value>1</value>
          <label>Creo que he fracasado m&#xE1;s que la mayor&#xED;a de las personas.</label>
        </box>
      </boxgroup>
      <boxgroup>
        <type>1</type>
        <width>1</width>
        <varname>BECK03p3</varname>
        <sortorder>12</sortorder>
        <label>3. : </label>
        <groupsection idref="1"/>
        <box>
          <tlx>1967</tlx>
          <tly>2749</tly>
          <brx>2026</brx>
          <bry>2808</bry>
          <value>1</value>
          <label>Cuando miro hacia atr&#xE1;s, s&#xF3;lo veo fracaso tras fracaso.</label>
        </box>
      </boxgroup>
      <boxgroup>
        <type>1</type>
        <width>1</width>
        <varname>BECK03p4</varname>
        <sortorder>13</sortorder>
        <label>3. : </label>
        <groupsection idref="1"/>
        <box>
          <tlx>1967</tlx>
          <tly>2855</tly>
          <brx>2026</brx>
          <bry>2914</bry>
          <value>1</value>
          <label>Me siento una persona totalmente fracasada.</label>
        </box>
      </boxgroup>
      <boxgroup>
        <type>1</type>
        <width>1</width>
        <varname>BECK04p1</varname>
        <sortorder>14</sortorder>
        <label>4. : </label>
        <groupsection idref="1"/>
        <box>
          <tlx>1967</tlx>
          <tly>3036</tly>
          <brx>2026</brx>
          <bry>3095</bry>
          <value>1</value>
          <label>Las cosas me satisfacen tanto como antes.</label>
        </box>
      </boxgroup>
      <boxgroup>
        <type>1</type>
        <width>1</width>
        <varname>BECK04p2</varname>
        <sortorder>15</sortorder>
        <label>4. : </label>
        <groupsection idref="1"/>
        <box>
          <tlx>1967</tlx>
          <tly>3142</tly>
          <brx>2026</brx>
          <bry>3201</bry>
          <value>1</value>
          <label>No disfruto de las cosas tanto como antes.</label>
        </box>
      </boxgroup>
      <boxgroup>
        <type>1</type>
        <width>1</width>
        <varname>BECK04p3</varname>
        <sortorder>16</sortorder>
        <label>4. : </label>
        <groupsection idref="1"/>
        <box>
          <tlx>1967</tlx>
          <tly>3249</tly>
          <brx>2026</brx>
          <bry>3308</bry>
          <value>1</value>
          <label>Ya no obtengo una satisfacci&#xF3;n aut&#xE9;ntica de las cosas.</label>
        </box>
      </boxgroup>
    </page>
    <page>
      <id>91949202</id>
      <tlx>283</tlx>
      <tly>283</tly>
      <trx>2197</trx>
      <try>283</try>
      <brx>2197</brx>
      <bry>3224</bry>
      <blx>283</blx>
      <bly>3224</bly>
      <rotation>0</rotation>
      <boxgroup>
        <type>1</type>
        <width>1</width>
        <varname>BECK04p4</varname>
        <sortorder>17</sortorder>
        <label>4. : </label>
        <groupsection idref="1"/>
        <box>
          <tlx>1967</tlx>
          <tly>195</tly>
          <brx>2026</brx>
          <bry>254</bry>
          <value>1</value>
          <label>Estoy insatisfecho o aburrido de todo.</label>
        </box>
      </boxgroup>
      <boxgroup>
        <type>1</type>
        <width>1</width>
        <varname>BECK05p1</varname>
        <sortorder>18</sortorder>
        <label>5. : </label>
        <groupsection idref="1"/>
        <box>
          <tlx>1967</tlx>
          <tly>375</tly>
          <brx>2026</brx>
          <bry>435</bry>
          <value>1</value>
          <label>No me siento especialmente culpable.</label>
        </box>
      </boxgroup>
      <boxgroup>
        <type>1</type>
        <width>1</width>
        <varname>BECK05p2</varname>
        <sortorder>19</sortorder>
        <label>5. : </label>
        <groupsection idref="1"/>
        <box>
          <tlx>1967</tlx>
          <tly>482</tly>
          <brx>2026</brx>
          <bry>541</bry>
          <value>1</value>
          <label>Me siento culpable en bastantes ocasiones.</label>
        </box>
      </boxgroup>
      <boxgroup>
        <type>1</type>
        <width>1</width>
        <varname>BECK05p3</varname>
        <sortorder>20</sortorder>
        <label>5. : </label>
        <groupsection idref="1"/>
        <box>
          <tlx>1967</tlx>
          <tly>588</tly>
          <brx>2026</brx>
          <bry>647</bry>
          <value>1</value>
          <label>Me siento culpable en la mayor&#xED;a de las ocasiones.</label>
        </box>
      </boxgroup>
      <boxgroup>
        <type>1</type>
        <width>1</width>
        <varname>BECK05p4</varname>
        <sortorder>21</sortorder>
        <label>5. : </label>
        <groupsection idref="1"/>
        <box>
          <tlx>1967</tlx>
          <tly>694</tly>
          <brx>2026</brx>
          <bry>753</bry>
          <value>1</value>
          <label>Me siento culpable constantemente.</label>
        </box>
      </boxgroup>
      <boxgroup>
        <type>1</type>
        <width>1</width>
        <varname>BECK06p1</varname>
        <sortorder>22</sortorder>
        <label>6. : </label>
        <groupsection idref="1"/>
        <box>
          <tlx>1967</tlx>
          <tly>875</tly>
          <brx>2026</brx>
          <bry>934</bry>
          <value>1</value>
          <label>No creo que est&#xE9; siendo castigado.</label>
        </box>
      </boxgroup>
      <boxgroup>
        <type>1</type>
        <width>1</width>
        <varname>BECK06p2</varname>
        <sortorder>23</sortorder>
        <label>6. : </label>
        <groupsection idref="1"/>
        <box>
          <tlx>1967</tlx>
          <tly>981</tly>
          <brx>2026</brx>
          <bry>1040</bry>
          <value>1</value>
          <label>Me siento como si fuese a ser castigado.</label>
        </box>
      </boxgroup>
      <boxgroup>
        <type>1</type>
        <width>1</width>
        <varname>BECK06p3</varname>
        <sortorder>24</sortorder>
        <label>6. : </label>
        <groupsection idref="1"/>
        <box>
          <tlx>1967</tlx>
          <tly>1088</tly>
          <brx>2026</brx>
          <bry>1147</bry>
          <value>1</value>
          <label>Espero ser castigado.</label>
        </box>
      </boxgroup>
      <boxgroup>
        <type>1</type>
        <width>1</width>
        <varname>BECK06p4</varname>
        <sortorder>25</sortorder>
        <label>6. : </label>
        <groupsection idref="1"/>
        <box>
          <tlx>1967</tlx>
          <tly>1194</tly>
          <brx>2026</brx>
          <bry>1253</bry>
          <value>1</value>
          <label>Siento que estoy siendo castigado.</label>
        </box>
      </boxgroup>
      <boxgroup>
        <type>1</type>
        <width>1</width>
        <varname>BECK07p1</varname>
        <sortorder>26</sortorder>
        <label>7. : </label>
        <groupsection idref="1"/>
        <box>
          <tlx>1967</tlx>
          <tly>1375</tly>
          <brx>2026</brx>
          <bry>1434</bry>
          <value>1</value>
          <label>No estoy decepcionado de m&#xED; mismo.</label>
        </box>
      </boxgroup>
      <boxgroup>
        <type>1</type>
        <width>1</width>
        <varname>BECK07p2</varname>
        <sortorder>27</sortorder>
        <label>7. : </label>
        <groupsection idref="1"/>
        <box>
          <tlx>1967</tlx>
          <tly>1481</tly>
          <brx>2026</brx>
          <bry>1540</bry>
          <value>1</value>
          <label>Estoy decepcionado de m&#xED; mismo.</label>
        </box>
      </boxgroup>
      <boxgroup>
        <type>1</type>
        <width>1</width>
        <varname>BECK07p3</varname>
        <sortorder>28</sortorder>
        <label>7. : </label>
        <groupsection idref="1"/>
        <box>
          <tlx>1967</tlx>
          <tly>1587</tly>
          <brx>2026</brx>
          <bry>1646</bry>
          <value>1</value>
          <label>Me da verg&#xFC;enza de m&#xED; mismo.</label>
        </box>
      </boxgroup>
      <boxgroup>
        <type>1</type>
        <width>1</width>
        <varname>BECK07p4</varname>
        <sortorder>29</sortorder>
        <label>7. : </label>
        <groupsection idref="1"/>
        <box>
          <tlx>1967</tlx>
          <tly>1693</tly>
          <brx>2026</brx>
          <bry>1752</bry>
          <value>1</value>
          <label>Me detesto.</label>
        </box>
      </boxgroup>
      <boxgroup>
        <type>1</type>
        <width>1</width>
        <varname>BECK08p1</varname>
        <sortorder>30</sortorder>
        <label>8. : </label>
        <groupsection idref="1"/>
        <box>
          <tlx>1967</tlx>
          <tly>1874</tly>
          <brx>2026</brx>
          <bry>1933</bry>
          <value>1</value>
          <label>No me considero peor que cualquier otro.</label>
        </box>
      </boxgroup>
      <boxgroup>
        <type>1</type>
        <width>1</width>
        <varname>BECK08p2</varname>
        <sortorder>31</sortorder>
        <label>8. : </label>
        <groupsection idref="1"/>
        <box>
          <tlx>1967</tlx>
          <tly>1980</tly>
          <brx>2026</brx>
          <bry>2039</bry>
          <value>1</value>
          <label>Me autocritico por mis debilidades o por mis errores.</label>
        </box>
      </boxgroup>
      <boxgroup>
        <type>1</type>
        <width>1</width>
        <varname>BECK08p3</varname>
        <sortorder>32</sortorder>
        <label>8. : </label>
        <groupsection idref="1"/>
        <box>
          <tlx>1967</tlx>
          <tly>2087</tly>
          <brx>2026</brx>
          <bry>2146</bry>
          <value>1</value>
          <label>Continuamente me culpo por mis faltas.</label>
        </box>
      </boxgroup>
      <boxgroup>
        <type>1</type>
        <width>1</width>
        <varname>BECK08p4</varname>
        <sortorder>33</sortorder>
        <label>8. : </label>
        <groupsection idref="1"/>
        <box>
          <tlx>1967</tlx>
          <tly>2193</tly>
          <brx>2026</brx>
          <bry>2252</bry>
          <value>1</value>
          <label>Me culpo por todo lo malo que sucede.</label>
        </box>
      </boxgroup>
      <boxgroup>
        <type>1</type>
        <width>1</width>
        <varname>BECK09p1</varname>
        <sortorder>34</sortorder>
        <label>9. : </label>
        <groupsection idref="1"/>
        <box>
          <tlx>1967</tlx>
          <tly>2374</tly>
          <brx>2026</brx>
          <bry>2433</bry>
          <value>1</value>
          <label>No tengo ning&#xFA;n pensamiento de suicidio.</label>
        </box>
      </boxgroup>
      <boxgroup>
        <type>1</type>
        <width>1</width>
        <varname>BECK09p2</varname>
        <sortorder>35</sortorder>
        <label>9. : </label>
        <groupsection idref="1"/>
        <box>
          <tlx>1967</tlx>
          <tly>2480</tly>
          <brx>2026</brx>
          <bry>2539</bry>
          <value>1</value>
          <label>A veces pienso en suicidarme, pero no lo cometer&#xED;a.</label>
        </box>
      </boxgroup>
      <boxgroup>
        <type>1</type>
        <width>1</width>
        <varname>BECK09p3</varname>
        <sortorder>36</sortorder>
        <label>9. : </label>
        <groupsection idref="1"/>
        <box>
          <tlx>1967</tlx>
          <tly>2586</tly>
          <brx>2026</brx>
          <bry>2645</bry>
          <value>1</value>
          <label>Desear&#xED;a suicidarme.</label>
        </box>
      </boxgroup>
      <boxgroup>
        <type>1</type>
        <width>1</width>
        <varname>BECK09p4</varname>
        <sortorder>37</sortorder>
        <label>9. : </label>
        <groupsection idref="1"/>
        <box>
          <tlx>1967</tlx>
          <tly>2692</tly>
          <brx>2026</brx>
          <bry>2751</bry>
          <value>1</value>
          <label>Me suicidar&#xED;a si tuviese la oportunidad.</label>
        </box>
      </boxgroup>
      <boxgroup>
        <type>1</type>
        <width>1</width>
        <varname>BECK10p1</varname>
        <sortorder>38</sortorder>
        <label>10. : </label>
        <groupsection idref="1"/>
        <box>
          <tlx>1967</tlx>
          <tly>2873</tly>
          <brx>2026</brx>
          <bry>2932</bry>
          <value>1</value>
          <label>No lloro m&#xE1;s de lo que sol&#xED;a llorar.</label>
        </box>
      </boxgroup>
      <boxgroup>
        <type>1</type>
        <width>1</width>
        <varname>BECK10p2</varname>
        <sortorder>39</sortorder>
        <label>10. : </label>
        <groupsection idref="1"/>
        <box>
          <tlx>1967</tlx>
          <tly>2979</tly>
          <brx>2026</brx>
          <bry>3038</bry>
          <value>1</value>
          <label>Ahora lloro m&#xE1;s que antes.</label>
        </box>
      </boxgroup>
      <boxgroup>
        <type>1</type>
        <width>1</width>
        <varname>BECK10p3</varname>
        <sortorder>40</sortorder>
        <label>10. : </label>
        <groupsection idref="1"/>
        <box>
          <tlx>1967</tlx>
          <tly>3086</tly>
          <brx>2026</brx>
          <bry>3145</bry>
          <value>1</value>
          <label>Lloro continuamente.</label>
        </box>
      </boxgroup>
      <boxgroup>
        <type>1</type>
        <width>1</width>
        <varname>BECK10p4</varname>
        <sortorder>41</sortorder>
        <label>10. : </label>
        <groupsection idref="1"/>
        <box>
          <tlx>1967</tlx>
          <tly>3192</tly>
          <brx>2026</brx>
          <bry>3251</bry>
          <value>1</value>
          <label>Antes era capaz de llorar, pero ahora no puedo, incluso aunque 10) . quiera.</label>
        </box>
      </boxgroup>
    </page>
    <page>
      <id>91949203</id>
      <tlx>283</tlx>
      <tly>283</tly>
      <trx>2197</trx>
      <try>283</try>
      <brx>2197</brx>
      <bry>3224</bry>
      <blx>283</blx>
      <bly>3224</bly>
      <rotation>0</rotation>
      <boxgroup>
        <type>1</type>
        <width>1</width>
        <varname>BECK11p1</varname>
        <sortorder>42</sortorder>
        <label>11. : </label>
        <groupsection idref="1"/>
        <box>
          <tlx>1967</tlx>
          <tly>257</tly>
          <brx>2026</brx>
          <bry>316</bry>
          <value>1</value>
          <label>No estoy m&#xE1;s irritado de lo normal en m&#xED;.</label>
        </box>
      </boxgroup>
      <boxgroup>
        <type>1</type>
        <width>1</width>
        <varname>BECK11p2</varname>
        <sortorder>43</sortorder>
        <label>11. : </label>
        <groupsection idref="1"/>
        <box>
          <tlx>1967</tlx>
          <tly>364</tly>
          <brx>2026</brx>
          <bry>423</bry>
          <value>1</value>
          <label>Me molesto o irrito m&#xE1;s f&#xE1;cilmente que antes</label>
        </box>
      </boxgroup>
      <boxgroup>
        <type>1</type>
        <width>1</width>
        <varname>BECK11p3</varname>
        <sortorder>44</sortorder>
        <label>11. : </label>
        <groupsection idref="1"/>
        <box>
          <tlx>1967</tlx>
          <tly>470</tly>
          <brx>2026</brx>
          <bry>529</bry>
          <value>1</value>
          <label>Me siento irritado continuamente.</label>
        </box>
      </boxgroup>
      <boxgroup>
        <type>1</type>
        <width>1</width>
        <varname>BECK11p4</varname>
        <sortorder>45</sortorder>
        <label>11. : </label>
        <groupsection idref="1"/>
        <box>
          <tlx>1967</tlx>
          <tly>576</tly>
          <brx>2026</brx>
          <bry>635</bry>
          <value>1</value>
          <label>No me irrito absolutamente nada por las cosas que antes sol&#xED;an irritarme.</label>
        </box>
      </boxgroup>
      <boxgroup>
        <type>1</type>
        <width>1</width>
        <varname>BECK12p1</varname>
        <sortorder>46</sortorder>
        <label>12. : </label>
        <groupsection idref="1"/>
        <box>
          <tlx>1967</tlx>
          <tly>757</tly>
          <brx>2026</brx>
          <bry>816</bry>
          <value>1</value>
          <label>No he perdido el inter&#xE9;s por los dem&#xE1;s.</label>
        </box>
      </boxgroup>
      <boxgroup>
        <type>1</type>
        <width>1</width>
        <varname>BECK12p2</varname>
        <sortorder>47</sortorder>
        <label>12. : </label>
        <groupsection idref="1"/>
        <box>
          <tlx>1967</tlx>
          <tly>863</tly>
          <brx>2026</brx>
          <bry>922</bry>
          <value>1</value>
          <label>Estoy menos interesado en los dem&#xE1;s que antes.</label>
        </box>
      </boxgroup>
      <boxgroup>
        <type>1</type>
        <width>1</width>
        <varname>BECK12p3</varname>
        <sortorder>48</sortorder>
        <label>12. : </label>
        <groupsection idref="1"/>
        <box>
          <tlx>1967</tlx>
          <tly>969</tly>
          <brx>2026</brx>
          <bry>1029</bry>
          <value>1</value>
          <label>He perdido la mayor parte de mi inter&#xE9;s por los dem&#xE1;s.</label>
        </box>
      </boxgroup>
      <boxgroup>
        <type>1</type>
        <width>1</width>
        <varname>BECK12p4</varname>
        <sortorder>49</sortorder>
        <label>12. : </label>
        <groupsection idref="1"/>
        <box>
          <tlx>1967</tlx>
          <tly>1076</tly>
          <brx>2026</brx>
          <bry>1135</bry>
          <value>1</value>
          <label>He perdido todo el inter&#xE9;s por los dem&#xE1;s.</label>
        </box>
      </boxgroup>
      <boxgroup>
        <type>1</type>
        <width>1</width>
        <varname>BECK13p1</varname>
        <sortorder>50</sortorder>
        <label>13. : </label>
        <groupsection idref="1"/>
        <box>
          <tlx>1967</tlx>
          <tly>1256</tly>
          <brx>2026</brx>
          <bry>1315</bry>
          <value>1</value>
          <label>Tomo decisiones m&#xE1;s o menos como siempre he hecho.</label>
        </box>
      </boxgroup>
      <boxgroup>
        <type>1</type>
        <width>1</width>
        <varname>BECK13p2</varname>
        <sortorder>51</sortorder>
        <label>13. : </label>
        <groupsection idref="1"/>
        <box>
          <tlx>1967</tlx>
          <tly>1363</tly>
          <brx>2026</brx>
          <bry>1422</bry>
          <value>1</value>
          <label>Evito tomar decisiones m&#xE1;s que antes.</label>
        </box>
      </boxgroup>
      <boxgroup>
        <type>1</type>
        <width>1</width>
        <varname>BECK13p3</varname>
        <sortorder>52</sortorder>
        <label>13. : </label>
        <groupsection idref="1"/>
        <box>
          <tlx>1967</tlx>
          <tly>1469</tly>
          <brx>2026</brx>
          <bry>1528</bry>
          <value>1</value>
          <label>Tomar decisiones me resulta mucho m&#xE1;s dif&#xED;cil que antes.</label>
        </box>
      </boxgroup>
      <boxgroup>
        <type>1</type>
        <width>1</width>
        <varname>BECK13p4</varname>
        <sortorder>53</sortorder>
        <label>13. : </label>
        <groupsection idref="1"/>
        <box>
          <tlx>1967</tlx>
          <tly>1575</tly>
          <brx>2026</brx>
          <bry>1634</bry>
          <value>1</value>
          <label>Ya me es imposible tomar decisiones.</label>
        </box>
      </boxgroup>
      <boxgroup>
        <type>1</type>
        <width>1</width>
        <varname>BECK14p1</varname>
        <sortorder>54</sortorder>
        <label>14. : </label>
        <groupsection idref="1"/>
        <box>
          <tlx>1967</tlx>
          <tly>1756</tly>
          <brx>2026</brx>
          <bry>1815</bry>
          <value>1</value>
          <label>No creo tener peor aspecto que antes.</label>
        </box>
      </boxgroup>
      <boxgroup>
        <type>1</type>
        <width>1</width>
        <varname>BECK14p2</varname>
        <sortorder>55</sortorder>
        <label>14. : </label>
        <groupsection idref="1"/>
        <box>
          <tlx>1967</tlx>
          <tly>1862</tly>
          <brx>2026</brx>
          <bry>1921</bry>
          <value>1</value>
          <label>Me temo que ahora parezco m&#xE1;s viejo o poco atractivo.</label>
        </box>
      </boxgroup>
      <boxgroup>
        <type>1</type>
        <width>1</width>
        <varname>BECK14p3</varname>
        <sortorder>56</sortorder>
        <label>14. : </label>
        <groupsection idref="1"/>
        <box>
          <tlx>1967</tlx>
          <tly>1969</tly>
          <brx>2026</brx>
          <bry>2028</bry>
          <value>1</value>
          <label>Creo que se han producido cambios permanentes en mi aspecto que me hacen parecer poco atractivo.</label>
        </box>
      </boxgroup>
      <boxgroup>
        <type>1</type>
        <width>1</width>
        <varname>BECK14p4</varname>
        <sortorder>57</sortorder>
        <label>14. : </label>
        <groupsection idref="1"/>
        <box>
          <tlx>1967</tlx>
          <tly>2075</tly>
          <brx>2026</brx>
          <bry>2134</bry>
          <value>1</value>
          <label>Creo que tengo un aspecto horrible.</label>
        </box>
      </boxgroup>
      <boxgroup>
        <type>1</type>
        <width>1</width>
        <varname>BECK15p1</varname>
        <sortorder>58</sortorder>
        <label>15. : </label>
        <groupsection idref="1"/>
        <box>
          <tlx>1967</tlx>
          <tly>2255</tly>
          <brx>2026</brx>
          <bry>2314</bry>
          <value>1</value>
          <label>Trabajo igual que antes.</label>
        </box>
      </boxgroup>
      <boxgroup>
        <type>1</type>
        <width>1</width>
        <varname>BECK15p2</varname>
        <sortorder>59</sortorder>
        <label>15. : </label>
        <groupsection idref="1"/>
        <box>
          <tlx>1967</tlx>
          <tly>2362</tly>
          <brx>2026</brx>
          <bry>2421</bry>
          <value>1</value>
          <label>Me cuesta un esfuerzo extra comenzar a hacer algo.</label>
        </box>
      </boxgroup>
      <boxgroup>
        <type>1</type>
        <width>1</width>
        <varname>BECK15p3</varname>
        <sortorder>60</sortorder>
        <label>15. : </label>
        <groupsection idref="1"/>
        <box>
          <tlx>1967</tlx>
          <tly>2468</tly>
          <brx>2026</brx>
          <bry>2527</bry>
          <value>1</value>
          <label>Tengo que obligarme mucho para hacer algo.</label>
        </box>
      </boxgroup>
      <boxgroup>
        <type>1</type>
        <width>1</width>
        <varname>BECK15p4</varname>
        <sortorder>61</sortorder>
        <label>15. : </label>
        <groupsection idref="1"/>
        <box>
          <tlx>1967</tlx>
          <tly>2574</tly>
          <brx>2026</brx>
          <bry>2633</bry>
          <value>1</value>
          <label>No puedo hacer nada en absoluto.</label>
        </box>
      </boxgroup>
      <boxgroup>
        <type>1</type>
        <width>1</width>
        <varname>BECK16p1</varname>
        <sortorder>62</sortorder>
        <label>16. : </label>
        <groupsection idref="1"/>
        <box>
          <tlx>1967</tlx>
          <tly>2755</tly>
          <brx>2026</brx>
          <bry>2814</bry>
          <value>1</value>
          <label>Duermo tan bien como siempre.</label>
        </box>
      </boxgroup>
      <boxgroup>
        <type>1</type>
        <width>1</width>
        <varname>BECK16p2</varname>
        <sortorder>63</sortorder>
        <label>16. : </label>
        <groupsection idref="1"/>
        <box>
          <tlx>1967</tlx>
          <tly>2861</tly>
          <brx>2026</brx>
          <bry>2920</bry>
          <value>1</value>
          <label>No duermo tan bien como antes.</label>
        </box>
      </boxgroup>
      <boxgroup>
        <type>1</type>
        <width>1</width>
        <varname>BECK16p3</varname>
        <sortorder>64</sortorder>
        <label>16. : </label>
        <groupsection idref="1"/>
        <box>
          <tlx>1967</tlx>
          <tly>2968</tly>
          <brx>2026</brx>
          <bry>3027</bry>
          <value>1</value>
          <label>Me despierto una o dos horas antes de lo habitual y me resulta dif&#xED;cil volver a dormir.</label>
        </box>
      </boxgroup>
      <boxgroup>
        <type>1</type>
        <width>1</width>
        <varname>BECK16p4</varname>
        <sortorder>65</sortorder>
        <label>16. : </label>
        <groupsection idref="1"/>
        <box>
          <tlx>1967</tlx>
          <tly>3074</tly>
          <brx>2026</brx>
          <bry>3133</bry>
          <value>1</value>
          <label>Me despierto varias horas antes de lo habitual y no puedo volverme a dormir.</label>
        </box>
      </boxgroup>
    </page>
    <page>
      <id>91949204</id>
      <tlx>283</tlx>
      <tly>283</tly>
      <trx>2197</trx>
      <try>283</try>
      <brx>2197</brx>
      <bry>3224</bry>
      <blx>283</blx>
      <bly>3224</bly>
      <rotation>0</rotation>
      <boxgroup>
        <type>1</type>
        <width>1</width>
        <varname>BECK17p1</varname>
        <sortorder>66</sortorder>
        <label>17. : </label>
        <groupsection idref="1"/>
        <box>
          <tlx>1967</tlx>
          <tly>257</tly>
          <brx>2026</brx>
          <bry>316</bry>
          <value>1</value>
          <label>No me siento m&#xE1;s cansado de lo normal.</label>
        </box>
      </boxgroup>
      <boxgroup>
        <type>1</type>
        <width>1</width>
        <varname>BECK17p2</varname>
        <sortorder>67</sortorder>
        <label>17. : </label>
        <groupsection idref="1"/>
        <box>
          <tlx>1967</tlx>
          <tly>364</tly>
          <brx>2026</brx>
          <bry>423</bry>
          <value>1</value>
          <label>Me canso m&#xE1;s f&#xE1;cilmente que antes.</label>
        </box>
      </boxgroup>
      <boxgroup>
        <type>1</type>
        <width>1</width>
        <varname>BECK17p3</varname>
        <sortorder>68</sortorder>
        <label>17. : </label>
        <groupsection idref="1"/>
        <box>
          <tlx>1967</tlx>
          <tly>470</tly>
          <brx>2026</brx>
          <bry>529</bry>
          <value>1</value>
          <label>Me canso en cuanto hago cualquier cosa.</label>
        </box>
      </boxgroup>
      <boxgroup>
        <type>1</type>
        <width>1</width>
        <varname>BECK17p4</varname>
        <sortorder>69</sortorder>
        <label>17. : </label>
        <groupsection idref="1"/>
        <box>
          <tlx>1967</tlx>
          <tly>576</tly>
          <brx>2026</brx>
          <bry>635</bry>
          <value>1</value>
          <label>Estoy demasiado cansado para hacer nada.</label>
        </box>
      </boxgroup>
      <boxgroup>
        <type>1</type>
        <width>1</width>
        <varname>BECK18p1</varname>
        <sortorder>70</sortorder>
        <label>18. : </label>
        <groupsection idref="1"/>
        <box>
          <tlx>1967</tlx>
          <tly>757</tly>
          <brx>2026</brx>
          <bry>816</bry>
          <value>1</value>
          <label>Mi apetito no ha disminuido.</label>
        </box>
      </boxgroup>
      <boxgroup>
        <type>1</type>
        <width>1</width>
        <varname>BECK18p2</varname>
        <sortorder>71</sortorder>
        <label>18. : </label>
        <groupsection idref="1"/>
        <box>
          <tlx>1967</tlx>
          <tly>863</tly>
          <brx>2026</brx>
          <bry>922</bry>
          <value>1</value>
          <label>No tengo tan buen apetito como antes.</label>
        </box>
      </boxgroup>
      <boxgroup>
        <type>1</type>
        <width>1</width>
        <varname>BECK18p3</varname>
        <sortorder>72</sortorder>
        <label>18. : </label>
        <groupsection idref="1"/>
        <box>
          <tlx>1967</tlx>
          <tly>969</tly>
          <brx>2026</brx>
          <bry>1029</bry>
          <value>1</value>
          <label>Ahora tengo mucho menos apetito.</label>
        </box>
      </boxgroup>
      <boxgroup>
        <type>1</type>
        <width>1</width>
        <varname>BECK18p4</varname>
        <sortorder>73</sortorder>
        <label>18. : </label>
        <groupsection idref="1"/>
        <box>
          <tlx>1967</tlx>
          <tly>1076</tly>
          <brx>2026</brx>
          <bry>1135</bry>
          <value>1</value>
          <label>He perdido completamente el apetito.</label>
        </box>
      </boxgroup>
    </page>
  </questionnaire>
</queXF>
