<?xml version="1.0" encoding="UTF-8"?>
<questionnaire id="919492">
  <title>Beck</title>
  <investigator/>
  <dataCollector/>
  <section id="278">
    <sectionInfo>
      <position>title</position>
      <text>Preguntas</text>
      <administration>self</administration>
    </sectionInfo>
    <question>
      <text>RUT (sin puntos, guión ni dígito verificador. Ejemplo si el rut es 17.736.727-1 escribir 17736727):</text>
      <response varName="RUT">
        <free>
          <format>integer</format>
          <length>8</length>
          <label/>
        </free>
      </response>
    </question>
    <question>
      <text>&lt;p style="text-align: justify;"&gt;En este cuestionario aparecen varios grupos de afirmaciones. Por favor, lea con atención cada una. A continuación, señale cuál de las afirmaciones de cada grupo describe mejor cómo se ha sentido durante esta última semana, incluido en el día de hoy. Si dentro de un mismo grupo, hay más de una afirmación que considere aplicable a su caso, márquela también.&lt;/p&gt;&#13;
&#13;
&lt;p style="text-align: justify;"&gt; &lt;/p&gt;&#13;
&#13;
&lt;p style="text-align: justify;"&gt; &lt;/p&gt;&#13;
&#13;
&lt;p style="text-align: justify;"&gt; &lt;/p&gt;&#13;
&#13;
&lt;p style="text-align: justify;"&gt;1.&lt;/p&gt;</text>
      <response varName="BECK01p1">
        <fixed>
          <category>
            <label>No me siento triste</label>
            <value>1</value>
          </category>
        </fixed>
      </response>
      <response varName="BECK01p2">
        <fixed>
          <category>
            <label>Me siento triste</label>
            <value>1</value>
          </category>
        </fixed>
      </response>
      <response varName="BECK01p3">
        <fixed>
          <category>
            <label>Me siento triste continuamente y no puedo dejar de estarlo.</label>
            <value>1</value>
          </category>
        </fixed>
      </response>
      <response varName="BECK01p4">
        <fixed>
          <category>
            <label>Me siento tan triste o tan desgraciado que no puedo soportarlo.</label>
            <value>1</value>
          </category>
        </fixed>
      </response>
    </question>
    <question>
      <text>2.</text>
      <response varName="BECK02p1">
        <fixed>
          <category>
            <label>No me siento especialmente desanimado respecto al futuro.</label>
            <value>1</value>
          </category>
        </fixed>
      </response>
      <response varName="BECK02p2">
        <fixed>
          <category>
            <label>Me siento desanimado respecto al futuro.</label>
            <value>1</value>
          </category>
        </fixed>
      </response>
      <response varName="BECK02p3">
        <fixed>
          <category>
            <label>Siento que no tengo que esperar nada.</label>
            <value>1</value>
          </category>
        </fixed>
      </response>
      <response varName="BECK02p4">
        <fixed>
          <category>
            <label>Siento que el futuro es desesperanzador y las cosas no 2) . mejorarán.</label>
            <value>1</value>
          </category>
        </fixed>
      </response>
    </question>
    <question>
      <text>3.</text>
      <response varName="BECK03p1">
        <fixed>
          <category>
            <label>No me siento fracasado.</label>
            <value>1</value>
          </category>
        </fixed>
      </response>
      <response varName="BECK03p2">
        <fixed>
          <category>
            <label>Creo que he fracasado más que la mayoría de las personas.</label>
            <value>1</value>
          </category>
        </fixed>
      </response>
      <response varName="BECK03p3">
        <fixed>
          <category>
            <label>Cuando miro hacia atrás, sólo veo fracaso tras fracaso.</label>
            <value>1</value>
          </category>
        </fixed>
      </response>
      <response varName="BECK03p4">
        <fixed>
          <category>
            <label>Me siento una persona totalmente fracasada.</label>
            <value>1</value>
          </category>
        </fixed>
      </response>
    </question>
    <question>
      <text>4.</text>
      <response varName="BECK04p1">
        <fixed>
          <category>
            <label>Las cosas me satisfacen tanto como antes.</label>
            <value>1</value>
          </category>
        </fixed>
      </response>
      <response varName="BECK04p2">
        <fixed>
          <category>
            <label>No disfruto de las cosas tanto como antes.</label>
            <value>1</value>
          </category>
        </fixed>
      </response>
      <response varName="BECK04p3">
        <fixed>
          <category>
            <label>Ya no obtengo una satisfacción auténtica de las cosas.</label>
            <value>1</value>
          </category>
        </fixed>
      </response>
      <response varName="BECK04p4">
        <fixed>
          <category>
            <label>Estoy insatisfecho o aburrido de todo.</label>
            <value>1</value>
          </category>
        </fixed>
      </response>
    </question>
    <question>
      <text>5.</text>
      <response varName="BECK05p1">
        <fixed>
          <category>
            <label>No me siento especialmente culpable.</label>
            <value>1</value>
          </category>
        </fixed>
      </response>
      <response varName="BECK05p2">
        <fixed>
          <category>
            <label>Me siento culpable en bastantes ocasiones.</label>
            <value>1</value>
          </category>
        </fixed>
      </response>
      <response varName="BECK05p3">
        <fixed>
          <category>
            <label>Me siento culpable en la mayoría de las ocasiones.</label>
            <value>1</value>
          </category>
        </fixed>
      </response>
      <response varName="BECK05p4">
        <fixed>
          <category>
            <label>Me siento culpable constantemente.</label>
            <value>1</value>
          </category>
        </fixed>
      </response>
    </question>
    <question>
      <text>6.</text>
      <response varName="BECK06p1">
        <fixed>
          <category>
            <label>No creo que esté siendo castigado.</label>
            <value>1</value>
          </category>
        </fixed>
      </response>
      <response varName="BECK06p2">
        <fixed>
          <category>
            <label>Me siento como si fuese a ser castigado.</label>
            <value>1</value>
          </category>
        </fixed>
      </response>
      <response varName="BECK06p3">
        <fixed>
          <category>
            <label>Espero ser castigado.</label>
            <value>1</value>
          </category>
        </fixed>
      </response>
      <response varName="BECK06p4">
        <fixed>
          <category>
            <label>Siento que estoy siendo castigado.</label>
            <value>1</value>
          </category>
        </fixed>
      </response>
    </question>
    <question>
      <text>7.</text>
      <response varName="BECK07p1">
        <fixed>
          <category>
            <label>No estoy decepcionado de mí mismo.</label>
            <value>1</value>
          </category>
        </fixed>
      </response>
      <response varName="BECK07p2">
        <fixed>
          <category>
            <label>Estoy decepcionado de mí mismo.</label>
            <value>1</value>
          </category>
        </fixed>
      </response>
      <response varName="BECK07p3">
        <fixed>
          <category>
            <label>Me da vergüenza de mí mismo.</label>
            <value>1</value>
          </category>
        </fixed>
      </response>
      <response varName="BECK07p4">
        <fixed>
          <category>
            <label>Me detesto.</label>
            <value>1</value>
          </category>
        </fixed>
      </response>
    </question>
    <question>
      <text>8.</text>
      <response varName="BECK08p1">
        <fixed>
          <category>
            <label>No me considero peor que cualquier otro.</label>
            <value>1</value>
          </category>
        </fixed>
      </response>
      <response varName="BECK08p2">
        <fixed>
          <category>
            <label>Me autocritico por mis debilidades o por mis errores.</label>
            <value>1</value>
          </category>
        </fixed>
      </response>
      <response varName="BECK08p3">
        <fixed>
          <category>
            <label>Continuamente me culpo por mis faltas.</label>
            <value>1</value>
          </category>
        </fixed>
      </response>
      <response varName="BECK08p4">
        <fixed>
          <category>
            <label>Me culpo por todo lo malo que sucede.</label>
            <value>1</value>
          </category>
        </fixed>
      </response>
    </question>
    <question>
      <text>9.</text>
      <response varName="BECK09p1">
        <fixed>
          <category>
            <label>No tengo ningún pensamiento de suicidio.</label>
            <value>1</value>
          </category>
        </fixed>
      </response>
      <response varName="BECK09p2">
        <fixed>
          <category>
            <label>A veces pienso en suicidarme, pero no lo cometería.</label>
            <value>1</value>
          </category>
        </fixed>
      </response>
      <response varName="BECK09p3">
        <fixed>
          <category>
            <label>Desearía suicidarme.</label>
            <value>1</value>
          </category>
        </fixed>
      </response>
      <response varName="BECK09p4">
        <fixed>
          <category>
            <label>Me suicidaría si tuviese la oportunidad.</label>
            <value>1</value>
          </category>
        </fixed>
      </response>
    </question>
    <question>
      <text>10.</text>
      <response varName="BECK10p1">
        <fixed>
          <category>
            <label>No lloro más de lo que solía llorar.</label>
            <value>1</value>
          </category>
        </fixed>
      </response>
      <response varName="BECK10p2">
        <fixed>
          <category>
            <label>Ahora lloro más que antes.</label>
            <value>1</value>
          </category>
        </fixed>
      </response>
      <response varName="BECK10p3">
        <fixed>
          <category>
            <label>Lloro continuamente.</label>
            <value>1</value>
          </category>
        </fixed>
      </response>
      <response varName="BECK10p4">
        <fixed>
          <category>
            <label>Antes era capaz de llorar, pero ahora no puedo, incluso aunque 10) . quiera.</label>
            <value>1</value>
          </category>
        </fixed>
      </response>
    </question>
    <question>
      <text>11.</text>
      <response varName="BECK11p1">
        <fixed>
          <category>
            <label>No estoy más irritado de lo normal en mí.</label>
            <value>1</value>
          </category>
        </fixed>
      </response>
      <response varName="BECK11p2">
        <fixed>
          <category>
            <label>Me molesto o irrito más fácilmente que antes</label>
            <value>1</value>
          </category>
        </fixed>
      </response>
      <response varName="BECK11p3">
        <fixed>
          <category>
            <label>Me siento irritado continuamente.</label>
            <value>1</value>
          </category>
        </fixed>
      </response>
      <response varName="BECK11p4">
        <fixed>
          <category>
            <label>No me irrito absolutamente nada por las cosas que antes solían irritarme.</label>
            <value>1</value>
          </category>
        </fixed>
      </response>
    </question>
    <question>
      <text>12.</text>
      <response varName="BECK12p1">
        <fixed>
          <category>
            <label>No he perdido el interés por los demás.</label>
            <value>1</value>
          </category>
        </fixed>
      </response>
      <response varName="BECK12p2">
        <fixed>
          <category>
            <label>Estoy menos interesado en los demás que antes.</label>
            <value>1</value>
          </category>
        </fixed>
      </response>
      <response varName="BECK12p3">
        <fixed>
          <category>
            <label>He perdido la mayor parte de mi interés por los demás.</label>
            <value>1</value>
          </category>
        </fixed>
      </response>
      <response varName="BECK12p4">
        <fixed>
          <category>
            <label>He perdido todo el interés por los demás.</label>
            <value>1</value>
          </category>
        </fixed>
      </response>
    </question>
    <question>
      <text>13.</text>
      <response varName="BECK13p1">
        <fixed>
          <category>
            <label>Tomo decisiones más o menos como siempre he hecho.</label>
            <value>1</value>
          </category>
        </fixed>
      </response>
      <response varName="BECK13p2">
        <fixed>
          <category>
            <label>Evito tomar decisiones más que antes.</label>
            <value>1</value>
          </category>
        </fixed>
      </response>
      <response varName="BECK13p3">
        <fixed>
          <category>
            <label>Tomar decisiones me resulta mucho más difícil que antes.</label>
            <value>1</value>
          </category>
        </fixed>
      </response>
      <response varName="BECK13p4">
        <fixed>
          <category>
            <label>Ya me es imposible tomar decisiones.</label>
            <value>1</value>
          </category>
        </fixed>
      </response>
    </question>
    <question>
      <text>14.</text>
      <response varName="BECK14p1">
        <fixed>
          <category>
            <label>No creo tener peor aspecto que antes.</label>
            <value>1</value>
          </category>
        </fixed>
      </response>
      <response varName="BECK14p2">
        <fixed>
          <category>
            <label>Me temo que ahora parezco más viejo o poco atractivo.</label>
            <value>1</value>
          </category>
        </fixed>
      </response>
      <response varName="BECK14p3">
        <fixed>
          <category>
            <label>Creo que se han producido cambios permanentes en mi aspecto que me hacen parecer poco atractivo.</label>
            <value>1</value>
          </category>
        </fixed>
      </response>
      <response varName="BECK14p4">
        <fixed>
          <category>
            <label>Creo que tengo un aspecto horrible.</label>
            <value>1</value>
          </category>
        </fixed>
      </response>
    </question>
    <question>
      <text>15.</text>
      <response varName="BECK15p1">
        <fixed>
          <category>
            <label>Trabajo igual que antes.</label>
            <value>1</value>
          </category>
        </fixed>
      </response>
      <response varName="BECK15p2">
        <fixed>
          <category>
            <label>Me cuesta un esfuerzo extra comenzar a hacer algo.</label>
            <value>1</value>
          </category>
        </fixed>
      </response>
      <response varName="BECK15p3">
        <fixed>
          <category>
            <label>Tengo que obligarme mucho para hacer algo.</label>
            <value>1</value>
          </category>
        </fixed>
      </response>
      <response varName="BECK15p4">
        <fixed>
          <category>
            <label>No puedo hacer nada en absoluto.</label>
            <value>1</value>
          </category>
        </fixed>
      </response>
    </question>
    <question>
      <text>16.</text>
      <response varName="BECK16p1">
        <fixed>
          <category>
            <label>Duermo tan bien como siempre.</label>
            <value>1</value>
          </category>
        </fixed>
      </response>
      <response varName="BECK16p2">
        <fixed>
          <category>
            <label>No duermo tan bien como antes.</label>
            <value>1</value>
          </category>
        </fixed>
      </response>
      <response varName="BECK16p3">
        <fixed>
          <category>
            <label>Me despierto una o dos horas antes de lo habitual y me resulta difícil volver a dormir.</label>
            <value>1</value>
          </category>
        </fixed>
      </response>
      <response varName="BECK16p4">
        <fixed>
          <category>
            <label>Me despierto varias horas antes de lo habitual y no puedo volverme a dormir.</label>
            <value>1</value>
          </category>
        </fixed>
      </response>
    </question>
    <question>
      <text>17.</text>
      <response varName="BECK17p1">
        <fixed>
          <category>
            <label>No me siento más cansado de lo normal.</label>
            <value>1</value>
          </category>
        </fixed>
      </response>
      <response varName="BECK17p2">
        <fixed>
          <category>
            <label>Me canso más fácilmente que antes.</label>
            <value>1</value>
          </category>
        </fixed>
      </response>
      <response varName="BECK17p3">
        <fixed>
          <category>
            <label>Me canso en cuanto hago cualquier cosa.</label>
            <value>1</value>
          </category>
        </fixed>
      </response>
      <response varName="BECK17p4">
        <fixed>
          <category>
            <label>Estoy demasiado cansado para hacer nada.</label>
            <value>1</value>
          </category>
        </fixed>
      </response>
    </question>
    <question>
      <text>18.</text>
      <response varName="BECK18p1">
        <fixed>
          <category>
            <label>Mi apetito no ha disminuido.</label>
            <value>1</value>
          </category>
        </fixed>
      </response>
      <response varName="BECK18p2">
        <fixed>
          <category>
            <label>No tengo tan buen apetito como antes.</label>
            <value>1</value>
          </category>
        </fixed>
      </response>
      <response varName="BECK18p3">
        <fixed>
          <category>
            <label>Ahora tengo mucho menos apetito.</label>
            <value>1</value>
          </category>
        </fixed>
      </response>
      <response varName="BECK18p4">
        <fixed>
          <category>
            <label>He perdido completamente el apetito.</label>
            <value>1</value>
          </category>
        </fixed>
      </response>
    </question>
  </section>
</questionnaire>
