<?xml version="1.0"?>
<queXF>
  <questionnaire>
    <id>482882</id>
    <section id="1">
      <label>Preguntas</label>
      <title>Section A</title>
    </section>
    <page>
      <id>48288201</id>
      <tlx>283</tlx>
      <tly>283</tly>
      <trx>2197</trx>
      <try>283</try>
      <brx>2197</brx>
      <bry>3224</bry>
      <blx>283</blx>
      <bly>3224</bly>
      <rotation>0</rotation>
      <boxgroup>
        <type>4</type>
        <width>8</width>
        <varname>RUT</varname>
        <sortorder>1</sortorder>
        <label>RUT (sin puntos, gui&#xF3;n ni d&#xED;gito verificador. Ejemplo si el rut es 17.736.727-1 escribir 17736727):</label>
        <groupsection idref="1"/>
        <box>
          <tlx>1515</tlx>
          <tly>509</tly>
          <brx>1586</brx>
          <bry>603</bry>
          <value></value>
          <label></label>
        </box>
        <box>
          <tlx>1588</tlx>
          <tly>509</tly>
          <brx>1659</brx>
          <bry>603</bry>
          <value></value>
          <label></label>
        </box>
        <box>
          <tlx>1661</tlx>
          <tly>509</tly>
          <brx>1731</brx>
          <bry>603</bry>
          <value></value>
          <label></label>
        </box>
        <box>
          <tlx>1733</tlx>
          <tly>509</tly>
          <brx>1804</brx>
          <bry>603</bry>
          <value></value>
          <label></label>
        </box>
        <box>
          <tlx>1806</tlx>
          <tly>509</tly>
          <brx>1877</brx>
          <bry>603</bry>
          <value></value>
          <label></label>
        </box>
        <box>
          <tlx>1879</tlx>
          <tly>509</tly>
          <brx>1949</brx>
          <bry>603</bry>
          <value></value>
          <label></label>
        </box>
        <box>
          <tlx>1951</tlx>
          <tly>509</tly>
          <brx>2022</brx>
          <bry>603</bry>
          <value></value>
          <label></label>
        </box>
        <box>
          <tlx>2024</tlx>
          <tly>509</tly>
          <brx>2095</brx>
          <bry>603</bry>
          <value></value>
          <label></label>
        </box>
      </boxgroup>
      <boxgroup>
        <type>1</type>
        <width>3</width>
        <varname>BPs1_BP01</varname>
        <sortorder>2</sortorder>
        <label>A continuaci&#xF3;n, usted encontrar&#xE1; una serie de preguntas relacionadas con distintas experiencias de su vida personal, por favor seleccione la alternativa que m&#xE1;s lo represente.&#xD;
&#xD;
&lt;p&gt;&#xA0;&lt;/p&gt; : Cuando repaso la historia de mi vida estoy contento/a con c&#xF3;mo han resultado las cosas.</label>
        <groupsection idref="1"/>
        <box>
          <tlx>1199</tlx>
          <tly>1102</tly>
          <brx>1258</brx>
          <bry>1161</bry>
          <value>BP1</value>
          <label>1. Completamente en desacuerdo</label>
        </box>
        <box>
          <tlx>1352</tlx>
          <tly>1102</tly>
          <brx>1411</brx>
          <bry>1161</bry>
          <value>BP2</value>
          <label>2. Moderadamente en desacuerdo</label>
        </box>
        <box>
          <tlx>1506</tlx>
          <tly>1102</tly>
          <brx>1565</brx>
          <bry>1161</bry>
          <value>BP3</value>
          <label>3. Ligeramente en desacuerdo</label>
        </box>
        <box>
          <tlx>1659</tlx>
          <tly>1102</tly>
          <brx>1719</brx>
          <bry>1161</bry>
          <value>BP4</value>
          <label>4. Ligeramente de acuerdo</label>
        </box>
        <box>
          <tlx>1813</tlx>
          <tly>1102</tly>
          <brx>1872</brx>
          <bry>1161</bry>
          <value>BP5</value>
          <label>5. Moderadamente de acuerdo</label>
        </box>
        <box>
          <tlx>1967</tlx>
          <tly>1102</tly>
          <brx>2026</brx>
          <bry>1161</bry>
          <value>BP6</value>
          <label>6. Completamente de acuerdo</label>
        </box>
      </boxgroup>
      <boxgroup>
        <type>1</type>
        <width>3</width>
        <varname>BPs1_BP02</varname>
        <sortorder>3</sortorder>
        <label>A continuaci&#xF3;n, usted encontrar&#xE1; una serie de preguntas relacionadas con distintas experiencias de su vida personal, por favor seleccione la alternativa que m&#xE1;s lo represente.&#xD;
&#xD;
&lt;p&gt;&#xA0;&lt;/p&gt; : A menudo me siento solo porque tengo pocos amigos &#xED;ntimos con quienes compartir mis preocupaciones.</label>
        <groupsection idref="1"/>
        <box>
          <tlx>1199</tlx>
          <tly>1226</tly>
          <brx>1258</brx>
          <bry>1285</bry>
          <value>BP1</value>
          <label>1. Completamente en desacuerdo</label>
        </box>
        <box>
          <tlx>1352</tlx>
          <tly>1226</tly>
          <brx>1411</brx>
          <bry>1285</bry>
          <value>BP2</value>
          <label>2. Moderadamente en desacuerdo</label>
        </box>
        <box>
          <tlx>1506</tlx>
          <tly>1226</tly>
          <brx>1565</brx>
          <bry>1285</bry>
          <value>BP3</value>
          <label>3. Ligeramente en desacuerdo</label>
        </box>
        <box>
          <tlx>1659</tlx>
          <tly>1226</tly>
          <brx>1719</brx>
          <bry>1285</bry>
          <value>BP4</value>
          <label>4. Ligeramente de acuerdo</label>
        </box>
        <box>
          <tlx>1813</tlx>
          <tly>1226</tly>
          <brx>1872</brx>
          <bry>1285</bry>
          <value>BP5</value>
          <label>5. Moderadamente de acuerdo</label>
        </box>
        <box>
          <tlx>1967</tlx>
          <tly>1226</tly>
          <brx>2026</brx>
          <bry>1285</bry>
          <value>BP6</value>
          <label>6. Completamente de acuerdo</label>
        </box>
      </boxgroup>
      <boxgroup>
        <type>1</type>
        <width>3</width>
        <varname>BPs1_BP03</varname>
        <sortorder>4</sortorder>
        <label>A continuaci&#xF3;n, usted encontrar&#xE1; una serie de preguntas relacionadas con distintas experiencias de su vida personal, por favor seleccione la alternativa que m&#xE1;s lo represente.&#xD;
&#xD;
&lt;p&gt;&#xA0;&lt;/p&gt; : No tengo miedo de expresar mis opiniones, incluso cuando son opuestas a la mayor&#xED;a de la gente.</label>
        <groupsection idref="1"/>
        <box>
          <tlx>1199</tlx>
          <tly>1350</tly>
          <brx>1258</brx>
          <bry>1409</bry>
          <value>BP1</value>
          <label>1. Completamente en desacuerdo</label>
        </box>
        <box>
          <tlx>1352</tlx>
          <tly>1350</tly>
          <brx>1411</brx>
          <bry>1409</bry>
          <value>BP2</value>
          <label>2. Moderadamente en desacuerdo</label>
        </box>
        <box>
          <tlx>1506</tlx>
          <tly>1350</tly>
          <brx>1565</brx>
          <bry>1409</bry>
          <value>BP3</value>
          <label>3. Ligeramente en desacuerdo</label>
        </box>
        <box>
          <tlx>1659</tlx>
          <tly>1350</tly>
          <brx>1719</brx>
          <bry>1409</bry>
          <value>BP4</value>
          <label>4. Ligeramente de acuerdo</label>
        </box>
        <box>
          <tlx>1813</tlx>
          <tly>1350</tly>
          <brx>1872</brx>
          <bry>1409</bry>
          <value>BP5</value>
          <label>5. Moderadamente de acuerdo</label>
        </box>
        <box>
          <tlx>1967</tlx>
          <tly>1350</tly>
          <brx>2026</brx>
          <bry>1409</bry>
          <value>BP6</value>
          <label>6. Completamente de acuerdo</label>
        </box>
      </boxgroup>
      <boxgroup>
        <type>1</type>
        <width>3</width>
        <varname>BPs1_BP04</varname>
        <sortorder>5</sortorder>
        <label>A continuaci&#xF3;n, usted encontrar&#xE1; una serie de preguntas relacionadas con distintas experiencias de su vida personal, por favor seleccione la alternativa que m&#xE1;s lo represente.&#xD;
&#xD;
&lt;p&gt;&#xA0;&lt;/p&gt; : Me preocupa c&#xF3;mo otra gente eval&#xFA;a las elecciones que he hecho en mi vida.</label>
        <groupsection idref="1"/>
        <box>
          <tlx>1199</tlx>
          <tly>1474</tly>
          <brx>1258</brx>
          <bry>1533</bry>
          <value>BP1</value>
          <label>1. Completamente en desacuerdo</label>
        </box>
        <box>
          <tlx>1352</tlx>
          <tly>1474</tly>
          <brx>1411</brx>
          <bry>1533</bry>
          <value>BP2</value>
          <label>2. Moderadamente en desacuerdo</label>
        </box>
        <box>
          <tlx>1506</tlx>
          <tly>1474</tly>
          <brx>1565</brx>
          <bry>1533</bry>
          <value>BP3</value>
          <label>3. Ligeramente en desacuerdo</label>
        </box>
        <box>
          <tlx>1659</tlx>
          <tly>1474</tly>
          <brx>1719</brx>
          <bry>1533</bry>
          <value>BP4</value>
          <label>4. Ligeramente de acuerdo</label>
        </box>
        <box>
          <tlx>1813</tlx>
          <tly>1474</tly>
          <brx>1872</brx>
          <bry>1533</bry>
          <value>BP5</value>
          <label>5. Moderadamente de acuerdo</label>
        </box>
        <box>
          <tlx>1967</tlx>
          <tly>1474</tly>
          <brx>2026</brx>
          <bry>1533</bry>
          <value>BP6</value>
          <label>6. Completamente de acuerdo</label>
        </box>
      </boxgroup>
      <boxgroup>
        <type>1</type>
        <width>3</width>
        <varname>BPs1_BP05</varname>
        <sortorder>6</sortorder>
        <label>A continuaci&#xF3;n, usted encontrar&#xE1; una serie de preguntas relacionadas con distintas experiencias de su vida personal, por favor seleccione la alternativa que m&#xE1;s lo represente.&#xD;
&#xD;
&lt;p&gt;&#xA0;&lt;/p&gt; : Me resulta dif&#xED;cil dirigir mi vida hacia un camino que me satisfaga.</label>
        <groupsection idref="1"/>
        <box>
          <tlx>1199</tlx>
          <tly>1598</tly>
          <brx>1258</brx>
          <bry>1657</bry>
          <value>BP1</value>
          <label>1. Completamente en desacuerdo</label>
        </box>
        <box>
          <tlx>1352</tlx>
          <tly>1598</tly>
          <brx>1411</brx>
          <bry>1657</bry>
          <value>BP2</value>
          <label>2. Moderadamente en desacuerdo</label>
        </box>
        <box>
          <tlx>1506</tlx>
          <tly>1598</tly>
          <brx>1565</brx>
          <bry>1657</bry>
          <value>BP3</value>
          <label>3. Ligeramente en desacuerdo</label>
        </box>
        <box>
          <tlx>1659</tlx>
          <tly>1598</tly>
          <brx>1719</brx>
          <bry>1657</bry>
          <value>BP4</value>
          <label>4. Ligeramente de acuerdo</label>
        </box>
        <box>
          <tlx>1813</tlx>
          <tly>1598</tly>
          <brx>1872</brx>
          <bry>1657</bry>
          <value>BP5</value>
          <label>5. Moderadamente de acuerdo</label>
        </box>
        <box>
          <tlx>1967</tlx>
          <tly>1598</tly>
          <brx>2026</brx>
          <bry>1657</bry>
          <value>BP6</value>
          <label>6. Completamente de acuerdo</label>
        </box>
      </boxgroup>
      <boxgroup>
        <type>1</type>
        <width>3</width>
        <varname>BPs1_BP06</varname>
        <sortorder>7</sortorder>
        <label>A continuaci&#xF3;n, usted encontrar&#xE1; una serie de preguntas relacionadas con distintas experiencias de su vida personal, por favor seleccione la alternativa que m&#xE1;s lo represente.&#xD;
&#xD;
&lt;p&gt;&#xA0;&lt;/p&gt; : Disfruto haciendo planes para el futuro y trabajar para hacerlos realidad.</label>
        <groupsection idref="1"/>
        <box>
          <tlx>1199</tlx>
          <tly>1722</tly>
          <brx>1258</brx>
          <bry>1781</bry>
          <value>BP1</value>
          <label>1. Completamente en desacuerdo</label>
        </box>
        <box>
          <tlx>1352</tlx>
          <tly>1722</tly>
          <brx>1411</brx>
          <bry>1781</bry>
          <value>BP2</value>
          <label>2. Moderadamente en desacuerdo</label>
        </box>
        <box>
          <tlx>1506</tlx>
          <tly>1722</tly>
          <brx>1565</brx>
          <bry>1781</bry>
          <value>BP3</value>
          <label>3. Ligeramente en desacuerdo</label>
        </box>
        <box>
          <tlx>1659</tlx>
          <tly>1722</tly>
          <brx>1719</brx>
          <bry>1781</bry>
          <value>BP4</value>
          <label>4. Ligeramente de acuerdo</label>
        </box>
        <box>
          <tlx>1813</tlx>
          <tly>1722</tly>
          <brx>1872</brx>
          <bry>1781</bry>
          <value>BP5</value>
          <label>5. Moderadamente de acuerdo</label>
        </box>
        <box>
          <tlx>1967</tlx>
          <tly>1722</tly>
          <brx>2026</brx>
          <bry>1781</bry>
          <value>BP6</value>
          <label>6. Completamente de acuerdo</label>
        </box>
      </boxgroup>
      <boxgroup>
        <type>1</type>
        <width>3</width>
        <varname>BPs1_BP07</varname>
        <sortorder>8</sortorder>
        <label>A continuaci&#xF3;n, usted encontrar&#xE1; una serie de preguntas relacionadas con distintas experiencias de su vida personal, por favor seleccione la alternativa que m&#xE1;s lo represente.&#xD;
&#xD;
&lt;p&gt;&#xA0;&lt;/p&gt; : En general, me siento seguro y positivo conmigo mismo.</label>
        <groupsection idref="1"/>
        <box>
          <tlx>1199</tlx>
          <tly>1846</tly>
          <brx>1258</brx>
          <bry>1905</bry>
          <value>BP1</value>
          <label>1. Completamente en desacuerdo</label>
        </box>
        <box>
          <tlx>1352</tlx>
          <tly>1846</tly>
          <brx>1411</brx>
          <bry>1905</bry>
          <value>BP2</value>
          <label>2. Moderadamente en desacuerdo</label>
        </box>
        <box>
          <tlx>1506</tlx>
          <tly>1846</tly>
          <brx>1565</brx>
          <bry>1905</bry>
          <value>BP3</value>
          <label>3. Ligeramente en desacuerdo</label>
        </box>
        <box>
          <tlx>1659</tlx>
          <tly>1846</tly>
          <brx>1719</brx>
          <bry>1905</bry>
          <value>BP4</value>
          <label>4. Ligeramente de acuerdo</label>
        </box>
        <box>
          <tlx>1813</tlx>
          <tly>1846</tly>
          <brx>1872</brx>
          <bry>1905</bry>
          <value>BP5</value>
          <label>5. Moderadamente de acuerdo</label>
        </box>
        <box>
          <tlx>1967</tlx>
          <tly>1846</tly>
          <brx>2026</brx>
          <bry>1905</bry>
          <value>BP6</value>
          <label>6. Completamente de acuerdo</label>
        </box>
      </boxgroup>
      <boxgroup>
        <type>1</type>
        <width>3</width>
        <varname>BPs1_BP08</varname>
        <sortorder>9</sortorder>
        <label>A continuaci&#xF3;n, usted encontrar&#xE1; una serie de preguntas relacionadas con distintas experiencias de su vida personal, por favor seleccione la alternativa que m&#xE1;s lo represente.&#xD;
&#xD;
&lt;p&gt;&#xA0;&lt;/p&gt; : No tengo muchas personas que quieran escucharme cuando necesito hablar.</label>
        <groupsection idref="1"/>
        <box>
          <tlx>1199</tlx>
          <tly>1970</tly>
          <brx>1258</brx>
          <bry>2029</bry>
          <value>BP1</value>
          <label>1. Completamente en desacuerdo</label>
        </box>
        <box>
          <tlx>1352</tlx>
          <tly>1970</tly>
          <brx>1411</brx>
          <bry>2029</bry>
          <value>BP2</value>
          <label>2. Moderadamente en desacuerdo</label>
        </box>
        <box>
          <tlx>1506</tlx>
          <tly>1970</tly>
          <brx>1565</brx>
          <bry>2029</bry>
          <value>BP3</value>
          <label>3. Ligeramente en desacuerdo</label>
        </box>
        <box>
          <tlx>1659</tlx>
          <tly>1970</tly>
          <brx>1719</brx>
          <bry>2029</bry>
          <value>BP4</value>
          <label>4. Ligeramente de acuerdo</label>
        </box>
        <box>
          <tlx>1813</tlx>
          <tly>1970</tly>
          <brx>1872</brx>
          <bry>2029</bry>
          <value>BP5</value>
          <label>5. Moderadamente de acuerdo</label>
        </box>
        <box>
          <tlx>1967</tlx>
          <tly>1970</tly>
          <brx>2026</brx>
          <bry>2029</bry>
          <value>BP6</value>
          <label>6. Completamente de acuerdo</label>
        </box>
      </boxgroup>
      <boxgroup>
        <type>1</type>
        <width>3</width>
        <varname>BPs1_BP09</varname>
        <sortorder>10</sortorder>
        <label>A continuaci&#xF3;n, usted encontrar&#xE1; una serie de preguntas relacionadas con distintas experiencias de su vida personal, por favor seleccione la alternativa que m&#xE1;s lo represente.&#xD;
&#xD;
&lt;p&gt;&#xA0;&lt;/p&gt; : Tiendo preocuparme sobre lo que otra gente piensa de m&#xED;.</label>
        <groupsection idref="1"/>
        <box>
          <tlx>1199</tlx>
          <tly>2094</tly>
          <brx>1258</brx>
          <bry>2153</bry>
          <value>BP1</value>
          <label>1. Completamente en desacuerdo</label>
        </box>
        <box>
          <tlx>1352</tlx>
          <tly>2094</tly>
          <brx>1411</brx>
          <bry>2153</bry>
          <value>BP2</value>
          <label>2. Moderadamente en desacuerdo</label>
        </box>
        <box>
          <tlx>1506</tlx>
          <tly>2094</tly>
          <brx>1565</brx>
          <bry>2153</bry>
          <value>BP3</value>
          <label>3. Ligeramente en desacuerdo</label>
        </box>
        <box>
          <tlx>1659</tlx>
          <tly>2094</tly>
          <brx>1719</brx>
          <bry>2153</bry>
          <value>BP4</value>
          <label>4. Ligeramente de acuerdo</label>
        </box>
        <box>
          <tlx>1813</tlx>
          <tly>2094</tly>
          <brx>1872</brx>
          <bry>2153</bry>
          <value>BP5</value>
          <label>5. Moderadamente de acuerdo</label>
        </box>
        <box>
          <tlx>1967</tlx>
          <tly>2094</tly>
          <brx>2026</brx>
          <bry>2153</bry>
          <value>BP6</value>
          <label>6. Completamente de acuerdo</label>
        </box>
      </boxgroup>
      <boxgroup>
        <type>1</type>
        <width>3</width>
        <varname>BPs1_BP10</varname>
        <sortorder>11</sortorder>
        <label>A continuaci&#xF3;n, usted encontrar&#xE1; una serie de preguntas relacionadas con distintas experiencias de su vida personal, por favor seleccione la alternativa que m&#xE1;s lo represente.&#xD;
&#xD;
&lt;p&gt;&#xA0;&lt;/p&gt; : Me juzgo por lo que yo creo que es importante, no por los valores que otros piensan que es importante.</label>
        <groupsection idref="1"/>
        <box>
          <tlx>1199</tlx>
          <tly>2218</tly>
          <brx>1258</brx>
          <bry>2277</bry>
          <value>BP1</value>
          <label>1. Completamente en desacuerdo</label>
        </box>
        <box>
          <tlx>1352</tlx>
          <tly>2218</tly>
          <brx>1411</brx>
          <bry>2277</bry>
          <value>BP2</value>
          <label>2. Moderadamente en desacuerdo</label>
        </box>
        <box>
          <tlx>1506</tlx>
          <tly>2218</tly>
          <brx>1565</brx>
          <bry>2277</bry>
          <value>BP3</value>
          <label>3. Ligeramente en desacuerdo</label>
        </box>
        <box>
          <tlx>1659</tlx>
          <tly>2218</tly>
          <brx>1719</brx>
          <bry>2277</bry>
          <value>BP4</value>
          <label>4. Ligeramente de acuerdo</label>
        </box>
        <box>
          <tlx>1813</tlx>
          <tly>2218</tly>
          <brx>1872</brx>
          <bry>2277</bry>
          <value>BP5</value>
          <label>5. Moderadamente de acuerdo</label>
        </box>
        <box>
          <tlx>1967</tlx>
          <tly>2218</tly>
          <brx>2026</brx>
          <bry>2277</bry>
          <value>BP6</value>
          <label>6. Completamente de acuerdo</label>
        </box>
      </boxgroup>
      <boxgroup>
        <type>1</type>
        <width>3</width>
        <varname>BPs2_BP11</varname>
        <sortorder>12</sortorder>
        <label>He sido capaz de construir un hogar y un modo de vida a mi gusto.</label>
        <groupsection idref="1"/>
        <box>
          <tlx>1199</tlx>
          <tly>2534</tly>
          <brx>1258</brx>
          <bry>2594</bry>
          <value>BP1</value>
          <label>1. Completamente en desacuerdo</label>
        </box>
        <box>
          <tlx>1352</tlx>
          <tly>2534</tly>
          <brx>1411</brx>
          <bry>2594</bry>
          <value>BP2</value>
          <label>2. Moderadamente en desacuerdo</label>
        </box>
        <box>
          <tlx>1506</tlx>
          <tly>2534</tly>
          <brx>1565</brx>
          <bry>2594</bry>
          <value>BP3</value>
          <label>3. Ligeramente en desacuerdo</label>
        </box>
        <box>
          <tlx>1659</tlx>
          <tly>2534</tly>
          <brx>1719</brx>
          <bry>2594</bry>
          <value>BP4</value>
          <label>4. Ligeramente de acuerdo</label>
        </box>
        <box>
          <tlx>1813</tlx>
          <tly>2534</tly>
          <brx>1872</brx>
          <bry>2594</bry>
          <value>BP5</value>
          <label>5. Moderadamente de acuerdo</label>
        </box>
        <box>
          <tlx>1967</tlx>
          <tly>2534</tly>
          <brx>2026</brx>
          <bry>2594</bry>
          <value>BP6</value>
          <label>6. Completamente de acuerdo</label>
        </box>
      </boxgroup>
      <boxgroup>
        <type>1</type>
        <width>3</width>
        <varname>BPs2_BP12</varname>
        <sortorder>13</sortorder>
        <label>Soy una persona activa al realizar los proyectos que propuse para m&#xED; mismo/a.</label>
        <groupsection idref="1"/>
        <box>
          <tlx>1199</tlx>
          <tly>2658</tly>
          <brx>1258</brx>
          <bry>2718</bry>
          <value>BP1</value>
          <label>1. Completamente en desacuerdo</label>
        </box>
        <box>
          <tlx>1352</tlx>
          <tly>2658</tly>
          <brx>1411</brx>
          <bry>2718</bry>
          <value>BP2</value>
          <label>2. Moderadamente en desacuerdo</label>
        </box>
        <box>
          <tlx>1506</tlx>
          <tly>2658</tly>
          <brx>1565</brx>
          <bry>2718</bry>
          <value>BP3</value>
          <label>3. Ligeramente en desacuerdo</label>
        </box>
        <box>
          <tlx>1659</tlx>
          <tly>2658</tly>
          <brx>1719</brx>
          <bry>2718</bry>
          <value>BP4</value>
          <label>4. Ligeramente de acuerdo</label>
        </box>
        <box>
          <tlx>1813</tlx>
          <tly>2658</tly>
          <brx>1872</brx>
          <bry>2718</bry>
          <value>BP5</value>
          <label>5. Moderadamente de acuerdo</label>
        </box>
        <box>
          <tlx>1967</tlx>
          <tly>2658</tly>
          <brx>2026</brx>
          <bry>2718</bry>
          <value>BP6</value>
          <label>6. Completamente de acuerdo</label>
        </box>
      </boxgroup>
      <boxgroup>
        <type>1</type>
        <width>3</width>
        <varname>BPs2_BP13</varname>
        <sortorder>14</sortorder>
        <label>Si tuviera la oportunidad, hay muchas cosas de m&#xED; mismo que cambiar&#xED;a.</label>
        <groupsection idref="1"/>
        <box>
          <tlx>1199</tlx>
          <tly>2782</tly>
          <brx>1258</brx>
          <bry>2842</bry>
          <value>BP1</value>
          <label>1. Completamente en desacuerdo</label>
        </box>
        <box>
          <tlx>1352</tlx>
          <tly>2782</tly>
          <brx>1411</brx>
          <bry>2842</bry>
          <value>BP2</value>
          <label>2. Moderadamente en desacuerdo</label>
        </box>
        <box>
          <tlx>1506</tlx>
          <tly>2782</tly>
          <brx>1565</brx>
          <bry>2842</bry>
          <value>BP3</value>
          <label>3. Ligeramente en desacuerdo</label>
        </box>
        <box>
          <tlx>1659</tlx>
          <tly>2782</tly>
          <brx>1719</brx>
          <bry>2842</bry>
          <value>BP4</value>
          <label>4. Ligeramente de acuerdo</label>
        </box>
        <box>
          <tlx>1813</tlx>
          <tly>2782</tly>
          <brx>1872</brx>
          <bry>2842</bry>
          <value>BP5</value>
          <label>5. Moderadamente de acuerdo</label>
        </box>
        <box>
          <tlx>1967</tlx>
          <tly>2782</tly>
          <brx>2026</brx>
          <bry>2842</bry>
          <value>BP6</value>
          <label>6. Completamente de acuerdo</label>
        </box>
      </boxgroup>
      <boxgroup>
        <type>1</type>
        <width>3</width>
        <varname>BPs2_BP14</varname>
        <sortorder>15</sortorder>
        <label>Siento que mis amistades aportan muchas cosas.</label>
        <groupsection idref="1"/>
        <box>
          <tlx>1199</tlx>
          <tly>2906</tly>
          <brx>1258</brx>
          <bry>2966</bry>
          <value>BP1</value>
          <label>1. Completamente en desacuerdo</label>
        </box>
        <box>
          <tlx>1352</tlx>
          <tly>2906</tly>
          <brx>1411</brx>
          <bry>2966</bry>
          <value>BP2</value>
          <label>2. Moderadamente en desacuerdo</label>
        </box>
        <box>
          <tlx>1506</tlx>
          <tly>2906</tly>
          <brx>1565</brx>
          <bry>2966</bry>
          <value>BP3</value>
          <label>3. Ligeramente en desacuerdo</label>
        </box>
        <box>
          <tlx>1659</tlx>
          <tly>2906</tly>
          <brx>1719</brx>
          <bry>2966</bry>
          <value>BP4</value>
          <label>4. Ligeramente de acuerdo</label>
        </box>
        <box>
          <tlx>1813</tlx>
          <tly>2906</tly>
          <brx>1872</brx>
          <bry>2966</bry>
          <value>BP5</value>
          <label>5. Moderadamente de acuerdo</label>
        </box>
        <box>
          <tlx>1967</tlx>
          <tly>2906</tly>
          <brx>2026</brx>
          <bry>2966</bry>
          <value>BP6</value>
          <label>6. Completamente de acuerdo</label>
        </box>
      </boxgroup>
      <boxgroup>
        <type>1</type>
        <width>3</width>
        <varname>BPs2_BP15</varname>
        <sortorder>16</sortorder>
        <label>Tiendo a estar influenciado por la gente con fuertes convicciones.</label>
        <groupsection idref="1"/>
        <box>
          <tlx>1199</tlx>
          <tly>3031</tly>
          <brx>1258</brx>
          <bry>3090</bry>
          <value>BP1</value>
          <label>1. Completamente en desacuerdo</label>
        </box>
        <box>
          <tlx>1352</tlx>
          <tly>3031</tly>
          <brx>1411</brx>
          <bry>3090</bry>
          <value>BP2</value>
          <label>2. Moderadamente en desacuerdo</label>
        </box>
        <box>
          <tlx>1506</tlx>
          <tly>3031</tly>
          <brx>1565</brx>
          <bry>3090</bry>
          <value>BP3</value>
          <label>3. Ligeramente en desacuerdo</label>
        </box>
        <box>
          <tlx>1659</tlx>
          <tly>3031</tly>
          <brx>1719</brx>
          <bry>3090</bry>
          <value>BP4</value>
          <label>4. Ligeramente de acuerdo</label>
        </box>
        <box>
          <tlx>1813</tlx>
          <tly>3031</tly>
          <brx>1872</brx>
          <bry>3090</bry>
          <value>BP5</value>
          <label>5. Moderadamente de acuerdo</label>
        </box>
        <box>
          <tlx>1967</tlx>
          <tly>3031</tly>
          <brx>2026</brx>
          <bry>3090</bry>
          <value>BP6</value>
          <label>6. Completamente de acuerdo</label>
        </box>
      </boxgroup>
      <boxgroup>
        <type>1</type>
        <width>3</width>
        <varname>BPs2_BP16</varname>
        <sortorder>17</sortorder>
        <label>En general, siento que soy responsable de la situaci&#xF3;n en la que vivo.</label>
        <groupsection idref="1"/>
        <box>
          <tlx>1199</tlx>
          <tly>3155</tly>
          <brx>1258</brx>
          <bry>3214</bry>
          <value>BP1</value>
          <label>1. Completamente en desacuerdo</label>
        </box>
        <box>
          <tlx>1352</tlx>
          <tly>3155</tly>
          <brx>1411</brx>
          <bry>3214</bry>
          <value>BP2</value>
          <label>2. Moderadamente en desacuerdo</label>
        </box>
        <box>
          <tlx>1506</tlx>
          <tly>3155</tly>
          <brx>1565</brx>
          <bry>3214</bry>
          <value>BP3</value>
          <label>3. Ligeramente en desacuerdo</label>
        </box>
        <box>
          <tlx>1659</tlx>
          <tly>3155</tly>
          <brx>1719</brx>
          <bry>3214</bry>
          <value>BP4</value>
          <label>4. Ligeramente de acuerdo</label>
        </box>
        <box>
          <tlx>1813</tlx>
          <tly>3155</tly>
          <brx>1872</brx>
          <bry>3214</bry>
          <value>BP5</value>
          <label>5. Moderadamente de acuerdo</label>
        </box>
        <box>
          <tlx>1967</tlx>
          <tly>3155</tly>
          <brx>2026</brx>
          <bry>3214</bry>
          <value>BP6</value>
          <label>6. Completamente de acuerdo</label>
        </box>
      </boxgroup>
    </page>
    <page>
      <id>48288202</id>
      <tlx>283</tlx>
      <tly>283</tly>
      <trx>2197</trx>
      <try>283</try>
      <brx>2197</brx>
      <bry>3224</bry>
      <blx>283</blx>
      <bly>3224</bly>
      <rotation>0</rotation>
      <boxgroup>
        <type>1</type>
        <width>3</width>
        <varname>BPs2_BP17</varname>
        <sortorder>18</sortorder>
        <label>Me siento bien cuando pienso en lo que he hecho en el pasado y lo que espero hacer en el futuro.</label>
        <groupsection idref="1"/>
        <box>
          <tlx>1199</tlx>
          <tly>322</tly>
          <brx>1258</brx>
          <bry>381</bry>
          <value>BP1</value>
          <label>1. Completamente en desacuerdo</label>
        </box>
        <box>
          <tlx>1352</tlx>
          <tly>322</tly>
          <brx>1411</brx>
          <bry>381</bry>
          <value>BP2</value>
          <label>2. Moderadamente en desacuerdo</label>
        </box>
        <box>
          <tlx>1506</tlx>
          <tly>322</tly>
          <brx>1565</brx>
          <bry>381</bry>
          <value>BP3</value>
          <label>3. Ligeramente en desacuerdo</label>
        </box>
        <box>
          <tlx>1659</tlx>
          <tly>322</tly>
          <brx>1719</brx>
          <bry>381</bry>
          <value>BP4</value>
          <label>4. Ligeramente de acuerdo</label>
        </box>
        <box>
          <tlx>1813</tlx>
          <tly>322</tly>
          <brx>1872</brx>
          <bry>381</bry>
          <value>BP5</value>
          <label>5. Moderadamente de acuerdo</label>
        </box>
        <box>
          <tlx>1967</tlx>
          <tly>322</tly>
          <brx>2026</brx>
          <bry>381</bry>
          <value>BP6</value>
          <label>6. Completamente de acuerdo</label>
        </box>
      </boxgroup>
      <boxgroup>
        <type>1</type>
        <width>3</width>
        <varname>BPs2_BP18</varname>
        <sortorder>19</sortorder>
        <label>Mis objetivos en la vida han sido m&#xE1;s una fuente de satisfacci&#xF3;n que de frustraci&#xF3;n para mi.</label>
        <groupsection idref="1"/>
        <box>
          <tlx>1199</tlx>
          <tly>446</tly>
          <brx>1258</brx>
          <bry>505</bry>
          <value>BP1</value>
          <label>1. Completamente en desacuerdo</label>
        </box>
        <box>
          <tlx>1352</tlx>
          <tly>446</tly>
          <brx>1411</brx>
          <bry>505</bry>
          <value>BP2</value>
          <label>2. Moderadamente en desacuerdo</label>
        </box>
        <box>
          <tlx>1506</tlx>
          <tly>446</tly>
          <brx>1565</brx>
          <bry>505</bry>
          <value>BP3</value>
          <label>3. Ligeramente en desacuerdo</label>
        </box>
        <box>
          <tlx>1659</tlx>
          <tly>446</tly>
          <brx>1719</brx>
          <bry>505</bry>
          <value>BP4</value>
          <label>4. Ligeramente de acuerdo</label>
        </box>
        <box>
          <tlx>1813</tlx>
          <tly>446</tly>
          <brx>1872</brx>
          <bry>505</bry>
          <value>BP5</value>
          <label>5. Moderadamente de acuerdo</label>
        </box>
        <box>
          <tlx>1967</tlx>
          <tly>446</tly>
          <brx>2026</brx>
          <bry>505</bry>
          <value>BP6</value>
          <label>6. Completamente de acuerdo</label>
        </box>
      </boxgroup>
      <boxgroup>
        <type>1</type>
        <width>3</width>
        <varname>BPs2_BP19</varname>
        <sortorder>20</sortorder>
        <label>Me gusta la mayor parte de los aspectos de mi personalidad.</label>
        <groupsection idref="1"/>
        <box>
          <tlx>1199</tlx>
          <tly>570</tly>
          <brx>1258</brx>
          <bry>629</bry>
          <value>BP1</value>
          <label>1. Completamente en desacuerdo</label>
        </box>
        <box>
          <tlx>1352</tlx>
          <tly>570</tly>
          <brx>1411</brx>
          <bry>629</bry>
          <value>BP2</value>
          <label>2. Moderadamente en desacuerdo</label>
        </box>
        <box>
          <tlx>1506</tlx>
          <tly>570</tly>
          <brx>1565</brx>
          <bry>629</bry>
          <value>BP3</value>
          <label>3. Ligeramente en desacuerdo</label>
        </box>
        <box>
          <tlx>1659</tlx>
          <tly>570</tly>
          <brx>1719</brx>
          <bry>629</bry>
          <value>BP4</value>
          <label>4. Ligeramente de acuerdo</label>
        </box>
        <box>
          <tlx>1813</tlx>
          <tly>570</tly>
          <brx>1872</brx>
          <bry>629</bry>
          <value>BP5</value>
          <label>5. Moderadamente de acuerdo</label>
        </box>
        <box>
          <tlx>1967</tlx>
          <tly>570</tly>
          <brx>2026</brx>
          <bry>629</bry>
          <value>BP6</value>
          <label>6. Completamente de acuerdo</label>
        </box>
      </boxgroup>
      <boxgroup>
        <type>1</type>
        <width>3</width>
        <varname>BPs2_BP20</varname>
        <sortorder>21</sortorder>
        <label>Me parece que la mayor&#xED;a de las personas tiene m&#xE1;s amigos que yo.</label>
        <groupsection idref="1"/>
        <box>
          <tlx>1199</tlx>
          <tly>694</tly>
          <brx>1258</brx>
          <bry>753</bry>
          <value>BP1</value>
          <label>1. Completamente en desacuerdo</label>
        </box>
        <box>
          <tlx>1352</tlx>
          <tly>694</tly>
          <brx>1411</brx>
          <bry>753</bry>
          <value>BP2</value>
          <label>2. Moderadamente en desacuerdo</label>
        </box>
        <box>
          <tlx>1506</tlx>
          <tly>694</tly>
          <brx>1565</brx>
          <bry>753</bry>
          <value>BP3</value>
          <label>3. Ligeramente en desacuerdo</label>
        </box>
        <box>
          <tlx>1659</tlx>
          <tly>694</tly>
          <brx>1719</brx>
          <bry>753</bry>
          <value>BP4</value>
          <label>4. Ligeramente de acuerdo</label>
        </box>
        <box>
          <tlx>1813</tlx>
          <tly>694</tly>
          <brx>1872</brx>
          <bry>753</bry>
          <value>BP5</value>
          <label>5. Moderadamente de acuerdo</label>
        </box>
        <box>
          <tlx>1967</tlx>
          <tly>694</tly>
          <brx>2026</brx>
          <bry>753</bry>
          <value>BP6</value>
          <label>6. Completamente de acuerdo</label>
        </box>
      </boxgroup>
      <boxgroup>
        <type>1</type>
        <width>3</width>
        <varname>BPs3_BP21</varname>
        <sortorder>22</sortorder>
        <label>Tengo confianza en mis opiniones a&#xFA;n si son contrarias al consenso general.</label>
        <groupsection idref="1"/>
        <box>
          <tlx>1199</tlx>
          <tly>1010</tly>
          <brx>1258</brx>
          <bry>1069</bry>
          <value>BP1</value>
          <label>1. Completamente en desacuerdo</label>
        </box>
        <box>
          <tlx>1352</tlx>
          <tly>1010</tly>
          <brx>1411</brx>
          <bry>1069</bry>
          <value>BP2</value>
          <label>2. Moderadamente en desacuerdo</label>
        </box>
        <box>
          <tlx>1506</tlx>
          <tly>1010</tly>
          <brx>1565</brx>
          <bry>1069</bry>
          <value>BP3</value>
          <label>3. Ligeramente en desacuerdo</label>
        </box>
        <box>
          <tlx>1659</tlx>
          <tly>1010</tly>
          <brx>1719</brx>
          <bry>1069</bry>
          <value>BP4</value>
          <label>4. Ligeramente de acuerdo</label>
        </box>
        <box>
          <tlx>1813</tlx>
          <tly>1010</tly>
          <brx>1872</brx>
          <bry>1069</bry>
          <value>BP5</value>
          <label>5. Moderadamente de acuerdo</label>
        </box>
        <box>
          <tlx>1967</tlx>
          <tly>1010</tly>
          <brx>2026</brx>
          <bry>1069</bry>
          <value>BP6</value>
          <label>6. Completamente de acuerdo</label>
        </box>
      </boxgroup>
      <boxgroup>
        <type>1</type>
        <width>3</width>
        <varname>BPs3_BP22</varname>
        <sortorder>23</sortorder>
        <label>Las demandas de la vida diaria a menudo me deprimen.</label>
        <groupsection idref="1"/>
        <box>
          <tlx>1199</tlx>
          <tly>1134</tly>
          <brx>1258</brx>
          <bry>1193</bry>
          <value>BP1</value>
          <label>1. Completamente en desacuerdo</label>
        </box>
        <box>
          <tlx>1352</tlx>
          <tly>1134</tly>
          <brx>1411</brx>
          <bry>1193</bry>
          <value>BP2</value>
          <label>2. Moderadamente en desacuerdo</label>
        </box>
        <box>
          <tlx>1506</tlx>
          <tly>1134</tly>
          <brx>1565</brx>
          <bry>1193</bry>
          <value>BP3</value>
          <label>3. Ligeramente en desacuerdo</label>
        </box>
        <box>
          <tlx>1659</tlx>
          <tly>1134</tly>
          <brx>1719</brx>
          <bry>1193</bry>
          <value>BP4</value>
          <label>4. Ligeramente de acuerdo</label>
        </box>
        <box>
          <tlx>1813</tlx>
          <tly>1134</tly>
          <brx>1872</brx>
          <bry>1193</bry>
          <value>BP5</value>
          <label>5. Moderadamente de acuerdo</label>
        </box>
        <box>
          <tlx>1967</tlx>
          <tly>1134</tly>
          <brx>2026</brx>
          <bry>1193</bry>
          <value>BP6</value>
          <label>6. Completamente de acuerdo</label>
        </box>
      </boxgroup>
      <boxgroup>
        <type>1</type>
        <width>3</width>
        <varname>BPs3_BP23</varname>
        <sortorder>24</sortorder>
        <label>Tengo clara la direcci&#xF3;n y el sentido de mi vida.</label>
        <groupsection idref="1"/>
        <box>
          <tlx>1199</tlx>
          <tly>1258</tly>
          <brx>1258</brx>
          <bry>1317</bry>
          <value>BP1</value>
          <label>1. Completamente en desacuerdo</label>
        </box>
        <box>
          <tlx>1352</tlx>
          <tly>1258</tly>
          <brx>1411</brx>
          <bry>1317</bry>
          <value>BP2</value>
          <label>2. Moderadamente en desacuerdo</label>
        </box>
        <box>
          <tlx>1506</tlx>
          <tly>1258</tly>
          <brx>1565</brx>
          <bry>1317</bry>
          <value>BP3</value>
          <label>3. Ligeramente en desacuerdo</label>
        </box>
        <box>
          <tlx>1659</tlx>
          <tly>1258</tly>
          <brx>1719</brx>
          <bry>1317</bry>
          <value>BP4</value>
          <label>4. Ligeramente de acuerdo</label>
        </box>
        <box>
          <tlx>1813</tlx>
          <tly>1258</tly>
          <brx>1872</brx>
          <bry>1317</bry>
          <value>BP5</value>
          <label>5. Moderadamente de acuerdo</label>
        </box>
        <box>
          <tlx>1967</tlx>
          <tly>1258</tly>
          <brx>2026</brx>
          <bry>1317</bry>
          <value>BP6</value>
          <label>6. Completamente de acuerdo</label>
        </box>
      </boxgroup>
      <boxgroup>
        <type>1</type>
        <width>3</width>
        <varname>BPs3_BP24</varname>
        <sortorder>25</sortorder>
        <label>En general, con el tiempo siento que sigo aprendiendo m&#xE1;s sobre mi mismo.</label>
        <groupsection idref="1"/>
        <box>
          <tlx>1199</tlx>
          <tly>1382</tly>
          <brx>1258</brx>
          <bry>1441</bry>
          <value>BP1</value>
          <label>1. Completamente en desacuerdo</label>
        </box>
        <box>
          <tlx>1352</tlx>
          <tly>1382</tly>
          <brx>1411</brx>
          <bry>1441</bry>
          <value>BP2</value>
          <label>2. Moderadamente en desacuerdo</label>
        </box>
        <box>
          <tlx>1506</tlx>
          <tly>1382</tly>
          <brx>1565</brx>
          <bry>1441</bry>
          <value>BP3</value>
          <label>3. Ligeramente en desacuerdo</label>
        </box>
        <box>
          <tlx>1659</tlx>
          <tly>1382</tly>
          <brx>1719</brx>
          <bry>1441</bry>
          <value>BP4</value>
          <label>4. Ligeramente de acuerdo</label>
        </box>
        <box>
          <tlx>1813</tlx>
          <tly>1382</tly>
          <brx>1872</brx>
          <bry>1441</bry>
          <value>BP5</value>
          <label>5. Moderadamente de acuerdo</label>
        </box>
        <box>
          <tlx>1967</tlx>
          <tly>1382</tly>
          <brx>2026</brx>
          <bry>1441</bry>
          <value>BP6</value>
          <label>6. Completamente de acuerdo</label>
        </box>
      </boxgroup>
      <boxgroup>
        <type>1</type>
        <width>3</width>
        <varname>BPs3_BP25</varname>
        <sortorder>26</sortorder>
        <label>En muchos aspectos, me siento decepcionado de mis logros en la vida.</label>
        <groupsection idref="1"/>
        <box>
          <tlx>1199</tlx>
          <tly>1506</tly>
          <brx>1258</brx>
          <bry>1565</bry>
          <value>BP1</value>
          <label>1. Completamente en desacuerdo</label>
        </box>
        <box>
          <tlx>1352</tlx>
          <tly>1506</tly>
          <brx>1411</brx>
          <bry>1565</bry>
          <value>BP2</value>
          <label>2. Moderadamente en desacuerdo</label>
        </box>
        <box>
          <tlx>1506</tlx>
          <tly>1506</tly>
          <brx>1565</brx>
          <bry>1565</bry>
          <value>BP3</value>
          <label>3. Ligeramente en desacuerdo</label>
        </box>
        <box>
          <tlx>1659</tlx>
          <tly>1506</tly>
          <brx>1719</brx>
          <bry>1565</bry>
          <value>BP4</value>
          <label>4. Ligeramente de acuerdo</label>
        </box>
        <box>
          <tlx>1813</tlx>
          <tly>1506</tly>
          <brx>1872</brx>
          <bry>1565</bry>
          <value>BP5</value>
          <label>5. Moderadamente de acuerdo</label>
        </box>
        <box>
          <tlx>1967</tlx>
          <tly>1506</tly>
          <brx>2026</brx>
          <bry>1565</bry>
          <value>BP6</value>
          <label>6. Completamente de acuerdo</label>
        </box>
      </boxgroup>
      <boxgroup>
        <type>1</type>
        <width>3</width>
        <varname>BPs3_BP26</varname>
        <sortorder>27</sortorder>
        <label>No he experimentado muchas relaciones cercanas y de confianza.</label>
        <groupsection idref="1"/>
        <box>
          <tlx>1199</tlx>
          <tly>1630</tly>
          <brx>1258</brx>
          <bry>1689</bry>
          <value>BP1</value>
          <label>1. Completamente en desacuerdo</label>
        </box>
        <box>
          <tlx>1352</tlx>
          <tly>1630</tly>
          <brx>1411</brx>
          <bry>1689</bry>
          <value>BP2</value>
          <label>2. Moderadamente en desacuerdo</label>
        </box>
        <box>
          <tlx>1506</tlx>
          <tly>1630</tly>
          <brx>1565</brx>
          <bry>1689</bry>
          <value>BP3</value>
          <label>3. Ligeramente en desacuerdo</label>
        </box>
        <box>
          <tlx>1659</tlx>
          <tly>1630</tly>
          <brx>1719</brx>
          <bry>1689</bry>
          <value>BP4</value>
          <label>4. Ligeramente de acuerdo</label>
        </box>
        <box>
          <tlx>1813</tlx>
          <tly>1630</tly>
          <brx>1872</brx>
          <bry>1689</bry>
          <value>BP5</value>
          <label>5. Moderadamente de acuerdo</label>
        </box>
        <box>
          <tlx>1967</tlx>
          <tly>1630</tly>
          <brx>2026</brx>
          <bry>1689</bry>
          <value>BP6</value>
          <label>6. Completamente de acuerdo</label>
        </box>
      </boxgroup>
      <boxgroup>
        <type>1</type>
        <width>3</width>
        <varname>BPs3_BP27</varname>
        <sortorder>28</sortorder>
        <label>Es dif&#xED;cil para m&#xED; expresar mis propias opiniones en asuntos pol&#xE9;micos.</label>
        <groupsection idref="1"/>
        <box>
          <tlx>1199</tlx>
          <tly>1754</tly>
          <brx>1258</brx>
          <bry>1813</bry>
          <value>BP1</value>
          <label>1. Completamente en desacuerdo</label>
        </box>
        <box>
          <tlx>1352</tlx>
          <tly>1754</tly>
          <brx>1411</brx>
          <bry>1813</bry>
          <value>BP2</value>
          <label>2. Moderadamente en desacuerdo</label>
        </box>
        <box>
          <tlx>1506</tlx>
          <tly>1754</tly>
          <brx>1565</brx>
          <bry>1813</bry>
          <value>BP3</value>
          <label>3. Ligeramente en desacuerdo</label>
        </box>
        <box>
          <tlx>1659</tlx>
          <tly>1754</tly>
          <brx>1719</brx>
          <bry>1813</bry>
          <value>BP4</value>
          <label>4. Ligeramente de acuerdo</label>
        </box>
        <box>
          <tlx>1813</tlx>
          <tly>1754</tly>
          <brx>1872</brx>
          <bry>1813</bry>
          <value>BP5</value>
          <label>5. Moderadamente de acuerdo</label>
        </box>
        <box>
          <tlx>1967</tlx>
          <tly>1754</tly>
          <brx>2026</brx>
          <bry>1813</bry>
          <value>BP6</value>
          <label>6. Completamente de acuerdo</label>
        </box>
      </boxgroup>
      <boxgroup>
        <type>1</type>
        <width>3</width>
        <varname>BPs3_BP28</varname>
        <sortorder>29</sortorder>
        <label>Soy bastante bueno/a manejando muchas de mis responsabilidades en la vida diaria.</label>
        <groupsection idref="1"/>
        <box>
          <tlx>1199</tlx>
          <tly>1878</tly>
          <brx>1258</brx>
          <bry>1938</bry>
          <value>BP1</value>
          <label>1. Completamente en desacuerdo</label>
        </box>
        <box>
          <tlx>1352</tlx>
          <tly>1878</tly>
          <brx>1411</brx>
          <bry>1938</bry>
          <value>BP2</value>
          <label>2. Moderadamente en desacuerdo</label>
        </box>
        <box>
          <tlx>1506</tlx>
          <tly>1878</tly>
          <brx>1565</brx>
          <bry>1938</bry>
          <value>BP3</value>
          <label>3. Ligeramente en desacuerdo</label>
        </box>
        <box>
          <tlx>1659</tlx>
          <tly>1878</tly>
          <brx>1719</brx>
          <bry>1938</bry>
          <value>BP4</value>
          <label>4. Ligeramente de acuerdo</label>
        </box>
        <box>
          <tlx>1813</tlx>
          <tly>1878</tly>
          <brx>1872</brx>
          <bry>1938</bry>
          <value>BP5</value>
          <label>5. Moderadamente de acuerdo</label>
        </box>
        <box>
          <tlx>1967</tlx>
          <tly>1878</tly>
          <brx>2026</brx>
          <bry>1938</bry>
          <value>BP6</value>
          <label>6. Completamente de acuerdo</label>
        </box>
      </boxgroup>
      <boxgroup>
        <type>1</type>
        <width>3</width>
        <varname>BPs3_BP29</varname>
        <sortorder>30</sortorder>
        <label>No tengo claro qu&#xE9; es lo que intento conseguir en la vida.</label>
        <groupsection idref="1"/>
        <box>
          <tlx>1199</tlx>
          <tly>2002</tly>
          <brx>1258</brx>
          <bry>2062</bry>
          <value>BP1</value>
          <label>1. Completamente en desacuerdo</label>
        </box>
        <box>
          <tlx>1352</tlx>
          <tly>2002</tly>
          <brx>1411</brx>
          <bry>2062</bry>
          <value>BP2</value>
          <label>2. Moderadamente en desacuerdo</label>
        </box>
        <box>
          <tlx>1506</tlx>
          <tly>2002</tly>
          <brx>1565</brx>
          <bry>2062</bry>
          <value>BP3</value>
          <label>3. Ligeramente en desacuerdo</label>
        </box>
        <box>
          <tlx>1659</tlx>
          <tly>2002</tly>
          <brx>1719</brx>
          <bry>2062</bry>
          <value>BP4</value>
          <label>4. Ligeramente de acuerdo</label>
        </box>
        <box>
          <tlx>1813</tlx>
          <tly>2002</tly>
          <brx>1872</brx>
          <bry>2062</bry>
          <value>BP5</value>
          <label>5. Moderadamente de acuerdo</label>
        </box>
        <box>
          <tlx>1967</tlx>
          <tly>2002</tly>
          <brx>2026</brx>
          <bry>2062</bry>
          <value>BP6</value>
          <label>6. Completamente de acuerdo</label>
        </box>
      </boxgroup>
      <boxgroup>
        <type>1</type>
        <width>3</width>
        <varname>BPs3_BP30</varname>
        <sortorder>31</sortorder>
        <label>Hace mucho tiempo que dej&#xE9; de intentar hacer grandes mejoras o cambios en mi vida.</label>
        <groupsection idref="1"/>
        <box>
          <tlx>1199</tlx>
          <tly>2126</tly>
          <brx>1258</brx>
          <bry>2186</bry>
          <value>BP1</value>
          <label>1. Completamente en desacuerdo</label>
        </box>
        <box>
          <tlx>1352</tlx>
          <tly>2126</tly>
          <brx>1411</brx>
          <bry>2186</bry>
          <value>BP2</value>
          <label>2. Moderadamente en desacuerdo</label>
        </box>
        <box>
          <tlx>1506</tlx>
          <tly>2126</tly>
          <brx>1565</brx>
          <bry>2186</bry>
          <value>BP3</value>
          <label>3. Ligeramente en desacuerdo</label>
        </box>
        <box>
          <tlx>1659</tlx>
          <tly>2126</tly>
          <brx>1719</brx>
          <bry>2186</bry>
          <value>BP4</value>
          <label>4. Ligeramente de acuerdo</label>
        </box>
        <box>
          <tlx>1813</tlx>
          <tly>2126</tly>
          <brx>1872</brx>
          <bry>2186</bry>
          <value>BP5</value>
          <label>5. Moderadamente de acuerdo</label>
        </box>
        <box>
          <tlx>1967</tlx>
          <tly>2126</tly>
          <brx>2026</brx>
          <bry>2186</bry>
          <value>BP6</value>
          <label>6. Completamente de acuerdo</label>
        </box>
      </boxgroup>
      <boxgroup>
        <type>1</type>
        <width>3</width>
        <varname>BPs4_BP31</varname>
        <sortorder>32</sortorder>
        <label>En su mayor parte, me siento orgulloso/a de quien soy y de la vida que llevo.</label>
        <groupsection idref="1"/>
        <box>
          <tlx>1199</tlx>
          <tly>2443</tly>
          <brx>1258</brx>
          <bry>2502</bry>
          <value>BP1</value>
          <label>1. Completamente en desacuerdo</label>
        </box>
        <box>
          <tlx>1352</tlx>
          <tly>2443</tly>
          <brx>1411</brx>
          <bry>2502</bry>
          <value>BP2</value>
          <label>2. Moderadamente en desacuerdo</label>
        </box>
        <box>
          <tlx>1506</tlx>
          <tly>2443</tly>
          <brx>1565</brx>
          <bry>2502</bry>
          <value>BP3</value>
          <label>3. Ligeramente en desacuerdo</label>
        </box>
        <box>
          <tlx>1659</tlx>
          <tly>2443</tly>
          <brx>1719</brx>
          <bry>2502</bry>
          <value>BP4</value>
          <label>4. Ligeramente de acuerdo</label>
        </box>
        <box>
          <tlx>1813</tlx>
          <tly>2443</tly>
          <brx>1872</brx>
          <bry>2502</bry>
          <value>BP5</value>
          <label>5. Moderadamente de acuerdo</label>
        </box>
        <box>
          <tlx>1967</tlx>
          <tly>2443</tly>
          <brx>2026</brx>
          <bry>2502</bry>
          <value>BP6</value>
          <label>6. Completamente de acuerdo</label>
        </box>
      </boxgroup>
      <boxgroup>
        <type>1</type>
        <width>3</width>
        <varname>BPs4_BP32</varname>
        <sortorder>33</sortorder>
        <label>S&#xE9; que puedo confiar en mis amigos, y ellos saben que pueden confiar en m&#xED;.</label>
        <groupsection idref="1"/>
        <box>
          <tlx>1199</tlx>
          <tly>2567</tly>
          <brx>1258</brx>
          <bry>2626</bry>
          <value>BP1</value>
          <label>1. Completamente en desacuerdo</label>
        </box>
        <box>
          <tlx>1352</tlx>
          <tly>2567</tly>
          <brx>1411</brx>
          <bry>2626</bry>
          <value>BP2</value>
          <label>2. Moderadamente en desacuerdo</label>
        </box>
        <box>
          <tlx>1506</tlx>
          <tly>2567</tly>
          <brx>1565</brx>
          <bry>2626</bry>
          <value>BP3</value>
          <label>3. Ligeramente en desacuerdo</label>
        </box>
        <box>
          <tlx>1659</tlx>
          <tly>2567</tly>
          <brx>1719</brx>
          <bry>2626</bry>
          <value>BP4</value>
          <label>4. Ligeramente de acuerdo</label>
        </box>
        <box>
          <tlx>1813</tlx>
          <tly>2567</tly>
          <brx>1872</brx>
          <bry>2626</bry>
          <value>BP5</value>
          <label>5. Moderadamente de acuerdo</label>
        </box>
        <box>
          <tlx>1967</tlx>
          <tly>2567</tly>
          <brx>2026</brx>
          <bry>2626</bry>
          <value>BP6</value>
          <label>6. Completamente de acuerdo</label>
        </box>
      </boxgroup>
      <boxgroup>
        <type>1</type>
        <width>3</width>
        <varname>BPs4_BP33</varname>
        <sortorder>34</sortorder>
        <label>A menudo cambio mis decisiones si mis amigos o mi familia est&#xE1;n en desacuerdo.</label>
        <groupsection idref="1"/>
        <box>
          <tlx>1199</tlx>
          <tly>2691</tly>
          <brx>1258</brx>
          <bry>2750</bry>
          <value>BP1</value>
          <label>1. Completamente en desacuerdo</label>
        </box>
        <box>
          <tlx>1352</tlx>
          <tly>2691</tly>
          <brx>1411</brx>
          <bry>2750</bry>
          <value>BP2</value>
          <label>2. Moderadamente en desacuerdo</label>
        </box>
        <box>
          <tlx>1506</tlx>
          <tly>2691</tly>
          <brx>1565</brx>
          <bry>2750</bry>
          <value>BP3</value>
          <label>3. Ligeramente en desacuerdo</label>
        </box>
        <box>
          <tlx>1659</tlx>
          <tly>2691</tly>
          <brx>1719</brx>
          <bry>2750</bry>
          <value>BP4</value>
          <label>4. Ligeramente de acuerdo</label>
        </box>
        <box>
          <tlx>1813</tlx>
          <tly>2691</tly>
          <brx>1872</brx>
          <bry>2750</bry>
          <value>BP5</value>
          <label>5. Moderadamente de acuerdo</label>
        </box>
        <box>
          <tlx>1967</tlx>
          <tly>2691</tly>
          <brx>2026</brx>
          <bry>2750</bry>
          <value>BP6</value>
          <label>6. Completamente de acuerdo</label>
        </box>
      </boxgroup>
      <boxgroup>
        <type>1</type>
        <width>3</width>
        <varname>BPs4_BP34</varname>
        <sortorder>35</sortorder>
        <label>No quiero intentar nuevas formas de hacer las cosas, mi vida est&#xE1; bien como est&#xE1;.</label>
        <groupsection idref="1"/>
        <box>
          <tlx>1199</tlx>
          <tly>2815</tly>
          <brx>1258</brx>
          <bry>2874</bry>
          <value>BP1</value>
          <label>1. Completamente en desacuerdo</label>
        </box>
        <box>
          <tlx>1352</tlx>
          <tly>2815</tly>
          <brx>1411</brx>
          <bry>2874</bry>
          <value>BP2</value>
          <label>2. Moderadamente en desacuerdo</label>
        </box>
        <box>
          <tlx>1506</tlx>
          <tly>2815</tly>
          <brx>1565</brx>
          <bry>2874</bry>
          <value>BP3</value>
          <label>3. Ligeramente en desacuerdo</label>
        </box>
        <box>
          <tlx>1659</tlx>
          <tly>2815</tly>
          <brx>1719</brx>
          <bry>2874</bry>
          <value>BP4</value>
          <label>4. Ligeramente de acuerdo</label>
        </box>
        <box>
          <tlx>1813</tlx>
          <tly>2815</tly>
          <brx>1872</brx>
          <bry>2874</bry>
          <value>BP5</value>
          <label>5. Moderadamente de acuerdo</label>
        </box>
        <box>
          <tlx>1967</tlx>
          <tly>2815</tly>
          <brx>2026</brx>
          <bry>2874</bry>
          <value>BP6</value>
          <label>6. Completamente de acuerdo</label>
        </box>
      </boxgroup>
      <boxgroup>
        <type>1</type>
        <width>3</width>
        <varname>BPs4_BP35</varname>
        <sortorder>36</sortorder>
        <label>Pienso que es importante tener nuevas experiencias que desaf&#xED;en lo que uno piensa sobre s&#xED; mismo y sobre el mundo.</label>
        <groupsection idref="1"/>
        <box>
          <tlx>1199</tlx>
          <tly>2970</tly>
          <brx>1258</brx>
          <bry>3029</bry>
          <value>BP1</value>
          <label>1. Completamente en desacuerdo</label>
        </box>
        <box>
          <tlx>1352</tlx>
          <tly>2970</tly>
          <brx>1411</brx>
          <bry>3029</bry>
          <value>BP2</value>
          <label>2. Moderadamente en desacuerdo</label>
        </box>
        <box>
          <tlx>1506</tlx>
          <tly>2970</tly>
          <brx>1565</brx>
          <bry>3029</bry>
          <value>BP3</value>
          <label>3. Ligeramente en desacuerdo</label>
        </box>
        <box>
          <tlx>1659</tlx>
          <tly>2970</tly>
          <brx>1719</brx>
          <bry>3029</bry>
          <value>BP4</value>
          <label>4. Ligeramente de acuerdo</label>
        </box>
        <box>
          <tlx>1813</tlx>
          <tly>2970</tly>
          <brx>1872</brx>
          <bry>3029</bry>
          <value>BP5</value>
          <label>5. Moderadamente de acuerdo</label>
        </box>
        <box>
          <tlx>1967</tlx>
          <tly>2970</tly>
          <brx>2026</brx>
          <bry>3029</bry>
          <value>BP6</value>
          <label>6. Completamente de acuerdo</label>
        </box>
      </boxgroup>
      <boxgroup>
        <type>1</type>
        <width>3</width>
        <varname>BPs4_BP36</varname>
        <sortorder>37</sortorder>
        <label>Cuando pienso en ello, realmente con los a&#xF1;os no he mejorado mucho como persona.</label>
        <groupsection idref="1"/>
        <box>
          <tlx>1199</tlx>
          <tly>3125</tly>
          <brx>1258</brx>
          <bry>3184</bry>
          <value>BP1</value>
          <label>1. Completamente en desacuerdo</label>
        </box>
        <box>
          <tlx>1352</tlx>
          <tly>3125</tly>
          <brx>1411</brx>
          <bry>3184</bry>
          <value>BP2</value>
          <label>2. Moderadamente en desacuerdo</label>
        </box>
        <box>
          <tlx>1506</tlx>
          <tly>3125</tly>
          <brx>1565</brx>
          <bry>3184</bry>
          <value>BP3</value>
          <label>3. Ligeramente en desacuerdo</label>
        </box>
        <box>
          <tlx>1659</tlx>
          <tly>3125</tly>
          <brx>1719</brx>
          <bry>3184</bry>
          <value>BP4</value>
          <label>4. Ligeramente de acuerdo</label>
        </box>
        <box>
          <tlx>1813</tlx>
          <tly>3125</tly>
          <brx>1872</brx>
          <bry>3184</bry>
          <value>BP5</value>
          <label>5. Moderadamente de acuerdo</label>
        </box>
        <box>
          <tlx>1967</tlx>
          <tly>3125</tly>
          <brx>2026</brx>
          <bry>3184</bry>
          <value>BP6</value>
          <label>6. Completamente de acuerdo</label>
        </box>
      </boxgroup>
    </page>
    <page>
      <id>48288203</id>
      <tlx>283</tlx>
      <tly>283</tly>
      <trx>2197</trx>
      <try>283</try>
      <brx>2197</brx>
      <bry>3224</bry>
      <blx>283</blx>
      <bly>3224</bly>
      <rotation>0</rotation>
      <boxgroup>
        <type>1</type>
        <width>3</width>
        <varname>BPs4_BP37</varname>
        <sortorder>38</sortorder>
        <label>Tengo la sensaci&#xF3;n de que con el tiempo me he desarrollado mucho como persona .</label>
        <groupsection idref="1"/>
        <box>
          <tlx>1199</tlx>
          <tly>322</tly>
          <brx>1258</brx>
          <bry>381</bry>
          <value>BP1</value>
          <label>1. Completamente en desacuerdo</label>
        </box>
        <box>
          <tlx>1352</tlx>
          <tly>322</tly>
          <brx>1411</brx>
          <bry>381</bry>
          <value>BP2</value>
          <label>2. Moderadamente en desacuerdo</label>
        </box>
        <box>
          <tlx>1506</tlx>
          <tly>322</tly>
          <brx>1565</brx>
          <bry>381</bry>
          <value>BP3</value>
          <label>3. Ligeramente en desacuerdo</label>
        </box>
        <box>
          <tlx>1659</tlx>
          <tly>322</tly>
          <brx>1719</brx>
          <bry>381</bry>
          <value>BP4</value>
          <label>4. Ligeramente de acuerdo</label>
        </box>
        <box>
          <tlx>1813</tlx>
          <tly>322</tly>
          <brx>1872</brx>
          <bry>381</bry>
          <value>BP5</value>
          <label>5. Moderadamente de acuerdo</label>
        </box>
        <box>
          <tlx>1967</tlx>
          <tly>322</tly>
          <brx>2026</brx>
          <bry>381</bry>
          <value>BP6</value>
          <label>6. Completamente de acuerdo</label>
        </box>
      </boxgroup>
      <boxgroup>
        <type>1</type>
        <width>3</width>
        <varname>BPs4_BP38</varname>
        <sortorder>39</sortorder>
        <label>Para m&#xED;, la vida ha sido un proceso continuo de estudio, cambio y crecimiento.</label>
        <groupsection idref="1"/>
        <box>
          <tlx>1199</tlx>
          <tly>446</tly>
          <brx>1258</brx>
          <bry>505</bry>
          <value>BP1</value>
          <label>1. Completamente en desacuerdo</label>
        </box>
        <box>
          <tlx>1352</tlx>
          <tly>446</tly>
          <brx>1411</brx>
          <bry>505</bry>
          <value>BP2</value>
          <label>2. Moderadamente en desacuerdo</label>
        </box>
        <box>
          <tlx>1506</tlx>
          <tly>446</tly>
          <brx>1565</brx>
          <bry>505</bry>
          <value>BP3</value>
          <label>3. Ligeramente en desacuerdo</label>
        </box>
        <box>
          <tlx>1659</tlx>
          <tly>446</tly>
          <brx>1719</brx>
          <bry>505</bry>
          <value>BP4</value>
          <label>4. Ligeramente de acuerdo</label>
        </box>
        <box>
          <tlx>1813</tlx>
          <tly>446</tly>
          <brx>1872</brx>
          <bry>505</bry>
          <value>BP5</value>
          <label>5. Moderadamente de acuerdo</label>
        </box>
        <box>
          <tlx>1967</tlx>
          <tly>446</tly>
          <brx>2026</brx>
          <bry>505</bry>
          <value>BP6</value>
          <label>6. Completamente de acuerdo</label>
        </box>
      </boxgroup>
      <boxgroup>
        <type>1</type>
        <width>3</width>
        <varname>BPs4_BP39</varname>
        <sortorder>40</sortorder>
        <label>Si me sintiera infeliz con mi situaci&#xF3;n de vida diaria dar&#xED;a los pasos m&#xE1;s eficaces para cambiarla.</label>
        <groupsection idref="1"/>
        <box>
          <tlx>1199</tlx>
          <tly>570</tly>
          <brx>1258</brx>
          <bry>629</bry>
          <value>BP1</value>
          <label>1. Completamente en desacuerdo</label>
        </box>
        <box>
          <tlx>1352</tlx>
          <tly>570</tly>
          <brx>1411</brx>
          <bry>629</bry>
          <value>BP2</value>
          <label>2. Moderadamente en desacuerdo</label>
        </box>
        <box>
          <tlx>1506</tlx>
          <tly>570</tly>
          <brx>1565</brx>
          <bry>629</bry>
          <value>BP3</value>
          <label>3. Ligeramente en desacuerdo</label>
        </box>
        <box>
          <tlx>1659</tlx>
          <tly>570</tly>
          <brx>1719</brx>
          <bry>629</bry>
          <value>BP4</value>
          <label>4. Ligeramente de acuerdo</label>
        </box>
        <box>
          <tlx>1813</tlx>
          <tly>570</tly>
          <brx>1872</brx>
          <bry>629</bry>
          <value>BP5</value>
          <label>5. Moderadamente de acuerdo</label>
        </box>
        <box>
          <tlx>1967</tlx>
          <tly>570</tly>
          <brx>2026</brx>
          <bry>629</bry>
          <value>BP6</value>
          <label>6. Completamente de acuerdo</label>
        </box>
      </boxgroup>
    </page>
  </questionnaire>
</queXF>
