<?xml version="1.0" encoding="UTF-8"?>
<questionnaire id="482882">
  <title>Bienestar Ps.</title>
  <investigator/>
  <dataCollector/>
  <section id="212">
    <sectionInfo>
      <position>title</position>
      <text>Preguntas</text>
      <administration>self</administration>
    </sectionInfo>
    <question>
      <text>RUT (sin puntos, guión ni dígito verificador. Ejemplo si el rut es 17.736.727-1 escribir 17736727):</text>
      <response varName="RUT">
        <free>
          <format>integer</format>
          <length>8</length>
          <label/>
        </free>
      </response>
    </question>
    <question>
      <text>A continuación, usted encontrará una serie de preguntas relacionadas con distintas experiencias de su vida personal, por favor seleccione la alternativa que más lo represente.&#13;
&#13;
&lt;p&gt; &lt;/p&gt;</text>
      <subQuestion varName="BPs1_BP01">
        <text>Cuando repaso la historia de mi vida estoy contento/a con cómo han resultado las cosas.</text>
      </subQuestion>
      <subQuestion varName="BPs1_BP02">
        <text>A menudo me siento solo porque tengo pocos amigos íntimos con quienes compartir mis preocupaciones.</text>
      </subQuestion>
      <subQuestion varName="BPs1_BP03">
        <text>No tengo miedo de expresar mis opiniones, incluso cuando son opuestas a la mayoría de la gente.</text>
      </subQuestion>
      <subQuestion varName="BPs1_BP04">
        <text>Me preocupa cómo otra gente evalúa las elecciones que he hecho en mi vida.</text>
      </subQuestion>
      <subQuestion varName="BPs1_BP05">
        <text>Me resulta difícil dirigir mi vida hacia un camino que me satisfaga.</text>
      </subQuestion>
      <subQuestion varName="BPs1_BP06">
        <text>Disfruto haciendo planes para el futuro y trabajar para hacerlos realidad.</text>
      </subQuestion>
      <subQuestion varName="BPs1_BP07">
        <text>En general, me siento seguro y positivo conmigo mismo.</text>
      </subQuestion>
      <subQuestion varName="BPs1_BP08">
        <text>No tengo muchas personas que quieran escucharme cuando necesito hablar.</text>
      </subQuestion>
      <subQuestion varName="BPs1_BP09">
        <text>Tiendo preocuparme sobre lo que otra gente piensa de mí.</text>
      </subQuestion>
      <subQuestion varName="BPs1_BP10">
        <text>Me juzgo por lo que yo creo que es importante, no por los valores que otros piensan que es importante.</text>
      </subQuestion>
      <response varName="BPs1">
        <fixed>
          <category>
            <label>1. Completamente en desacuerdo</label>
            <value>BP1</value>
          </category>
          <category>
            <label>2. Moderadamente en desacuerdo</label>
            <value>BP2</value>
          </category>
          <category>
            <label>3. Ligeramente en desacuerdo</label>
            <value>BP3</value>
          </category>
          <category>
            <label>4. Ligeramente de acuerdo</label>
            <value>BP4</value>
          </category>
          <category>
            <label>5. Moderadamente de acuerdo</label>
            <value>BP5</value>
          </category>
          <category>
            <label>6. Completamente de acuerdo</label>
            <value>BP6</value>
          </category>
        </fixed>
      </response>
    </question>
    <question>
      <subQuestion varName="BPs2_BP11">
        <text>He sido capaz de construir un hogar y un modo de vida a mi gusto.</text>
      </subQuestion>
      <subQuestion varName="BPs2_BP12">
        <text>Soy una persona activa al realizar los proyectos que propuse para mí mismo/a.</text>
      </subQuestion>
      <subQuestion varName="BPs2_BP13">
        <text>Si tuviera la oportunidad, hay muchas cosas de mí mismo que cambiaría.</text>
      </subQuestion>
      <subQuestion varName="BPs2_BP14">
        <text>Siento que mis amistades aportan muchas cosas.</text>
      </subQuestion>
      <subQuestion varName="BPs2_BP15">
        <text>Tiendo a estar influenciado por la gente con fuertes convicciones.</text>
      </subQuestion>
      <subQuestion varName="BPs2_BP16">
        <text>En general, siento que soy responsable de la situación en la que vivo.</text>
      </subQuestion>
      <subQuestion varName="BPs2_BP17">
        <text>Me siento bien cuando pienso en lo que he hecho en el pasado y lo que espero hacer en el futuro.</text>
      </subQuestion>
      <subQuestion varName="BPs2_BP18">
        <text>Mis objetivos en la vida han sido más una fuente de satisfacción que de frustración para mi.</text>
      </subQuestion>
      <subQuestion varName="BPs2_BP19">
        <text>Me gusta la mayor parte de los aspectos de mi personalidad.</text>
      </subQuestion>
      <subQuestion varName="BPs2_BP20">
        <text>Me parece que la mayoría de las personas tiene más amigos que yo.</text>
      </subQuestion>
      <response varName="BPs2">
        <fixed>
          <category>
            <label>1. Completamente en desacuerdo</label>
            <value>BP1</value>
          </category>
          <category>
            <label>2. Moderadamente en desacuerdo</label>
            <value>BP2</value>
          </category>
          <category>
            <label>3. Ligeramente en desacuerdo</label>
            <value>BP3</value>
          </category>
          <category>
            <label>4. Ligeramente de acuerdo</label>
            <value>BP4</value>
          </category>
          <category>
            <label>5. Moderadamente de acuerdo</label>
            <value>BP5</value>
          </category>
          <category>
            <label>6. Completamente de acuerdo</label>
            <value>BP6</value>
          </category>
        </fixed>
      </response>
    </question>
    <question>
      <subQuestion varName="BPs3_BP21">
        <text>Tengo confianza en mis opiniones aún si son contrarias al consenso general.</text>
      </subQuestion>
      <subQuestion varName="BPs3_BP22">
        <text>Las demandas de la vida diaria a menudo me deprimen.</text>
      </subQuestion>
      <subQuestion varName="BPs3_BP23">
        <text>Tengo clara la dirección y el sentido de mi vida.</text>
      </subQuestion>
      <subQuestion varName="BPs3_BP24">
        <text>En general, con el tiempo siento que sigo aprendiendo más sobre mi mismo.</text>
      </subQuestion>
      <subQuestion varName="BPs3_BP25">
        <text>En muchos aspectos, me siento decepcionado de mis logros en la vida.</text>
      </subQuestion>
      <subQuestion varName="BPs3_BP26">
        <text>No he experimentado muchas relaciones cercanas y de confianza.</text>
      </subQuestion>
      <subQuestion varName="BPs3_BP27">
        <text>Es difícil para mí expresar mis propias opiniones en asuntos polémicos.</text>
      </subQuestion>
      <subQuestion varName="BPs3_BP28">
        <text>Soy bastante bueno/a manejando muchas de mis responsabilidades en la vida diaria.</text>
      </subQuestion>
      <subQuestion varName="BPs3_BP29">
        <text>No tengo claro qué es lo que intento conseguir en la vida.</text>
      </subQuestion>
      <subQuestion varName="BPs3_BP30">
        <text>Hace mucho tiempo que dejé de intentar hacer grandes mejoras o cambios en mi vida.</text>
      </subQuestion>
      <response varName="BPs3">
        <fixed>
          <category>
            <label>1. Completamente en desacuerdo</label>
            <value>BP1</value>
          </category>
          <category>
            <label>2. Moderadamente en desacuerdo</label>
            <value>BP2</value>
          </category>
          <category>
            <label>3. Ligeramente en desacuerdo</label>
            <value>BP3</value>
          </category>
          <category>
            <label>4. Ligeramente de acuerdo</label>
            <value>BP4</value>
          </category>
          <category>
            <label>5. Moderadamente de acuerdo</label>
            <value>BP5</value>
          </category>
          <category>
            <label>6. Completamente de acuerdo</label>
            <value>BP6</value>
          </category>
        </fixed>
      </response>
    </question>
    <question>
      <subQuestion varName="BPs4_BP31">
        <text>En su mayor parte, me siento orgulloso/a de quien soy y de la vida que llevo.</text>
      </subQuestion>
      <subQuestion varName="BPs4_BP32">
        <text>Sé que puedo confiar en mis amigos, y ellos saben que pueden confiar en mí.</text>
      </subQuestion>
      <subQuestion varName="BPs4_BP33">
        <text>A menudo cambio mis decisiones si mis amigos o mi familia están en desacuerdo.</text>
      </subQuestion>
      <subQuestion varName="BPs4_BP34">
        <text>No quiero intentar nuevas formas de hacer las cosas, mi vida está bien como está.</text>
      </subQuestion>
      <subQuestion varName="BPs4_BP35">
        <text>Pienso que es importante tener nuevas experiencias que desafíen lo que uno piensa sobre sí mismo y sobre el mundo.</text>
      </subQuestion>
      <subQuestion varName="BPs4_BP36">
        <text>Cuando pienso en ello, realmente con los años no he mejorado mucho como persona.</text>
      </subQuestion>
      <subQuestion varName="BPs4_BP37">
        <text>Tengo la sensación de que con el tiempo me he desarrollado mucho como persona .</text>
      </subQuestion>
      <subQuestion varName="BPs4_BP38">
        <text>Para mí, la vida ha sido un proceso continuo de estudio, cambio y crecimiento.</text>
      </subQuestion>
      <subQuestion varName="BPs4_BP39">
        <text>Si me sintiera infeliz con mi situación de vida diaria daría los pasos más eficaces para cambiarla.</text>
      </subQuestion>
      <response varName="BPs4">
        <fixed>
          <category>
            <label>1. Completamente en desacuerdo</label>
            <value>BP1</value>
          </category>
          <category>
            <label>2. Moderadamente en desacuerdo</label>
            <value>BP2</value>
          </category>
          <category>
            <label>3. Ligeramente en desacuerdo</label>
            <value>BP3</value>
          </category>
          <category>
            <label>4. Ligeramente de acuerdo</label>
            <value>BP4</value>
          </category>
          <category>
            <label>5. Moderadamente de acuerdo</label>
            <value>BP5</value>
          </category>
          <category>
            <label>6. Completamente de acuerdo</label>
            <value>BP6</value>
          </category>
        </fixed>
      </response>
    </question>
  </section>
</questionnaire>
