<?xml version="1.0" encoding="UTF-8"?>
<questionnaire id="556215">
  <title>Información Sociodemográfica</title>
  <investigator/>
  <dataCollector/>
  <section id="28">
    <sectionInfo>
      <position>title</position>
      <text>Preguntas sociodemográficas</text>
      <administration>self</administration>
    </sectionInfo>
    <sectionInfo>
      <position>before</position>
      <text>&lt;p align="JUSTIFY" class="western" lang="es-CL" style="margin-bottom: 0.35cm; line-height: 115%"&gt;&#13;
	 &lt;/p&gt;&#13;
&lt;p align="JUSTIFY" class="western" lang="es-CL" style="margin-bottom: 0.35cm; line-height: 115%"&gt;&#13;
	A continuación se le solicitan algunos datos demográficos para ser empleados como información estadística. Por favor marque las alternativas correspondientes a su situación y complete toda la información, la cual es privada.&lt;/p&gt;</text>
      <administration>self</administration>
    </sectionInfo>
    <question>
      <text>RUT (sin puntos, guión ni dígito verificador. Ejemplo si el rut es 17.736.727-1 escribir 17736727):</text>
      <response varName="RUT">
        <free>
          <format>integer</format>
          <length>8</length>
          <label/>
        </free>
      </response>
    </question>
    <question>
      <text>1. Nombre de entrevistador</text>
      <response varName="ISD01">
        <free>
          <format>text</format>
          <length>24</length>
          <label/>
        </free>
      </response>
    </question>
    <question>
      <text>2. Nombre del participante</text>
      <response varName="ISD02">
        <free>
          <format>text</format>
          <length>24</length>
          <label/>
        </free>
      </response>
    </question>
    <question>
      <text>3. Fecha de nacimiento</text>
      <response varName="ISD03">
        <free>
          <format>date</format>
          <length>8</length>
          <label/>
        </free>
      </response>
    </question>
    <question>
      <text>4. País de nacimiento</text>
      <response varName="ISD04">
        <free>
          <format>text</format>
          <length>24</length>
          <label/>
        </free>
      </response>
    </question>
    <question>
      <text>5. ¿Cuánto tiempo ha vivido en Chile?</text>
      <response varName="ISD05">
        <free>
          <format>text</format>
          <length>24</length>
          <label/>
        </free>
      </response>
    </question>
    <question>
      <text>6. Comuna de residencia</text>
      <response varName="ISD06">
        <free>
          <format>text</format>
          <length>24</length>
          <label/>
        </free>
      </response>
    </question>
    <question>
      <text>P { margin-bottom: 0cm; direction: ltr; color: rgb(0, 0, 0); line-height: 100%; text-align: justify; widows: 2; orphans: 2; }P.western { font-family: "Times New Roman",serif; font-size: 12pt; }P.cjk { font-family: "Times New Roman"; font-size: 12pt; }P.ctl { font-family: "Times New Roman"; font-size: 10pt; }&#13;
&#13;
&lt;p align="JUSTIFY" class="western" lang="es-CL" style="margin-bottom: 0.35cm; line-height: 115%"&gt;7. Género&lt;/p&gt;</text>
      <response varName="ISD07">
        <fixed>
          <category>
            <label>Femenino</label>
            <value>F</value>
          </category>
          <category>
            <label>Masculino</label>
            <value>M</value>
          </category>
        </fixed>
      </response>
    </question>
    <question>
      <text>8. ¿Cuántos años tiene?</text>
      <response varName="ISD08">
        <free>
          <format>integer</format>
          <length>10</length>
          <label/>
        </free>
      </response>
    </question>
    <question>
      <text>P { margin-bottom: 0cm; direction: ltr; color: rgb(0, 0, 0); line-height: 100%; text-align: justify; widows: 2; orphans: 2; }P.western { font-family: "Times New Roman",serif; font-size: 12pt; }P.cjk { font-family: "Times New Roman"; font-size: 12pt; }P.ctl { font-family: "Times New Roman"; font-size: 10pt; }&#13;
&#13;
&lt;p align="LEFT" class="western" lang="es-CL" style="line-height: 100%"&gt;9. ¿Cuál es su estado civil en la actualidad? Marque la alternativa correspondiente&lt;i&gt;.&lt;/i&gt;&lt;/p&gt;</text>
      <response varName="ISD09">
        <fixed>
          <category>
            <label>Soltero/a</label>
            <value>IS8p1</value>
          </category>
          <category>
            <label>Casado/a</label>
            <value>IS8p2</value>
          </category>
          <category>
            <label>Convive</label>
            <value>IS8p3</value>
          </category>
          <category>
            <label>Separado/a (de hecho)</label>
            <value>IS8p4</value>
          </category>
          <category>
            <label>Divorciado/a</label>
            <value>IS8p5</value>
          </category>
          <category>
            <label>Anulado/a</label>
            <value>IS8p6</value>
          </category>
          <category>
            <label>Viudo/a</label>
            <value>IS8p7</value>
          </category>
          <category>
            <label>Otro</label>
            <value>-oth-</value>
            <contingentQuestion varName="ISD09other">
              <text>Otro</text>
              <length>24</length>
            </contingentQuestion>
          </category>
        </fixed>
      </response>
    </question>
    <question>
      <text>P { margin-bottom: 0cm; direction: ltr; color: rgb(0, 0, 0); line-height: 100%; text-align: justify; widows: 2; orphans: 2; }P.western { font-family: "Times New Roman",serif; font-size: 12pt; }P.cjk { font-family: "Times New Roman"; font-size: 12pt; }P.ctl { font-family: "Times New Roman"; font-size: 10pt; }&#13;
&#13;
&lt;p align="JUSTIFY" class="western" lang="es-CL" style="margin-bottom: 0.35cm; line-height: 100%"&gt;10. ¿Cuántos años de matrimonio o convivencia lleva o llevaba con su pareja? &lt;/p&gt;</text>
      <response varName="ISD10">
        <free>
          <format>integer</format>
          <length>10</length>
          <label/>
        </free>
      </response>
    </question>
    <question>
      <text>P { margin-bottom: 0cm; direction: ltr; color: rgb(0, 0, 0); line-height: 100%; text-align: justify; widows: 2; orphans: 2; }P.western { font-family: "Times New Roman",serif; font-size: 12pt; }P.cjk { font-family: "Times New Roman"; font-size: 12pt; }P.ctl { font-family: "Times New Roman"; font-size: 10pt; }&#13;
&#13;
&lt;p align="JUSTIFY" class="western" lang="es-CL" style="margin-bottom: 0.35cm; line-height: 115%"&gt;11. ¿Cuántos hijos tiene? &lt;/p&gt;&#13;
&#13;
&lt;p align="JUSTIFY" lang="en-US" style="margin-left: 1.27cm; margin-right: 0.7cm; text-indent: -1.27cm; widows: 2; orphans: 2"&gt; &lt;/p&gt;</text>
      <response varName="ISD11">
        <free>
          <format>integer</format>
          <length>10</length>
          <label/>
        </free>
      </response>
    </question>
    <question>
      <text>12. Edades</text>
      <subQuestion varName="ISD12_IS12p1">
        <text>Hijo 1</text>
      </subQuestion>
      <subQuestion varName="ISD12_IS12p2">
        <text>Hijo 2</text>
      </subQuestion>
      <subQuestion varName="ISD12_IS12p3">
        <text>Hijo 3</text>
      </subQuestion>
      <subQuestion varName="ISD12_IS12p4">
        <text>Hijo 4</text>
      </subQuestion>
      <subQuestion varName="ISD12_IS12p5">
        <text>Hijo 5</text>
      </subQuestion>
      <subQuestion varName="ISD12_IS12p6">
        <text>Hijo 6</text>
      </subQuestion>
      <subQuestion varName="ISD12_IS12p7">
        <text>Hijo 7</text>
      </subQuestion>
      <subQuestion varName="ISD12_IS12p8">
        <text>Hijo 8</text>
      </subQuestion>
      <response varName="ISD12">
        <free>
          <format>integer</format>
          <length>10</length>
          <label/>
        </free>
      </response>
    </question>
    <question>
      <text>P { margin-bottom: 0cm; direction: ltr; color: rgb(0, 0, 0); line-height: 100%; text-align: justify; widows: 2; orphans: 2; }P.western { font-family: "Times New Roman",serif; font-size: 12pt; }P.cjk { font-family: "Times New Roman"; font-size: 12pt; }P.ctl { font-family: "Times New Roman"; font-size: 10pt; }&#13;
&#13;
&lt;p align="JUSTIFY" class="western" lang="es-CL" style="line-height: 115%"&gt;13. Estado maternal (en caso que aplique)&lt;/p&gt;</text>
      <response varName="ISD13">
        <fixed>
          <category>
            <label>Actualmente embarazada</label>
            <value>I13p1</value>
          </category>
          <category>
            <label>Actualmente en periodo de lactancia</label>
            <value>I13p2</value>
          </category>
          <category>
            <label>No aplica</label>
            <value>I13p3</value>
          </category>
        </fixed>
      </response>
    </question>
  </section>
  <section id="29">
    <sectionInfo>
      <position>title</position>
      <text>Educación y trabajo</text>
      <administration>self</administration>
    </sectionInfo>
    <question>
      <text>P { margin-bottom: 0cm; direction: ltr; color: rgb(0, 0, 0); line-height: 100%; text-align: justify; widows: 2; orphans: 2; }P.western { font-family: "Times New Roman",serif; font-size: 12pt; }P.cjk { font-family: "Times New Roman"; font-size: 12pt; }P.ctl { font-family: "Times New Roman"; font-size: 10pt; }&#13;
&#13;
&lt;p class="western"&gt;14. ¿Cuál es el nivel de educación que alcanzó &lt;u&gt;usted&lt;/u&gt;?&lt;/p&gt;</text>
      <response varName="ISD14">
        <fixed>
          <category>
            <label>1. Educación básica incompleta o inferior.</label>
            <value>I14p1</value>
          </category>
          <category>
            <label>2. Básica completa.</label>
            <value>I14p2</value>
          </category>
          <category>
            <label>3. Media incompleta.</label>
            <value>I14p3</value>
          </category>
          <category>
            <label>4. Media completa / Técnica incompleta.</label>
            <value>I14p4</value>
          </category>
          <category>
            <label>5. Universitaria incompleta / Técnica completa</label>
            <value>I14p5</value>
          </category>
          <category>
            <label>6. Universitaria completa.</label>
            <value>I14p6</value>
          </category>
          <category>
            <label>7. Post Grado (Master, Doctor o equivalente).</label>
            <value>I14p7</value>
          </category>
        </fixed>
      </response>
    </question>
    <question>
      <text>&lt;p&gt; &lt;/p&gt;&#13;
&#13;
&lt;p&gt;&#13;
P { margin-bottom: 0cm; direction: ltr; color: rgb(0, 0, 0); line-height: 100%; text-align: justify; widows: 2; orphans: 2; }P.western { font-family: "Times New Roman",serif; font-size: 12pt; }P.cjk { font-family: "Times New Roman"; font-size: 12pt; }P.ctl { font-family: "Times New Roman"; font-size: 10pt; }&#13;
&#13;
&lt;/p&gt;&#13;
&#13;
&lt;p class="western"&gt;15. Años de estudio:&lt;/p&gt;</text>
      <response varName="ISD15">
        <free>
          <format>integer</format>
          <length>2</length>
          <label/>
        </free>
      </response>
    </question>
    <question>
      <text>P { margin-bottom: 0cm; direction: ltr; color: rgb(0, 0, 0); line-height: 100%; text-align: justify; widows: 2; orphans: 2; }P.western { font-family: "Times New Roman",serif; font-size: 12pt; }P.cjk { font-family: "Times New Roman"; font-size: 12pt; }P.ctl { font-family: "Times New Roman"; font-size: 10pt; }&#13;
&#13;
&lt;p class="western"&gt;16. ¿Cuál es el nivel de educación que alcanzó la &lt;u&gt;persona que aporta el ingreso principal&lt;/u&gt; de este hogar?&lt;/p&gt;</text>
      <response varName="ISD16">
        <fixed>
          <category>
            <label>1. Educación básica incompleta o inferior.</label>
            <value>I16p1</value>
          </category>
          <category>
            <label>2. Básica completa.</label>
            <value>I16p2</value>
          </category>
          <category>
            <label>3. Media incompleta.</label>
            <value>I16p3</value>
          </category>
          <category>
            <label>4. Media completa / Técnica incompleta.</label>
            <value>I16p4</value>
          </category>
          <category>
            <label>5. Universitaria incompleta / Técnica completa</label>
            <value>I16p5</value>
          </category>
          <category>
            <label>6. Universitaria completa.</label>
            <value>I16p6</value>
          </category>
          <category>
            <label>7. Post Grado (Master, Doctor o equivalente).</label>
            <value>I16p7</value>
          </category>
        </fixed>
      </response>
    </question>
    <question>
      <text>P { margin-bottom: 0cm; direction: ltr; color: rgb(0, 0, 0); line-height: 100%; text-align: justify; widows: 2; orphans: 2; }P.western { font-family: "Times New Roman",serif; font-size: 12pt; }P.cjk { font-family: "Times New Roman"; font-size: 12pt; }P.ctl { font-family: "Times New Roman"; font-size: 10pt; }&#13;
&#13;
&lt;p class="western"&gt;17. De los siguientes bienes ¿de cuáles dispone su hogar?&lt;/p&gt;</text>
      <subQuestion varName="ISD17_I17p1">
        <text>1. Automóvil</text>
      </subQuestion>
      <subQuestion varName="ISD17_I17p2">
        <text>2. Computador</text>
      </subQuestion>
      <subQuestion varName="ISD17_I17p3">
        <text>3. Horno Microonda.</text>
      </subQuestion>
      <subQuestion varName="ISD17_I17p4">
        <text>4. Cámara de video filmadora</text>
      </subQuestion>
      <subQuestion varName="ISD17_I17p5">
        <text>5. Califont u otro sistema de ducha caliente</text>
      </subQuestion>
      <subQuestion varName="ISD17_I17p6">
        <text>6. Servicio de TV Cable</text>
      </subQuestion>
      <response varName="ISD17">
        <fixed>
          <category>
            <label>Si</label>
            <value>IS171</value>
          </category>
          <category>
            <label>No</label>
            <value>IS172</value>
          </category>
        </fixed>
      </response>
    </question>
    <question>
      <text>P { margin-bottom: 0cm; direction: ltr; color: rgb(0, 0, 0); line-height: 100%; text-align: justify; widows: 2; orphans: 2; }P.western { font-family: "Times New Roman",serif; font-size: 12pt; }P.cjk { font-family: "Times New Roman"; font-size: 12pt; }P.ctl { font-family: "Times New Roman"; font-size: 10pt; }&#13;
&#13;
&lt;p class="western"&gt;18. ¿Cuenta con servicio doméstico?&lt;/p&gt;</text>
      <response varName="ISD18">
        <fixed>
          <category>
            <label>Sí</label>
            <value>Y</value>
          </category>
          <category>
            <label>No</label>
            <value>N</value>
          </category>
        </fixed>
      </response>
    </question>
    <question>
      <text>P { margin-bottom: 0cm; direction: ltr; color: rgb(0, 0, 0); line-height: 100%; text-align: justify; widows: 2; orphans: 2; }P.western { font-family: "Times New Roman",serif; font-size: 12pt; }P.cjk { font-family: "Times New Roman"; font-size: 12pt; }P.ctl { font-family: "Times New Roman"; font-size: 10pt; }&#13;
&#13;
&lt;p class="western"&gt;19. ¿Usted trabaja remuneradamente?&lt;/p&gt;</text>
      <response varName="ISD19">
        <fixed>
          <category>
            <label>Sí</label>
            <value>Y</value>
          </category>
          <category>
            <label>No</label>
            <value>N</value>
          </category>
        </fixed>
      </response>
    </question>
    <question>
      <text>P { margin-bottom: 0cm; direction: ltr; color: rgb(0, 0, 0); line-height: 100%; text-align: justify; widows: 2; orphans: 2; }P.western { font-family: "Times New Roman",serif; font-size: 12pt; }P.cjk { font-family: "Times New Roman"; font-size: 12pt; }P.ctl { font-family: "Times New Roman"; font-size: 10pt; }&#13;
&#13;
&lt;p align="JUSTIFY" class="western" lang="es-CL" style="line-height: 115%"&gt;20. Durante los últimos 12 meses ¿Cuántos meses ha estado empleado? (incluya trabajos independientes)&lt;/p&gt;&#13;
&#13;
&lt;p align="JUSTIFY" class="western" lang="es-CL" style="line-height: 115%"&gt; &lt;/p&gt;</text>
      <response varName="ISD20">
        <free>
          <format>integer</format>
          <length>10</length>
          <label/>
        </free>
      </response>
    </question>
    <question>
      <text>P { margin-bottom: 0cm; direction: ltr; color: rgb(0, 0, 0); line-height: 100%; text-align: justify; widows: 2; orphans: 2; }P.western { font-family: "Times New Roman",serif; font-size: 12pt; }P.cjk { font-family: "Times New Roman"; font-size: 12pt; }P.ctl { font-family: "Times New Roman"; font-size: 10pt; }&#13;
&#13;
&lt;p align="JUSTIFY" class="western" lang="es-CL" style="line-height: 115%"&gt;21. ¿Cuál es su situación ocupacional actual? &lt;/p&gt;</text>
      <response varName="ISD21">
        <fixed>
          <category>
            <label>1. Trabaja a tiempo completo</label>
            <value>I21p1</value>
          </category>
          <category>
            <label>2. Trabaja a tiempo parcial</label>
            <value>I21p2</value>
          </category>
          <category>
            <label>3. Trabaja esporádicamente</label>
            <value>I21p3</value>
          </category>
          <category>
            <label>4. Está desempleado/a, pero busca trabajo</label>
            <value>I21p4</value>
          </category>
          <category>
            <label>5. Es estudiante</label>
            <value>I21p5</value>
          </category>
          <category>
            <label>6. No trabaja, ni busca trabajo</label>
            <value>I21p6</value>
          </category>
          <category>
            <label>7. Es dueña/o de casa</label>
            <value>I21p7</value>
          </category>
          <category>
            <label>8. Está jubilado/a o pensionado/a</label>
            <value>I21p8</value>
          </category>
          <category>
            <label>9. Es rentista</label>
            <value>I21p9</value>
          </category>
          <category>
            <label>10. No sabe/No responde</label>
            <value>I21p0</value>
          </category>
        </fixed>
      </response>
    </question>
    <question>
      <text>P { margin-bottom: 0cm; direction: ltr; color: rgb(0, 0, 0); line-height: 100%; text-align: justify; widows: 2; orphans: 2; }P.western { font-family: "Times New Roman",serif; font-size: 12pt; }P.cjk { font-family: "Times New Roman"; font-size: 12pt; }P.ctl { font-family: "Times New Roman"; font-size: 10pt; }&#13;
&#13;
&lt;p class="western"&gt;22 .¿Cuál es su profesión o trabajo?&lt;/p&gt;</text>
      <response varName="ISD22">
        <fixed>
          <category>
            <label>1. Trabajos ocasionales e informales (dueña/o de casa, lavado, aseo, servicio doméstico, ocasional, “pololos”, cuidador de autos, limosna, etc.).</label>
            <value>I22p1</value>
          </category>
          <category>
            <label>2. Obrero no calificado, jornalero, servicio doméstico con contrato.</label>
            <value>I22p2</value>
          </category>
          <category>
            <label>3. Obrero calificado, capataz, junior, microempresario (kiosco, taxi, comercio menor, ambulantes).</label>
            <value>I22p3</value>
          </category>
          <category>
            <label>4. Empleado administrativo medio y bajo, vendedor, secretaria, jefe de sección. Técnico especializado. Profesional independiente de carreras técnicas (contador, analista de sistemas, diseñador, músico). Profesor Primario y Secundario.</label>
            <value>I22p4</value>
          </category>
          <category>
            <label>5. Ejecutivo medio (gerente, y subgerente), gerente general de empresa media o pequeña. Profesional dependiente e independiente de carreras tradicionales (abogado, médico, arquitecto, ingeniero, agrónomo).</label>
            <value>I22p5</value>
          </category>
          <category>
            <label>6. Alto ejecutivo (gerente general) de empresa grande. Directores de grandes empresas. Empresarios propietarios de empresas medianas y grandes. Profesionales independientes de gran prestigio.</label>
            <value>I22p6</value>
          </category>
          <category>
            <label>Otro</label>
            <value>-oth-</value>
            <contingentQuestion varName="ISD22other">
              <text>Otro</text>
              <length>24</length>
            </contingentQuestion>
          </category>
        </fixed>
      </response>
    </question>
    <question>
      <text>23. ¿En qué lugar o tipo de empresa trabaja usted?</text>
      <response varName="ISD23">
        <free>
          <format>text</format>
          <length>24</length>
          <label/>
        </free>
      </response>
    </question>
    <question>
      <text>P { margin-bottom: 0cm; direction: ltr; color: rgb(0, 0, 0); line-height: 100%; text-align: justify; widows: 2; orphans: 2; }P.western { font-family: "Times New Roman",serif; font-size: 12pt; }P.cjk { font-family: "Times New Roman"; font-size: 12pt; }P.ctl { font-family: "Times New Roman"; font-size: 10pt; }&#13;
&#13;
&lt;p class="western"&gt;24. ¿Cuál es la profesión o trabajo de la &lt;u&gt;persona que aporta el principal ingreso&lt;/u&gt; de este hogar?&lt;/p&gt;</text>
      <response varName="ISD24">
        <fixed>
          <category>
            <label>1. Trabajos ocasionales e informales (lavado, aseo, servicio doméstico, ocasional, “pololos”, cuidador de autos, limosna, etc.).</label>
            <value>I24p1</value>
          </category>
          <category>
            <label>2. Obrero no calificado, jornalero, servicio doméstico con contrato.</label>
            <value>I24p2</value>
          </category>
          <category>
            <label>3. Obrero calificado, capataz, junior, microempresario (kiosco, taxi, comercio menor, ambulantes).</label>
            <value>I24p3</value>
          </category>
          <category>
            <label>4. Empleado administrativo medio y bajo, vendedor, secretaria, jefe de sección. Técnico especializado. Profesional independiente de carreras técnicas (contador, analista de sistemas, diseñador, músico). Profesor Primario y Secundario.</label>
            <value>I24p4</value>
          </category>
          <category>
            <label>5. Ejecutivo medio (gerente, y subgerente), gerente general de empresa media o pequeña. Profesional dependiente e independiente de carreras tradicionales (abogado, médico, arquitecto, ingeniero, agrónomo).</label>
            <value>I24p5</value>
          </category>
          <category>
            <label>6. Alto ejecutivo (gerente general) de empresa grande. Directores de grandes empresas. Empresarios propietarios de empresas medianas y grandes. Profesionales independientes de gran prestigio.</label>
            <value>I24p6</value>
          </category>
        </fixed>
      </response>
    </question>
    <question>
      <text>&lt;p&gt;25. ¿En qué lugar o tipo de empresa trabaja la persona que aporta el principal ingreso de este hogar?&lt;/p&gt;</text>
      <response varName="ISD25">
        <free>
          <format>text</format>
          <length>24</length>
          <label/>
        </free>
      </response>
    </question>
  </section>
  <section id="31">
    <sectionInfo>
      <position>title</position>
      <text>Salud emocional</text>
      <administration>self</administration>
    </sectionInfo>
    <question>
      <text>P { margin-bottom: 0cm; direction: ltr; color: rgb(0, 0, 0); line-height: 100%; text-align: justify; widows: 2; orphans: 2; }P.western { font-family: "Times New Roman",serif; font-size: 12pt; }P.cjk { font-family: "Times New Roman"; font-size: 12pt; }P.ctl { font-family: "Times New Roman"; font-size: 10pt; }&#13;
&#13;
&lt;p align="JUSTIFY" class="western" lang="es-CL" style="line-height: 115%"&gt;26. ¿Usted ha vivido en algún lugar restringido/supervisado en los últimos 30 días? Como por ejemplo; tratamiento hospitalario, cárcel, etc.&lt;/p&gt;</text>
      <response varName="IS231">
        <fixed>
          <category>
            <label>No</label>
            <value>1</value>
          </category>
        </fixed>
      </response>
      <response varName="IS232">
        <fixed>
          <category>
            <label>Detenido o preso en la cárcel</label>
            <value>1</value>
          </category>
        </fixed>
      </response>
      <response varName="IS233">
        <fixed>
          <category>
            <label>Comunidad terapéutica o unidad de internación hospitalaria para tratamiento de Alcohol o drogas</label>
            <value>1</value>
          </category>
        </fixed>
      </response>
      <response varName="IS234">
        <fixed>
          <category>
            <label>Hospital general o clínica privada</label>
            <value>1</value>
          </category>
        </fixed>
      </response>
      <response varName="IS235">
        <fixed>
          <category>
            <label>Hospital o clínica Psiquiátrica</label>
            <value>1</value>
          </category>
        </fixed>
      </response>
      <response varName="ISD26J">
        <fixed>
          <category>
            <label>Otro</label>
            <value>1</value>
            <contingentQuestion varName="ISD26other">
              <text>Otro</text>
              <length>24</length>
            </contingentQuestion>
          </category>
        </fixed>
      </response>
    </question>
    <question>
      <text>27. ¿Cuántos días ha estado allí?</text>
      <response varName="ISD27">
        <free>
          <format>integer</format>
          <length>10</length>
          <label/>
        </free>
      </response>
    </question>
    <question>
      <text>P { margin-bottom: 0cm; direction: ltr; color: rgb(0, 0, 0); line-height: 100%; text-align: justify; widows: 2; orphans: 2; }P.western { font-family: "Times New Roman",serif; font-size: 12pt; }P.cjk { font-family: "Times New Roman"; font-size: 12pt; }P.ctl { font-family: "Times New Roman"; font-size: 10pt; }&#13;
&#13;
&lt;p align="JUSTIFY" class="western" lang="es-CL" style="line-height: 115%"&gt;28. Durante los últimos 12 meses ¿Ha sido diagnosticado y/o tratado por algún problema Psicológico o Psiquiátrico?&lt;/p&gt;</text>
      <response varName="ISD28">
        <fixed>
          <category>
            <label>Sí</label>
            <value>Y</value>
          </category>
          <category>
            <label>No</label>
            <value>N</value>
          </category>
        </fixed>
      </response>
    </question>
    <question>
      <text>P { margin-bottom: 0cm; direction: ltr; color: rgb(0, 0, 0); line-height: 100%; text-align: justify; widows: 2; orphans: 2; }P.western { font-family: "Times New Roman",serif; font-size: 12pt; }P.cjk { font-family: "Times New Roman"; font-size: 12pt; }P.ctl { font-family: "Times New Roman"; font-size: 10pt; }&#13;
&#13;
&lt;p align="JUSTIFY" class="western" lang="es-CL" style="line-height: 115%"&gt;29. En caso de responder si ¿Cuál&lt;/p&gt;</text>
      <response varName="ISD29">
        <free>
          <format>text</format>
          <length>24</length>
          <label/>
        </free>
      </response>
    </question>
  </section>
</questionnaire>
