<?xml version="1.0"?>
<queXF>
  <questionnaire>
    <id>427728</id>
    <section id="1">
      <label>Preguntas</label>
      <title>Section A</title>
    </section>
    <page>
      <id>42772801</id>
      <tlx>283</tlx>
      <tly>283</tly>
      <trx>2197</trx>
      <try>283</try>
      <brx>2197</brx>
      <bry>3224</bry>
      <blx>283</blx>
      <bly>3224</bly>
      <rotation>0</rotation>
      <boxgroup>
        <type>4</type>
        <width>8</width>
        <varname>RUT</varname>
        <sortorder>1</sortorder>
        <label>RUT (sin puntos, gui&#xF3;n ni d&#xED;gito verificador. Ejemplo si el rut es 17.736.727-1 escribir 17736727):</label>
        <groupsection idref="1"/>
        <box>
          <tlx>1515</tlx>
          <tly>509</tly>
          <brx>1586</brx>
          <bry>603</bry>
          <value></value>
          <label></label>
        </box>
        <box>
          <tlx>1588</tlx>
          <tly>509</tly>
          <brx>1659</brx>
          <bry>603</bry>
          <value></value>
          <label></label>
        </box>
        <box>
          <tlx>1661</tlx>
          <tly>509</tly>
          <brx>1731</brx>
          <bry>603</bry>
          <value></value>
          <label></label>
        </box>
        <box>
          <tlx>1733</tlx>
          <tly>509</tly>
          <brx>1804</brx>
          <bry>603</bry>
          <value></value>
          <label></label>
        </box>
        <box>
          <tlx>1806</tlx>
          <tly>509</tly>
          <brx>1877</brx>
          <bry>603</bry>
          <value></value>
          <label></label>
        </box>
        <box>
          <tlx>1879</tlx>
          <tly>509</tly>
          <brx>1949</brx>
          <bry>603</bry>
          <value></value>
          <label></label>
        </box>
        <box>
          <tlx>1951</tlx>
          <tly>509</tly>
          <brx>2022</brx>
          <bry>603</bry>
          <value></value>
          <label></label>
        </box>
        <box>
          <tlx>2024</tlx>
          <tly>509</tly>
          <brx>2095</brx>
          <bry>603</bry>
          <value></value>
          <label></label>
        </box>
      </boxgroup>
      <boxgroup>
        <type>3</type>
        <width>10</width>
        <varname>Vocabulario_Voc01</varname>
        <sortorder>2</sortorder>
        <label>&lt;p align="center" class="western" lang="es-MX"&gt;&#xA0;Entrevistador: Ahora le voy a pedir que me diga a qu&#xE9; corresponden las figuras que le mostrar&#xE9;. Luego de eso le pedir&#xE9; que describa y explique el significado de distintas palabras. &lt;/p&gt;&#xD;
&#xD;
&lt;p align="center" class="western" lang="es-MX"&gt;&lt;em&gt;El entrevistador anota la respuesta dada por el participante. &lt;/em&gt;&lt;/p&gt;&#xD;
&#xD;
&lt;p align="center" class="western" lang="es-MX"&gt;&lt;em&gt;Suspende cuando hay 3 palabras consecutivas que la persona no sabe (escribir 0 desde ah&#xED; en adelante).&#xA0; &lt;/em&gt;&lt;/p&gt; : 1. Mostrar figura item 1 (libro)</label>
        <groupsection idref="1"/>
        <box>
          <tlx>1370</tlx>
          <tly>1139</tly>
          <brx>1441</brx>
          <bry>1233</bry>
          <value></value>
          <label></label>
        </box>
        <box>
          <tlx>1443</tlx>
          <tly>1139</tly>
          <brx>1514</brx>
          <bry>1233</bry>
          <value></value>
          <label></label>
        </box>
        <box>
          <tlx>1515</tlx>
          <tly>1139</tly>
          <brx>1586</brx>
          <bry>1233</bry>
          <value></value>
          <label></label>
        </box>
        <box>
          <tlx>1588</tlx>
          <tly>1139</tly>
          <brx>1659</brx>
          <bry>1233</bry>
          <value></value>
          <label></label>
        </box>
        <box>
          <tlx>1661</tlx>
          <tly>1139</tly>
          <brx>1731</brx>
          <bry>1233</bry>
          <value></value>
          <label></label>
        </box>
        <box>
          <tlx>1733</tlx>
          <tly>1139</tly>
          <brx>1804</brx>
          <bry>1233</bry>
          <value></value>
          <label></label>
        </box>
        <box>
          <tlx>1806</tlx>
          <tly>1139</tly>
          <brx>1877</brx>
          <bry>1233</bry>
          <value></value>
          <label></label>
        </box>
        <box>
          <tlx>1879</tlx>
          <tly>1139</tly>
          <brx>1949</brx>
          <bry>1233</bry>
          <value></value>
          <label></label>
        </box>
        <box>
          <tlx>1951</tlx>
          <tly>1139</tly>
          <brx>2022</brx>
          <bry>1233</bry>
          <value></value>
          <label></label>
        </box>
        <box>
          <tlx>2024</tlx>
          <tly>1139</tly>
          <brx>2095</brx>
          <bry>1233</bry>
          <value></value>
          <label></label>
        </box>
      </boxgroup>
      <boxgroup>
        <type>3</type>
        <width>10</width>
        <varname>Vocabulario_Voc02</varname>
        <sortorder>3</sortorder>
        <label>&lt;p align="center" class="western" lang="es-MX"&gt;&#xA0;Entrevistador: Ahora le voy a pedir que me diga a qu&#xE9; corresponden las figuras que le mostrar&#xE9;. Luego de eso le pedir&#xE9; que describa y explique el significado de distintas palabras. &lt;/p&gt;&#xD;
&#xD;
&lt;p align="center" class="western" lang="es-MX"&gt;&lt;em&gt;El entrevistador anota la respuesta dada por el participante. &lt;/em&gt;&lt;/p&gt;&#xD;
&#xD;
&lt;p align="center" class="western" lang="es-MX"&gt;&lt;em&gt;Suspende cuando hay 3 palabras consecutivas que la persona no sabe (escribir 0 desde ah&#xED; en adelante).&#xA0; &lt;/em&gt;&lt;/p&gt; : 2. Mostrar figura item 2 (avi&#xF3;n)</label>
        <groupsection idref="1"/>
        <box>
          <tlx>1370</tlx>
          <tly>1257</tly>
          <brx>1441</brx>
          <bry>1351</bry>
          <value></value>
          <label></label>
        </box>
        <box>
          <tlx>1443</tlx>
          <tly>1257</tly>
          <brx>1514</brx>
          <bry>1351</bry>
          <value></value>
          <label></label>
        </box>
        <box>
          <tlx>1515</tlx>
          <tly>1257</tly>
          <brx>1586</brx>
          <bry>1351</bry>
          <value></value>
          <label></label>
        </box>
        <box>
          <tlx>1588</tlx>
          <tly>1257</tly>
          <brx>1659</brx>
          <bry>1351</bry>
          <value></value>
          <label></label>
        </box>
        <box>
          <tlx>1661</tlx>
          <tly>1257</tly>
          <brx>1731</brx>
          <bry>1351</bry>
          <value></value>
          <label></label>
        </box>
        <box>
          <tlx>1733</tlx>
          <tly>1257</tly>
          <brx>1804</brx>
          <bry>1351</bry>
          <value></value>
          <label></label>
        </box>
        <box>
          <tlx>1806</tlx>
          <tly>1257</tly>
          <brx>1877</brx>
          <bry>1351</bry>
          <value></value>
          <label></label>
        </box>
        <box>
          <tlx>1879</tlx>
          <tly>1257</tly>
          <brx>1949</brx>
          <bry>1351</bry>
          <value></value>
          <label></label>
        </box>
        <box>
          <tlx>1951</tlx>
          <tly>1257</tly>
          <brx>2022</brx>
          <bry>1351</bry>
          <value></value>
          <label></label>
        </box>
        <box>
          <tlx>2024</tlx>
          <tly>1257</tly>
          <brx>2095</brx>
          <bry>1351</bry>
          <value></value>
          <label></label>
        </box>
      </boxgroup>
      <boxgroup>
        <type>3</type>
        <width>10</width>
        <varname>Vocabulario_Voc03</varname>
        <sortorder>4</sortorder>
        <label>&lt;p align="center" class="western" lang="es-MX"&gt;&#xA0;Entrevistador: Ahora le voy a pedir que me diga a qu&#xE9; corresponden las figuras que le mostrar&#xE9;. Luego de eso le pedir&#xE9; que describa y explique el significado de distintas palabras. &lt;/p&gt;&#xD;
&#xD;
&lt;p align="center" class="western" lang="es-MX"&gt;&lt;em&gt;El entrevistador anota la respuesta dada por el participante. &lt;/em&gt;&lt;/p&gt;&#xD;
&#xD;
&lt;p align="center" class="western" lang="es-MX"&gt;&lt;em&gt;Suspende cuando hay 3 palabras consecutivas que la persona no sabe (escribir 0 desde ah&#xED; en adelante).&#xA0; &lt;/em&gt;&lt;/p&gt; : 3. Mostrar figura item 3 (canasto)</label>
        <groupsection idref="1"/>
        <box>
          <tlx>1370</tlx>
          <tly>1375</tly>
          <brx>1441</brx>
          <bry>1469</bry>
          <value></value>
          <label></label>
        </box>
        <box>
          <tlx>1443</tlx>
          <tly>1375</tly>
          <brx>1514</brx>
          <bry>1469</bry>
          <value></value>
          <label></label>
        </box>
        <box>
          <tlx>1515</tlx>
          <tly>1375</tly>
          <brx>1586</brx>
          <bry>1469</bry>
          <value></value>
          <label></label>
        </box>
        <box>
          <tlx>1588</tlx>
          <tly>1375</tly>
          <brx>1659</brx>
          <bry>1469</bry>
          <value></value>
          <label></label>
        </box>
        <box>
          <tlx>1661</tlx>
          <tly>1375</tly>
          <brx>1731</brx>
          <bry>1469</bry>
          <value></value>
          <label></label>
        </box>
        <box>
          <tlx>1733</tlx>
          <tly>1375</tly>
          <brx>1804</brx>
          <bry>1469</bry>
          <value></value>
          <label></label>
        </box>
        <box>
          <tlx>1806</tlx>
          <tly>1375</tly>
          <brx>1877</brx>
          <bry>1469</bry>
          <value></value>
          <label></label>
        </box>
        <box>
          <tlx>1879</tlx>
          <tly>1375</tly>
          <brx>1949</brx>
          <bry>1469</bry>
          <value></value>
          <label></label>
        </box>
        <box>
          <tlx>1951</tlx>
          <tly>1375</tly>
          <brx>2022</brx>
          <bry>1469</bry>
          <value></value>
          <label></label>
        </box>
        <box>
          <tlx>2024</tlx>
          <tly>1375</tly>
          <brx>2095</brx>
          <bry>1469</bry>
          <value></value>
          <label></label>
        </box>
      </boxgroup>
      <boxgroup>
        <type>3</type>
        <width>10</width>
        <varname>Vocabulario_Voc04</varname>
        <sortorder>5</sortorder>
        <label>&lt;p align="center" class="western" lang="es-MX"&gt;&#xA0;Entrevistador: Ahora le voy a pedir que me diga a qu&#xE9; corresponden las figuras que le mostrar&#xE9;. Luego de eso le pedir&#xE9; que describa y explique el significado de distintas palabras. &lt;/p&gt;&#xD;
&#xD;
&lt;p align="center" class="western" lang="es-MX"&gt;&lt;em&gt;El entrevistador anota la respuesta dada por el participante. &lt;/em&gt;&lt;/p&gt;&#xD;
&#xD;
&lt;p align="center" class="western" lang="es-MX"&gt;&lt;em&gt;Suspende cuando hay 3 palabras consecutivas que la persona no sabe (escribir 0 desde ah&#xED; en adelante).&#xA0; &lt;/em&gt;&lt;/p&gt; : 4. CAMA</label>
        <groupsection idref="1"/>
        <box>
          <tlx>1370</tlx>
          <tly>1493</tly>
          <brx>1441</brx>
          <bry>1588</bry>
          <value></value>
          <label></label>
        </box>
        <box>
          <tlx>1443</tlx>
          <tly>1493</tly>
          <brx>1514</brx>
          <bry>1588</bry>
          <value></value>
          <label></label>
        </box>
        <box>
          <tlx>1515</tlx>
          <tly>1493</tly>
          <brx>1586</brx>
          <bry>1588</bry>
          <value></value>
          <label></label>
        </box>
        <box>
          <tlx>1588</tlx>
          <tly>1493</tly>
          <brx>1659</brx>
          <bry>1588</bry>
          <value></value>
          <label></label>
        </box>
        <box>
          <tlx>1661</tlx>
          <tly>1493</tly>
          <brx>1731</brx>
          <bry>1588</bry>
          <value></value>
          <label></label>
        </box>
        <box>
          <tlx>1733</tlx>
          <tly>1493</tly>
          <brx>1804</brx>
          <bry>1588</bry>
          <value></value>
          <label></label>
        </box>
        <box>
          <tlx>1806</tlx>
          <tly>1493</tly>
          <brx>1877</brx>
          <bry>1588</bry>
          <value></value>
          <label></label>
        </box>
        <box>
          <tlx>1879</tlx>
          <tly>1493</tly>
          <brx>1949</brx>
          <bry>1588</bry>
          <value></value>
          <label></label>
        </box>
        <box>
          <tlx>1951</tlx>
          <tly>1493</tly>
          <brx>2022</brx>
          <bry>1588</bry>
          <value></value>
          <label></label>
        </box>
        <box>
          <tlx>2024</tlx>
          <tly>1493</tly>
          <brx>2095</brx>
          <bry>1588</bry>
          <value></value>
          <label></label>
        </box>
      </boxgroup>
      <boxgroup>
        <type>3</type>
        <width>10</width>
        <varname>Vocabulario_Voc05</varname>
        <sortorder>6</sortorder>
        <label>&lt;p align="center" class="western" lang="es-MX"&gt;&#xA0;Entrevistador: Ahora le voy a pedir que me diga a qu&#xE9; corresponden las figuras que le mostrar&#xE9;. Luego de eso le pedir&#xE9; que describa y explique el significado de distintas palabras. &lt;/p&gt;&#xD;
&#xD;
&lt;p align="center" class="western" lang="es-MX"&gt;&lt;em&gt;El entrevistador anota la respuesta dada por el participante. &lt;/em&gt;&lt;/p&gt;&#xD;
&#xD;
&lt;p align="center" class="western" lang="es-MX"&gt;&lt;em&gt;Suspende cuando hay 3 palabras consecutivas que la persona no sabe (escribir 0 desde ah&#xED; en adelante).&#xA0; &lt;/em&gt;&lt;/p&gt; : 5.  MANZANA</label>
        <groupsection idref="1"/>
        <box>
          <tlx>1370</tlx>
          <tly>1611</tly>
          <brx>1441</brx>
          <bry>1706</bry>
          <value></value>
          <label></label>
        </box>
        <box>
          <tlx>1443</tlx>
          <tly>1611</tly>
          <brx>1514</brx>
          <bry>1706</bry>
          <value></value>
          <label></label>
        </box>
        <box>
          <tlx>1515</tlx>
          <tly>1611</tly>
          <brx>1586</brx>
          <bry>1706</bry>
          <value></value>
          <label></label>
        </box>
        <box>
          <tlx>1588</tlx>
          <tly>1611</tly>
          <brx>1659</brx>
          <bry>1706</bry>
          <value></value>
          <label></label>
        </box>
        <box>
          <tlx>1661</tlx>
          <tly>1611</tly>
          <brx>1731</brx>
          <bry>1706</bry>
          <value></value>
          <label></label>
        </box>
        <box>
          <tlx>1733</tlx>
          <tly>1611</tly>
          <brx>1804</brx>
          <bry>1706</bry>
          <value></value>
          <label></label>
        </box>
        <box>
          <tlx>1806</tlx>
          <tly>1611</tly>
          <brx>1877</brx>
          <bry>1706</bry>
          <value></value>
          <label></label>
        </box>
        <box>
          <tlx>1879</tlx>
          <tly>1611</tly>
          <brx>1949</brx>
          <bry>1706</bry>
          <value></value>
          <label></label>
        </box>
        <box>
          <tlx>1951</tlx>
          <tly>1611</tly>
          <brx>2022</brx>
          <bry>1706</bry>
          <value></value>
          <label></label>
        </box>
        <box>
          <tlx>2024</tlx>
          <tly>1611</tly>
          <brx>2095</brx>
          <bry>1706</bry>
          <value></value>
          <label></label>
        </box>
      </boxgroup>
      <boxgroup>
        <type>3</type>
        <width>10</width>
        <varname>Vocabulario_Voc06</varname>
        <sortorder>7</sortorder>
        <label>&lt;p align="center" class="western" lang="es-MX"&gt;&#xA0;Entrevistador: Ahora le voy a pedir que me diga a qu&#xE9; corresponden las figuras que le mostrar&#xE9;. Luego de eso le pedir&#xE9; que describa y explique el significado de distintas palabras. &lt;/p&gt;&#xD;
&#xD;
&lt;p align="center" class="western" lang="es-MX"&gt;&lt;em&gt;El entrevistador anota la respuesta dada por el participante. &lt;/em&gt;&lt;/p&gt;&#xD;
&#xD;
&lt;p align="center" class="western" lang="es-MX"&gt;&lt;em&gt;Suspende cuando hay 3 palabras consecutivas que la persona no sabe (escribir 0 desde ah&#xED; en adelante).&#xA0; &lt;/em&gt;&lt;/p&gt; : 6. TERMINAR</label>
        <groupsection idref="1"/>
        <box>
          <tlx>1370</tlx>
          <tly>1729</tly>
          <brx>1441</brx>
          <bry>1824</bry>
          <value></value>
          <label></label>
        </box>
        <box>
          <tlx>1443</tlx>
          <tly>1729</tly>
          <brx>1514</brx>
          <bry>1824</bry>
          <value></value>
          <label></label>
        </box>
        <box>
          <tlx>1515</tlx>
          <tly>1729</tly>
          <brx>1586</brx>
          <bry>1824</bry>
          <value></value>
          <label></label>
        </box>
        <box>
          <tlx>1588</tlx>
          <tly>1729</tly>
          <brx>1659</brx>
          <bry>1824</bry>
          <value></value>
          <label></label>
        </box>
        <box>
          <tlx>1661</tlx>
          <tly>1729</tly>
          <brx>1731</brx>
          <bry>1824</bry>
          <value></value>
          <label></label>
        </box>
        <box>
          <tlx>1733</tlx>
          <tly>1729</tly>
          <brx>1804</brx>
          <bry>1824</bry>
          <value></value>
          <label></label>
        </box>
        <box>
          <tlx>1806</tlx>
          <tly>1729</tly>
          <brx>1877</brx>
          <bry>1824</bry>
          <value></value>
          <label></label>
        </box>
        <box>
          <tlx>1879</tlx>
          <tly>1729</tly>
          <brx>1949</brx>
          <bry>1824</bry>
          <value></value>
          <label></label>
        </box>
        <box>
          <tlx>1951</tlx>
          <tly>1729</tly>
          <brx>2022</brx>
          <bry>1824</bry>
          <value></value>
          <label></label>
        </box>
        <box>
          <tlx>2024</tlx>
          <tly>1729</tly>
          <brx>2095</brx>
          <bry>1824</bry>
          <value></value>
          <label></label>
        </box>
      </boxgroup>
      <boxgroup>
        <type>3</type>
        <width>10</width>
        <varname>Vocabulario_Voc07</varname>
        <sortorder>8</sortorder>
        <label>&lt;p align="center" class="western" lang="es-MX"&gt;&#xA0;Entrevistador: Ahora le voy a pedir que me diga a qu&#xE9; corresponden las figuras que le mostrar&#xE9;. Luego de eso le pedir&#xE9; que describa y explique el significado de distintas palabras. &lt;/p&gt;&#xD;
&#xD;
&lt;p align="center" class="western" lang="es-MX"&gt;&lt;em&gt;El entrevistador anota la respuesta dada por el participante. &lt;/em&gt;&lt;/p&gt;&#xD;
&#xD;
&lt;p align="center" class="western" lang="es-MX"&gt;&lt;em&gt;Suspende cuando hay 3 palabras consecutivas que la persona no sabe (escribir 0 desde ah&#xED; en adelante).&#xA0; &lt;/em&gt;&lt;/p&gt; : 7. GUANTE</label>
        <groupsection idref="1"/>
        <box>
          <tlx>1370</tlx>
          <tly>1847</tly>
          <brx>1441</brx>
          <bry>1942</bry>
          <value></value>
          <label></label>
        </box>
        <box>
          <tlx>1443</tlx>
          <tly>1847</tly>
          <brx>1514</brx>
          <bry>1942</bry>
          <value></value>
          <label></label>
        </box>
        <box>
          <tlx>1515</tlx>
          <tly>1847</tly>
          <brx>1586</brx>
          <bry>1942</bry>
          <value></value>
          <label></label>
        </box>
        <box>
          <tlx>1588</tlx>
          <tly>1847</tly>
          <brx>1659</brx>
          <bry>1942</bry>
          <value></value>
          <label></label>
        </box>
        <box>
          <tlx>1661</tlx>
          <tly>1847</tly>
          <brx>1731</brx>
          <bry>1942</bry>
          <value></value>
          <label></label>
        </box>
        <box>
          <tlx>1733</tlx>
          <tly>1847</tly>
          <brx>1804</brx>
          <bry>1942</bry>
          <value></value>
          <label></label>
        </box>
        <box>
          <tlx>1806</tlx>
          <tly>1847</tly>
          <brx>1877</brx>
          <bry>1942</bry>
          <value></value>
          <label></label>
        </box>
        <box>
          <tlx>1879</tlx>
          <tly>1847</tly>
          <brx>1949</brx>
          <bry>1942</bry>
          <value></value>
          <label></label>
        </box>
        <box>
          <tlx>1951</tlx>
          <tly>1847</tly>
          <brx>2022</brx>
          <bry>1942</bry>
          <value></value>
          <label></label>
        </box>
        <box>
          <tlx>2024</tlx>
          <tly>1847</tly>
          <brx>2095</brx>
          <bry>1942</bry>
          <value></value>
          <label></label>
        </box>
      </boxgroup>
      <boxgroup>
        <type>3</type>
        <width>10</width>
        <varname>Vocabulario_Voc08</varname>
        <sortorder>9</sortorder>
        <label>&lt;p align="center" class="western" lang="es-MX"&gt;&#xA0;Entrevistador: Ahora le voy a pedir que me diga a qu&#xE9; corresponden las figuras que le mostrar&#xE9;. Luego de eso le pedir&#xE9; que describa y explique el significado de distintas palabras. &lt;/p&gt;&#xD;
&#xD;
&lt;p align="center" class="western" lang="es-MX"&gt;&lt;em&gt;El entrevistador anota la respuesta dada por el participante. &lt;/em&gt;&lt;/p&gt;&#xD;
&#xD;
&lt;p align="center" class="western" lang="es-MX"&gt;&lt;em&gt;Suspende cuando hay 3 palabras consecutivas que la persona no sabe (escribir 0 desde ah&#xED; en adelante).&#xA0; &lt;/em&gt;&lt;/p&gt; : 8. DESAYUNO</label>
        <groupsection idref="1"/>
        <box>
          <tlx>1370</tlx>
          <tly>1966</tly>
          <brx>1441</brx>
          <bry>2060</bry>
          <value></value>
          <label></label>
        </box>
        <box>
          <tlx>1443</tlx>
          <tly>1966</tly>
          <brx>1514</brx>
          <bry>2060</bry>
          <value></value>
          <label></label>
        </box>
        <box>
          <tlx>1515</tlx>
          <tly>1966</tly>
          <brx>1586</brx>
          <bry>2060</bry>
          <value></value>
          <label></label>
        </box>
        <box>
          <tlx>1588</tlx>
          <tly>1966</tly>
          <brx>1659</brx>
          <bry>2060</bry>
          <value></value>
          <label></label>
        </box>
        <box>
          <tlx>1661</tlx>
          <tly>1966</tly>
          <brx>1731</brx>
          <bry>2060</bry>
          <value></value>
          <label></label>
        </box>
        <box>
          <tlx>1733</tlx>
          <tly>1966</tly>
          <brx>1804</brx>
          <bry>2060</bry>
          <value></value>
          <label></label>
        </box>
        <box>
          <tlx>1806</tlx>
          <tly>1966</tly>
          <brx>1877</brx>
          <bry>2060</bry>
          <value></value>
          <label></label>
        </box>
        <box>
          <tlx>1879</tlx>
          <tly>1966</tly>
          <brx>1949</brx>
          <bry>2060</bry>
          <value></value>
          <label></label>
        </box>
        <box>
          <tlx>1951</tlx>
          <tly>1966</tly>
          <brx>2022</brx>
          <bry>2060</bry>
          <value></value>
          <label></label>
        </box>
        <box>
          <tlx>2024</tlx>
          <tly>1966</tly>
          <brx>2095</brx>
          <bry>2060</bry>
          <value></value>
          <label></label>
        </box>
      </boxgroup>
      <boxgroup>
        <type>3</type>
        <width>10</width>
        <varname>Vocabulario_Voc09</varname>
        <sortorder>10</sortorder>
        <label>&lt;p align="center" class="western" lang="es-MX"&gt;&#xA0;Entrevistador: Ahora le voy a pedir que me diga a qu&#xE9; corresponden las figuras que le mostrar&#xE9;. Luego de eso le pedir&#xE9; que describa y explique el significado de distintas palabras. &lt;/p&gt;&#xD;
&#xD;
&lt;p align="center" class="western" lang="es-MX"&gt;&lt;em&gt;El entrevistador anota la respuesta dada por el participante. &lt;/em&gt;&lt;/p&gt;&#xD;
&#xD;
&lt;p align="center" class="western" lang="es-MX"&gt;&lt;em&gt;Suspende cuando hay 3 palabras consecutivas que la persona no sabe (escribir 0 desde ah&#xED; en adelante).&#xA0; &lt;/em&gt;&lt;/p&gt; : 9. ESTORBAR</label>
        <groupsection idref="1"/>
        <box>
          <tlx>1370</tlx>
          <tly>2084</tly>
          <brx>1441</brx>
          <bry>2178</bry>
          <value></value>
          <label></label>
        </box>
        <box>
          <tlx>1443</tlx>
          <tly>2084</tly>
          <brx>1514</brx>
          <bry>2178</bry>
          <value></value>
          <label></label>
        </box>
        <box>
          <tlx>1515</tlx>
          <tly>2084</tly>
          <brx>1586</brx>
          <bry>2178</bry>
          <value></value>
          <label></label>
        </box>
        <box>
          <tlx>1588</tlx>
          <tly>2084</tly>
          <brx>1659</brx>
          <bry>2178</bry>
          <value></value>
          <label></label>
        </box>
        <box>
          <tlx>1661</tlx>
          <tly>2084</tly>
          <brx>1731</brx>
          <bry>2178</bry>
          <value></value>
          <label></label>
        </box>
        <box>
          <tlx>1733</tlx>
          <tly>2084</tly>
          <brx>1804</brx>
          <bry>2178</bry>
          <value></value>
          <label></label>
        </box>
        <box>
          <tlx>1806</tlx>
          <tly>2084</tly>
          <brx>1877</brx>
          <bry>2178</bry>
          <value></value>
          <label></label>
        </box>
        <box>
          <tlx>1879</tlx>
          <tly>2084</tly>
          <brx>1949</brx>
          <bry>2178</bry>
          <value></value>
          <label></label>
        </box>
        <box>
          <tlx>1951</tlx>
          <tly>2084</tly>
          <brx>2022</brx>
          <bry>2178</bry>
          <value></value>
          <label></label>
        </box>
        <box>
          <tlx>2024</tlx>
          <tly>2084</tly>
          <brx>2095</brx>
          <bry>2178</bry>
          <value></value>
          <label></label>
        </box>
      </boxgroup>
      <boxgroup>
        <type>3</type>
        <width>10</width>
        <varname>Vocabulario_Voc10</varname>
        <sortorder>11</sortorder>
        <label>&lt;p align="center" class="western" lang="es-MX"&gt;&#xA0;Entrevistador: Ahora le voy a pedir que me diga a qu&#xE9; corresponden las figuras que le mostrar&#xE9;. Luego de eso le pedir&#xE9; que describa y explique el significado de distintas palabras. &lt;/p&gt;&#xD;
&#xD;
&lt;p align="center" class="western" lang="es-MX"&gt;&lt;em&gt;El entrevistador anota la respuesta dada por el participante. &lt;/em&gt;&lt;/p&gt;&#xD;
&#xD;
&lt;p align="center" class="western" lang="es-MX"&gt;&lt;em&gt;Suspende cuando hay 3 palabras consecutivas que la persona no sabe (escribir 0 desde ah&#xED; en adelante).&#xA0; &lt;/em&gt;&lt;/p&gt; : 10. &#xCD;NTIMO</label>
        <groupsection idref="1"/>
        <box>
          <tlx>1370</tlx>
          <tly>2202</tly>
          <brx>1441</brx>
          <bry>2296</bry>
          <value></value>
          <label></label>
        </box>
        <box>
          <tlx>1443</tlx>
          <tly>2202</tly>
          <brx>1514</brx>
          <bry>2296</bry>
          <value></value>
          <label></label>
        </box>
        <box>
          <tlx>1515</tlx>
          <tly>2202</tly>
          <brx>1586</brx>
          <bry>2296</bry>
          <value></value>
          <label></label>
        </box>
        <box>
          <tlx>1588</tlx>
          <tly>2202</tly>
          <brx>1659</brx>
          <bry>2296</bry>
          <value></value>
          <label></label>
        </box>
        <box>
          <tlx>1661</tlx>
          <tly>2202</tly>
          <brx>1731</brx>
          <bry>2296</bry>
          <value></value>
          <label></label>
        </box>
        <box>
          <tlx>1733</tlx>
          <tly>2202</tly>
          <brx>1804</brx>
          <bry>2296</bry>
          <value></value>
          <label></label>
        </box>
        <box>
          <tlx>1806</tlx>
          <tly>2202</tly>
          <brx>1877</brx>
          <bry>2296</bry>
          <value></value>
          <label></label>
        </box>
        <box>
          <tlx>1879</tlx>
          <tly>2202</tly>
          <brx>1949</brx>
          <bry>2296</bry>
          <value></value>
          <label></label>
        </box>
        <box>
          <tlx>1951</tlx>
          <tly>2202</tly>
          <brx>2022</brx>
          <bry>2296</bry>
          <value></value>
          <label></label>
        </box>
        <box>
          <tlx>2024</tlx>
          <tly>2202</tly>
          <brx>2095</brx>
          <bry>2296</bry>
          <value></value>
          <label></label>
        </box>
      </boxgroup>
      <boxgroup>
        <type>3</type>
        <width>10</width>
        <varname>Vocabulario_Voc11</varname>
        <sortorder>12</sortorder>
        <label>&lt;p align="center" class="western" lang="es-MX"&gt;&#xA0;Entrevistador: Ahora le voy a pedir que me diga a qu&#xE9; corresponden las figuras que le mostrar&#xE9;. Luego de eso le pedir&#xE9; que describa y explique el significado de distintas palabras. &lt;/p&gt;&#xD;
&#xD;
&lt;p align="center" class="western" lang="es-MX"&gt;&lt;em&gt;El entrevistador anota la respuesta dada por el participante. &lt;/em&gt;&lt;/p&gt;&#xD;
&#xD;
&lt;p align="center" class="western" lang="es-MX"&gt;&lt;em&gt;Suspende cuando hay 3 palabras consecutivas que la persona no sabe (escribir 0 desde ah&#xED; en adelante).&#xA0; &lt;/em&gt;&lt;/p&gt; : 11. IGNORANTE</label>
        <groupsection idref="1"/>
        <box>
          <tlx>1370</tlx>
          <tly>2320</tly>
          <brx>1441</brx>
          <bry>2414</bry>
          <value></value>
          <label></label>
        </box>
        <box>
          <tlx>1443</tlx>
          <tly>2320</tly>
          <brx>1514</brx>
          <bry>2414</bry>
          <value></value>
          <label></label>
        </box>
        <box>
          <tlx>1515</tlx>
          <tly>2320</tly>
          <brx>1586</brx>
          <bry>2414</bry>
          <value></value>
          <label></label>
        </box>
        <box>
          <tlx>1588</tlx>
          <tly>2320</tly>
          <brx>1659</brx>
          <bry>2414</bry>
          <value></value>
          <label></label>
        </box>
        <box>
          <tlx>1661</tlx>
          <tly>2320</tly>
          <brx>1731</brx>
          <bry>2414</bry>
          <value></value>
          <label></label>
        </box>
        <box>
          <tlx>1733</tlx>
          <tly>2320</tly>
          <brx>1804</brx>
          <bry>2414</bry>
          <value></value>
          <label></label>
        </box>
        <box>
          <tlx>1806</tlx>
          <tly>2320</tly>
          <brx>1877</brx>
          <bry>2414</bry>
          <value></value>
          <label></label>
        </box>
        <box>
          <tlx>1879</tlx>
          <tly>2320</tly>
          <brx>1949</brx>
          <bry>2414</bry>
          <value></value>
          <label></label>
        </box>
        <box>
          <tlx>1951</tlx>
          <tly>2320</tly>
          <brx>2022</brx>
          <bry>2414</bry>
          <value></value>
          <label></label>
        </box>
        <box>
          <tlx>2024</tlx>
          <tly>2320</tly>
          <brx>2095</brx>
          <bry>2414</bry>
          <value></value>
          <label></label>
        </box>
      </boxgroup>
      <boxgroup>
        <type>3</type>
        <width>10</width>
        <varname>Vocabulario_Voc12</varname>
        <sortorder>13</sortorder>
        <label>&lt;p align="center" class="western" lang="es-MX"&gt;&#xA0;Entrevistador: Ahora le voy a pedir que me diga a qu&#xE9; corresponden las figuras que le mostrar&#xE9;. Luego de eso le pedir&#xE9; que describa y explique el significado de distintas palabras. &lt;/p&gt;&#xD;
&#xD;
&lt;p align="center" class="western" lang="es-MX"&gt;&lt;em&gt;El entrevistador anota la respuesta dada por el participante. &lt;/em&gt;&lt;/p&gt;&#xD;
&#xD;
&lt;p align="center" class="western" lang="es-MX"&gt;&lt;em&gt;Suspende cuando hay 3 palabras consecutivas que la persona no sabe (escribir 0 desde ah&#xED; en adelante).&#xA0; &lt;/em&gt;&lt;/p&gt; : 12. CURIOSO</label>
        <groupsection idref="1"/>
        <box>
          <tlx>1370</tlx>
          <tly>2438</tly>
          <brx>1441</brx>
          <bry>2532</bry>
          <value></value>
          <label></label>
        </box>
        <box>
          <tlx>1443</tlx>
          <tly>2438</tly>
          <brx>1514</brx>
          <bry>2532</bry>
          <value></value>
          <label></label>
        </box>
        <box>
          <tlx>1515</tlx>
          <tly>2438</tly>
          <brx>1586</brx>
          <bry>2532</bry>
          <value></value>
          <label></label>
        </box>
        <box>
          <tlx>1588</tlx>
          <tly>2438</tly>
          <brx>1659</brx>
          <bry>2532</bry>
          <value></value>
          <label></label>
        </box>
        <box>
          <tlx>1661</tlx>
          <tly>2438</tly>
          <brx>1731</brx>
          <bry>2532</bry>
          <value></value>
          <label></label>
        </box>
        <box>
          <tlx>1733</tlx>
          <tly>2438</tly>
          <brx>1804</brx>
          <bry>2532</bry>
          <value></value>
          <label></label>
        </box>
        <box>
          <tlx>1806</tlx>
          <tly>2438</tly>
          <brx>1877</brx>
          <bry>2532</bry>
          <value></value>
          <label></label>
        </box>
        <box>
          <tlx>1879</tlx>
          <tly>2438</tly>
          <brx>1949</brx>
          <bry>2532</bry>
          <value></value>
          <label></label>
        </box>
        <box>
          <tlx>1951</tlx>
          <tly>2438</tly>
          <brx>2022</brx>
          <bry>2532</bry>
          <value></value>
          <label></label>
        </box>
        <box>
          <tlx>2024</tlx>
          <tly>2438</tly>
          <brx>2095</brx>
          <bry>2532</bry>
          <value></value>
          <label></label>
        </box>
      </boxgroup>
      <boxgroup>
        <type>3</type>
        <width>10</width>
        <varname>Vocabulario_Voc13</varname>
        <sortorder>14</sortorder>
        <label>&lt;p align="center" class="western" lang="es-MX"&gt;&#xA0;Entrevistador: Ahora le voy a pedir que me diga a qu&#xE9; corresponden las figuras que le mostrar&#xE9;. Luego de eso le pedir&#xE9; que describa y explique el significado de distintas palabras. &lt;/p&gt;&#xD;
&#xD;
&lt;p align="center" class="western" lang="es-MX"&gt;&lt;em&gt;El entrevistador anota la respuesta dada por el participante. &lt;/em&gt;&lt;/p&gt;&#xD;
&#xD;
&lt;p align="center" class="western" lang="es-MX"&gt;&lt;em&gt;Suspende cuando hay 3 palabras consecutivas que la persona no sabe (escribir 0 desde ah&#xED; en adelante).&#xA0; &lt;/em&gt;&lt;/p&gt; : 13. ORDINARIO</label>
        <groupsection idref="1"/>
        <box>
          <tlx>1370</tlx>
          <tly>2556</tly>
          <brx>1441</brx>
          <bry>2651</bry>
          <value></value>
          <label></label>
        </box>
        <box>
          <tlx>1443</tlx>
          <tly>2556</tly>
          <brx>1514</brx>
          <bry>2651</bry>
          <value></value>
          <label></label>
        </box>
        <box>
          <tlx>1515</tlx>
          <tly>2556</tly>
          <brx>1586</brx>
          <bry>2651</bry>
          <value></value>
          <label></label>
        </box>
        <box>
          <tlx>1588</tlx>
          <tly>2556</tly>
          <brx>1659</brx>
          <bry>2651</bry>
          <value></value>
          <label></label>
        </box>
        <box>
          <tlx>1661</tlx>
          <tly>2556</tly>
          <brx>1731</brx>
          <bry>2651</bry>
          <value></value>
          <label></label>
        </box>
        <box>
          <tlx>1733</tlx>
          <tly>2556</tly>
          <brx>1804</brx>
          <bry>2651</bry>
          <value></value>
          <label></label>
        </box>
        <box>
          <tlx>1806</tlx>
          <tly>2556</tly>
          <brx>1877</brx>
          <bry>2651</bry>
          <value></value>
          <label></label>
        </box>
        <box>
          <tlx>1879</tlx>
          <tly>2556</tly>
          <brx>1949</brx>
          <bry>2651</bry>
          <value></value>
          <label></label>
        </box>
        <box>
          <tlx>1951</tlx>
          <tly>2556</tly>
          <brx>2022</brx>
          <bry>2651</bry>
          <value></value>
          <label></label>
        </box>
        <box>
          <tlx>2024</tlx>
          <tly>2556</tly>
          <brx>2095</brx>
          <bry>2651</bry>
          <value></value>
          <label></label>
        </box>
      </boxgroup>
      <boxgroup>
        <type>3</type>
        <width>10</width>
        <varname>Vocabulario_Voc14</varname>
        <sortorder>15</sortorder>
        <label>&lt;p align="center" class="western" lang="es-MX"&gt;&#xA0;Entrevistador: Ahora le voy a pedir que me diga a qu&#xE9; corresponden las figuras que le mostrar&#xE9;. Luego de eso le pedir&#xE9; que describa y explique el significado de distintas palabras. &lt;/p&gt;&#xD;
&#xD;
&lt;p align="center" class="western" lang="es-MX"&gt;&lt;em&gt;El entrevistador anota la respuesta dada por el participante. &lt;/em&gt;&lt;/p&gt;&#xD;
&#xD;
&lt;p align="center" class="western" lang="es-MX"&gt;&lt;em&gt;Suspende cuando hay 3 palabras consecutivas que la persona no sabe (escribir 0 desde ah&#xED; en adelante).&#xA0; &lt;/em&gt;&lt;/p&gt; : 14. SUPREMO</label>
        <groupsection idref="1"/>
        <box>
          <tlx>1370</tlx>
          <tly>2674</tly>
          <brx>1441</brx>
          <bry>2769</bry>
          <value></value>
          <label></label>
        </box>
        <box>
          <tlx>1443</tlx>
          <tly>2674</tly>
          <brx>1514</brx>
          <bry>2769</bry>
          <value></value>
          <label></label>
        </box>
        <box>
          <tlx>1515</tlx>
          <tly>2674</tly>
          <brx>1586</brx>
          <bry>2769</bry>
          <value></value>
          <label></label>
        </box>
        <box>
          <tlx>1588</tlx>
          <tly>2674</tly>
          <brx>1659</brx>
          <bry>2769</bry>
          <value></value>
          <label></label>
        </box>
        <box>
          <tlx>1661</tlx>
          <tly>2674</tly>
          <brx>1731</brx>
          <bry>2769</bry>
          <value></value>
          <label></label>
        </box>
        <box>
          <tlx>1733</tlx>
          <tly>2674</tly>
          <brx>1804</brx>
          <bry>2769</bry>
          <value></value>
          <label></label>
        </box>
        <box>
          <tlx>1806</tlx>
          <tly>2674</tly>
          <brx>1877</brx>
          <bry>2769</bry>
          <value></value>
          <label></label>
        </box>
        <box>
          <tlx>1879</tlx>
          <tly>2674</tly>
          <brx>1949</brx>
          <bry>2769</bry>
          <value></value>
          <label></label>
        </box>
        <box>
          <tlx>1951</tlx>
          <tly>2674</tly>
          <brx>2022</brx>
          <bry>2769</bry>
          <value></value>
          <label></label>
        </box>
        <box>
          <tlx>2024</tlx>
          <tly>2674</tly>
          <brx>2095</brx>
          <bry>2769</bry>
          <value></value>
          <label></label>
        </box>
      </boxgroup>
      <boxgroup>
        <type>3</type>
        <width>10</width>
        <varname>Vocabulario_Voc15</varname>
        <sortorder>16</sortorder>
        <label>&lt;p align="center" class="western" lang="es-MX"&gt;&#xA0;Entrevistador: Ahora le voy a pedir que me diga a qu&#xE9; corresponden las figuras que le mostrar&#xE9;. Luego de eso le pedir&#xE9; que describa y explique el significado de distintas palabras. &lt;/p&gt;&#xD;
&#xD;
&lt;p align="center" class="western" lang="es-MX"&gt;&lt;em&gt;El entrevistador anota la respuesta dada por el participante. &lt;/em&gt;&lt;/p&gt;&#xD;
&#xD;
&lt;p align="center" class="western" lang="es-MX"&gt;&lt;em&gt;Suspende cuando hay 3 palabras consecutivas que la persona no sabe (escribir 0 desde ah&#xED; en adelante).&#xA0; &lt;/em&gt;&lt;/p&gt; : 15. CONSUMIR</label>
        <groupsection idref="1"/>
        <box>
          <tlx>1370</tlx>
          <tly>2792</tly>
          <brx>1441</brx>
          <bry>2887</bry>
          <value></value>
          <label></label>
        </box>
        <box>
          <tlx>1443</tlx>
          <tly>2792</tly>
          <brx>1514</brx>
          <bry>2887</bry>
          <value></value>
          <label></label>
        </box>
        <box>
          <tlx>1515</tlx>
          <tly>2792</tly>
          <brx>1586</brx>
          <bry>2887</bry>
          <value></value>
          <label></label>
        </box>
        <box>
          <tlx>1588</tlx>
          <tly>2792</tly>
          <brx>1659</brx>
          <bry>2887</bry>
          <value></value>
          <label></label>
        </box>
        <box>
          <tlx>1661</tlx>
          <tly>2792</tly>
          <brx>1731</brx>
          <bry>2887</bry>
          <value></value>
          <label></label>
        </box>
        <box>
          <tlx>1733</tlx>
          <tly>2792</tly>
          <brx>1804</brx>
          <bry>2887</bry>
          <value></value>
          <label></label>
        </box>
        <box>
          <tlx>1806</tlx>
          <tly>2792</tly>
          <brx>1877</brx>
          <bry>2887</bry>
          <value></value>
          <label></label>
        </box>
        <box>
          <tlx>1879</tlx>
          <tly>2792</tly>
          <brx>1949</brx>
          <bry>2887</bry>
          <value></value>
          <label></label>
        </box>
        <box>
          <tlx>1951</tlx>
          <tly>2792</tly>
          <brx>2022</brx>
          <bry>2887</bry>
          <value></value>
          <label></label>
        </box>
        <box>
          <tlx>2024</tlx>
          <tly>2792</tly>
          <brx>2095</brx>
          <bry>2887</bry>
          <value></value>
          <label></label>
        </box>
      </boxgroup>
      <boxgroup>
        <type>3</type>
        <width>10</width>
        <varname>Vocabulario_Voc16</varname>
        <sortorder>17</sortorder>
        <label>&lt;p align="center" class="western" lang="es-MX"&gt;&#xA0;Entrevistador: Ahora le voy a pedir que me diga a qu&#xE9; corresponden las figuras que le mostrar&#xE9;. Luego de eso le pedir&#xE9; que describa y explique el significado de distintas palabras. &lt;/p&gt;&#xD;
&#xD;
&lt;p align="center" class="western" lang="es-MX"&gt;&lt;em&gt;El entrevistador anota la respuesta dada por el participante. &lt;/em&gt;&lt;/p&gt;&#xD;
&#xD;
&lt;p align="center" class="western" lang="es-MX"&gt;&lt;em&gt;Suspende cuando hay 3 palabras consecutivas que la persona no sabe (escribir 0 desde ah&#xED; en adelante).&#xA0; &lt;/em&gt;&lt;/p&gt; : 16. FORTUITO</label>
        <groupsection idref="1"/>
        <box>
          <tlx>1370</tlx>
          <tly>2910</tly>
          <brx>1441</brx>
          <bry>3005</bry>
          <value></value>
          <label></label>
        </box>
        <box>
          <tlx>1443</tlx>
          <tly>2910</tly>
          <brx>1514</brx>
          <bry>3005</bry>
          <value></value>
          <label></label>
        </box>
        <box>
          <tlx>1515</tlx>
          <tly>2910</tly>
          <brx>1586</brx>
          <bry>3005</bry>
          <value></value>
          <label></label>
        </box>
        <box>
          <tlx>1588</tlx>
          <tly>2910</tly>
          <brx>1659</brx>
          <bry>3005</bry>
          <value></value>
          <label></label>
        </box>
        <box>
          <tlx>1661</tlx>
          <tly>2910</tly>
          <brx>1731</brx>
          <bry>3005</bry>
          <value></value>
          <label></label>
        </box>
        <box>
          <tlx>1733</tlx>
          <tly>2910</tly>
          <brx>1804</brx>
          <bry>3005</bry>
          <value></value>
          <label></label>
        </box>
        <box>
          <tlx>1806</tlx>
          <tly>2910</tly>
          <brx>1877</brx>
          <bry>3005</bry>
          <value></value>
          <label></label>
        </box>
        <box>
          <tlx>1879</tlx>
          <tly>2910</tly>
          <brx>1949</brx>
          <bry>3005</bry>
          <value></value>
          <label></label>
        </box>
        <box>
          <tlx>1951</tlx>
          <tly>2910</tly>
          <brx>2022</brx>
          <bry>3005</bry>
          <value></value>
          <label></label>
        </box>
        <box>
          <tlx>2024</tlx>
          <tly>2910</tly>
          <brx>2095</brx>
          <bry>3005</bry>
          <value></value>
          <label></label>
        </box>
      </boxgroup>
      <boxgroup>
        <type>3</type>
        <width>10</width>
        <varname>Vocabulario_Voc17</varname>
        <sortorder>18</sortorder>
        <label>&lt;p align="center" class="western" lang="es-MX"&gt;&#xA0;Entrevistador: Ahora le voy a pedir que me diga a qu&#xE9; corresponden las figuras que le mostrar&#xE9;. Luego de eso le pedir&#xE9; que describa y explique el significado de distintas palabras. &lt;/p&gt;&#xD;
&#xD;
&lt;p align="center" class="western" lang="es-MX"&gt;&lt;em&gt;El entrevistador anota la respuesta dada por el participante. &lt;/em&gt;&lt;/p&gt;&#xD;
&#xD;
&lt;p align="center" class="western" lang="es-MX"&gt;&lt;em&gt;Suspende cuando hay 3 palabras consecutivas que la persona no sabe (escribir 0 desde ah&#xED; en adelante).&#xA0; &lt;/em&gt;&lt;/p&gt; : 17. C&#xD3;MODO</label>
        <groupsection idref="1"/>
        <box>
          <tlx>1370</tlx>
          <tly>3029</tly>
          <brx>1441</brx>
          <bry>3123</bry>
          <value></value>
          <label></label>
        </box>
        <box>
          <tlx>1443</tlx>
          <tly>3029</tly>
          <brx>1514</brx>
          <bry>3123</bry>
          <value></value>
          <label></label>
        </box>
        <box>
          <tlx>1515</tlx>
          <tly>3029</tly>
          <brx>1586</brx>
          <bry>3123</bry>
          <value></value>
          <label></label>
        </box>
        <box>
          <tlx>1588</tlx>
          <tly>3029</tly>
          <brx>1659</brx>
          <bry>3123</bry>
          <value></value>
          <label></label>
        </box>
        <box>
          <tlx>1661</tlx>
          <tly>3029</tly>
          <brx>1731</brx>
          <bry>3123</bry>
          <value></value>
          <label></label>
        </box>
        <box>
          <tlx>1733</tlx>
          <tly>3029</tly>
          <brx>1804</brx>
          <bry>3123</bry>
          <value></value>
          <label></label>
        </box>
        <box>
          <tlx>1806</tlx>
          <tly>3029</tly>
          <brx>1877</brx>
          <bry>3123</bry>
          <value></value>
          <label></label>
        </box>
        <box>
          <tlx>1879</tlx>
          <tly>3029</tly>
          <brx>1949</brx>
          <bry>3123</bry>
          <value></value>
          <label></label>
        </box>
        <box>
          <tlx>1951</tlx>
          <tly>3029</tly>
          <brx>2022</brx>
          <bry>3123</bry>
          <value></value>
          <label></label>
        </box>
        <box>
          <tlx>2024</tlx>
          <tly>3029</tly>
          <brx>2095</brx>
          <bry>3123</bry>
          <value></value>
          <label></label>
        </box>
      </boxgroup>
      <boxgroup>
        <type>3</type>
        <width>10</width>
        <varname>Vocabulario_Voc18</varname>
        <sortorder>19</sortorder>
        <label>&lt;p align="center" class="western" lang="es-MX"&gt;&#xA0;Entrevistador: Ahora le voy a pedir que me diga a qu&#xE9; corresponden las figuras que le mostrar&#xE9;. Luego de eso le pedir&#xE9; que describa y explique el significado de distintas palabras. &lt;/p&gt;&#xD;
&#xD;
&lt;p align="center" class="western" lang="es-MX"&gt;&lt;em&gt;El entrevistador anota la respuesta dada por el participante. &lt;/em&gt;&lt;/p&gt;&#xD;
&#xD;
&lt;p align="center" class="western" lang="es-MX"&gt;&lt;em&gt;Suspende cuando hay 3 palabras consecutivas que la persona no sabe (escribir 0 desde ah&#xED; en adelante).&#xA0; &lt;/em&gt;&lt;/p&gt; : 18. IMPROVISAR</label>
        <groupsection idref="1"/>
        <box>
          <tlx>1370</tlx>
          <tly>3147</tly>
          <brx>1441</brx>
          <bry>3241</bry>
          <value></value>
          <label></label>
        </box>
        <box>
          <tlx>1443</tlx>
          <tly>3147</tly>
          <brx>1514</brx>
          <bry>3241</bry>
          <value></value>
          <label></label>
        </box>
        <box>
          <tlx>1515</tlx>
          <tly>3147</tly>
          <brx>1586</brx>
          <bry>3241</bry>
          <value></value>
          <label></label>
        </box>
        <box>
          <tlx>1588</tlx>
          <tly>3147</tly>
          <brx>1659</brx>
          <bry>3241</bry>
          <value></value>
          <label></label>
        </box>
        <box>
          <tlx>1661</tlx>
          <tly>3147</tly>
          <brx>1731</brx>
          <bry>3241</bry>
          <value></value>
          <label></label>
        </box>
        <box>
          <tlx>1733</tlx>
          <tly>3147</tly>
          <brx>1804</brx>
          <bry>3241</bry>
          <value></value>
          <label></label>
        </box>
        <box>
          <tlx>1806</tlx>
          <tly>3147</tly>
          <brx>1877</brx>
          <bry>3241</bry>
          <value></value>
          <label></label>
        </box>
        <box>
          <tlx>1879</tlx>
          <tly>3147</tly>
          <brx>1949</brx>
          <bry>3241</bry>
          <value></value>
          <label></label>
        </box>
        <box>
          <tlx>1951</tlx>
          <tly>3147</tly>
          <brx>2022</brx>
          <bry>3241</bry>
          <value></value>
          <label></label>
        </box>
        <box>
          <tlx>2024</tlx>
          <tly>3147</tly>
          <brx>2095</brx>
          <bry>3241</bry>
          <value></value>
          <label></label>
        </box>
      </boxgroup>
    </page>
    <page>
      <id>42772802</id>
      <tlx>283</tlx>
      <tly>283</tly>
      <trx>2197</trx>
      <try>283</try>
      <brx>2197</brx>
      <bry>3224</bry>
      <blx>283</blx>
      <bly>3224</bly>
      <rotation>0</rotation>
      <boxgroup>
        <type>3</type>
        <width>10</width>
        <varname>Vocabulario_Voc19</varname>
        <sortorder>20</sortorder>
        <label>&lt;p align="center" class="western" lang="es-MX"&gt;&#xA0;Entrevistador: Ahora le voy a pedir que me diga a qu&#xE9; corresponden las figuras que le mostrar&#xE9;. Luego de eso le pedir&#xE9; que describa y explique el significado de distintas palabras. &lt;/p&gt;&#xD;
&#xD;
&lt;p align="center" class="western" lang="es-MX"&gt;&lt;em&gt;El entrevistador anota la respuesta dada por el participante. &lt;/em&gt;&lt;/p&gt;&#xD;
&#xD;
&lt;p align="center" class="western" lang="es-MX"&gt;&lt;em&gt;Suspende cuando hay 3 palabras consecutivas que la persona no sabe (escribir 0 desde ah&#xED; en adelante).&#xA0; &lt;/em&gt;&lt;/p&gt; : 19. ESC&#xC9;PTICO</label>
        <groupsection idref="1"/>
        <box>
          <tlx>1370</tlx>
          <tly>223</tly>
          <brx>1441</brx>
          <bry>318</bry>
          <value></value>
          <label></label>
        </box>
        <box>
          <tlx>1443</tlx>
          <tly>223</tly>
          <brx>1514</brx>
          <bry>318</bry>
          <value></value>
          <label></label>
        </box>
        <box>
          <tlx>1515</tlx>
          <tly>223</tly>
          <brx>1586</brx>
          <bry>318</bry>
          <value></value>
          <label></label>
        </box>
        <box>
          <tlx>1588</tlx>
          <tly>223</tly>
          <brx>1659</brx>
          <bry>318</bry>
          <value></value>
          <label></label>
        </box>
        <box>
          <tlx>1661</tlx>
          <tly>223</tly>
          <brx>1731</brx>
          <bry>318</bry>
          <value></value>
          <label></label>
        </box>
        <box>
          <tlx>1733</tlx>
          <tly>223</tly>
          <brx>1804</brx>
          <bry>318</bry>
          <value></value>
          <label></label>
        </box>
        <box>
          <tlx>1806</tlx>
          <tly>223</tly>
          <brx>1877</brx>
          <bry>318</bry>
          <value></value>
          <label></label>
        </box>
        <box>
          <tlx>1879</tlx>
          <tly>223</tly>
          <brx>1949</brx>
          <bry>318</bry>
          <value></value>
          <label></label>
        </box>
        <box>
          <tlx>1951</tlx>
          <tly>223</tly>
          <brx>2022</brx>
          <bry>318</bry>
          <value></value>
          <label></label>
        </box>
        <box>
          <tlx>2024</tlx>
          <tly>223</tly>
          <brx>2095</brx>
          <bry>318</bry>
          <value></value>
          <label></label>
        </box>
      </boxgroup>
      <boxgroup>
        <type>3</type>
        <width>10</width>
        <varname>Vocabulario_Voc20</varname>
        <sortorder>21</sortorder>
        <label>&lt;p align="center" class="western" lang="es-MX"&gt;&#xA0;Entrevistador: Ahora le voy a pedir que me diga a qu&#xE9; corresponden las figuras que le mostrar&#xE9;. Luego de eso le pedir&#xE9; que describa y explique el significado de distintas palabras. &lt;/p&gt;&#xD;
&#xD;
&lt;p align="center" class="western" lang="es-MX"&gt;&lt;em&gt;El entrevistador anota la respuesta dada por el participante. &lt;/em&gt;&lt;/p&gt;&#xD;
&#xD;
&lt;p align="center" class="western" lang="es-MX"&gt;&lt;em&gt;Suspende cuando hay 3 palabras consecutivas que la persona no sabe (escribir 0 desde ah&#xED; en adelante).&#xA0; &lt;/em&gt;&lt;/p&gt; : 20. EXPEDITO</label>
        <groupsection idref="1"/>
        <box>
          <tlx>1370</tlx>
          <tly>341</tly>
          <brx>1441</brx>
          <bry>436</bry>
          <value></value>
          <label></label>
        </box>
        <box>
          <tlx>1443</tlx>
          <tly>341</tly>
          <brx>1514</brx>
          <bry>436</bry>
          <value></value>
          <label></label>
        </box>
        <box>
          <tlx>1515</tlx>
          <tly>341</tly>
          <brx>1586</brx>
          <bry>436</bry>
          <value></value>
          <label></label>
        </box>
        <box>
          <tlx>1588</tlx>
          <tly>341</tly>
          <brx>1659</brx>
          <bry>436</bry>
          <value></value>
          <label></label>
        </box>
        <box>
          <tlx>1661</tlx>
          <tly>341</tly>
          <brx>1731</brx>
          <bry>436</bry>
          <value></value>
          <label></label>
        </box>
        <box>
          <tlx>1733</tlx>
          <tly>341</tly>
          <brx>1804</brx>
          <bry>436</bry>
          <value></value>
          <label></label>
        </box>
        <box>
          <tlx>1806</tlx>
          <tly>341</tly>
          <brx>1877</brx>
          <bry>436</bry>
          <value></value>
          <label></label>
        </box>
        <box>
          <tlx>1879</tlx>
          <tly>341</tly>
          <brx>1949</brx>
          <bry>436</bry>
          <value></value>
          <label></label>
        </box>
        <box>
          <tlx>1951</tlx>
          <tly>341</tly>
          <brx>2022</brx>
          <bry>436</bry>
          <value></value>
          <label></label>
        </box>
        <box>
          <tlx>2024</tlx>
          <tly>341</tly>
          <brx>2095</brx>
          <bry>436</bry>
          <value></value>
          <label></label>
        </box>
      </boxgroup>
      <boxgroup>
        <type>3</type>
        <width>10</width>
        <varname>Vocabulario_Voc21</varname>
        <sortorder>22</sortorder>
        <label>&lt;p align="center" class="western" lang="es-MX"&gt;&#xA0;Entrevistador: Ahora le voy a pedir que me diga a qu&#xE9; corresponden las figuras que le mostrar&#xE9;. Luego de eso le pedir&#xE9; que describa y explique el significado de distintas palabras. &lt;/p&gt;&#xD;
&#xD;
&lt;p align="center" class="western" lang="es-MX"&gt;&lt;em&gt;El entrevistador anota la respuesta dada por el participante. &lt;/em&gt;&lt;/p&gt;&#xD;
&#xD;
&lt;p align="center" class="western" lang="es-MX"&gt;&lt;em&gt;Suspende cuando hay 3 palabras consecutivas que la persona no sabe (escribir 0 desde ah&#xED; en adelante).&#xA0; &lt;/em&gt;&lt;/p&gt; : 21. PLAGIAR</label>
        <groupsection idref="1"/>
        <box>
          <tlx>1370</tlx>
          <tly>460</tly>
          <brx>1441</brx>
          <bry>554</bry>
          <value></value>
          <label></label>
        </box>
        <box>
          <tlx>1443</tlx>
          <tly>460</tly>
          <brx>1514</brx>
          <bry>554</bry>
          <value></value>
          <label></label>
        </box>
        <box>
          <tlx>1515</tlx>
          <tly>460</tly>
          <brx>1586</brx>
          <bry>554</bry>
          <value></value>
          <label></label>
        </box>
        <box>
          <tlx>1588</tlx>
          <tly>460</tly>
          <brx>1659</brx>
          <bry>554</bry>
          <value></value>
          <label></label>
        </box>
        <box>
          <tlx>1661</tlx>
          <tly>460</tly>
          <brx>1731</brx>
          <bry>554</bry>
          <value></value>
          <label></label>
        </box>
        <box>
          <tlx>1733</tlx>
          <tly>460</tly>
          <brx>1804</brx>
          <bry>554</bry>
          <value></value>
          <label></label>
        </box>
        <box>
          <tlx>1806</tlx>
          <tly>460</tly>
          <brx>1877</brx>
          <bry>554</bry>
          <value></value>
          <label></label>
        </box>
        <box>
          <tlx>1879</tlx>
          <tly>460</tly>
          <brx>1949</brx>
          <bry>554</bry>
          <value></value>
          <label></label>
        </box>
        <box>
          <tlx>1951</tlx>
          <tly>460</tly>
          <brx>2022</brx>
          <bry>554</bry>
          <value></value>
          <label></label>
        </box>
        <box>
          <tlx>2024</tlx>
          <tly>460</tly>
          <brx>2095</brx>
          <bry>554</bry>
          <value></value>
          <label></label>
        </box>
      </boxgroup>
      <boxgroup>
        <type>3</type>
        <width>10</width>
        <varname>Vocabulario_Voc22</varname>
        <sortorder>23</sortorder>
        <label>&lt;p align="center" class="western" lang="es-MX"&gt;&#xA0;Entrevistador: Ahora le voy a pedir que me diga a qu&#xE9; corresponden las figuras que le mostrar&#xE9;. Luego de eso le pedir&#xE9; que describa y explique el significado de distintas palabras. &lt;/p&gt;&#xD;
&#xD;
&lt;p align="center" class="western" lang="es-MX"&gt;&lt;em&gt;El entrevistador anota la respuesta dada por el participante. &lt;/em&gt;&lt;/p&gt;&#xD;
&#xD;
&lt;p align="center" class="western" lang="es-MX"&gt;&lt;em&gt;Suspende cuando hay 3 palabras consecutivas que la persona no sabe (escribir 0 desde ah&#xED; en adelante).&#xA0; &lt;/em&gt;&lt;/p&gt; : 22. PERTINENTE</label>
        <groupsection idref="1"/>
        <box>
          <tlx>1370</tlx>
          <tly>578</tly>
          <brx>1441</brx>
          <bry>672</bry>
          <value></value>
          <label></label>
        </box>
        <box>
          <tlx>1443</tlx>
          <tly>578</tly>
          <brx>1514</brx>
          <bry>672</bry>
          <value></value>
          <label></label>
        </box>
        <box>
          <tlx>1515</tlx>
          <tly>578</tly>
          <brx>1586</brx>
          <bry>672</bry>
          <value></value>
          <label></label>
        </box>
        <box>
          <tlx>1588</tlx>
          <tly>578</tly>
          <brx>1659</brx>
          <bry>672</bry>
          <value></value>
          <label></label>
        </box>
        <box>
          <tlx>1661</tlx>
          <tly>578</tly>
          <brx>1731</brx>
          <bry>672</bry>
          <value></value>
          <label></label>
        </box>
        <box>
          <tlx>1733</tlx>
          <tly>578</tly>
          <brx>1804</brx>
          <bry>672</bry>
          <value></value>
          <label></label>
        </box>
        <box>
          <tlx>1806</tlx>
          <tly>578</tly>
          <brx>1877</brx>
          <bry>672</bry>
          <value></value>
          <label></label>
        </box>
        <box>
          <tlx>1879</tlx>
          <tly>578</tly>
          <brx>1949</brx>
          <bry>672</bry>
          <value></value>
          <label></label>
        </box>
        <box>
          <tlx>1951</tlx>
          <tly>578</tly>
          <brx>2022</brx>
          <bry>672</bry>
          <value></value>
          <label></label>
        </box>
        <box>
          <tlx>2024</tlx>
          <tly>578</tly>
          <brx>2095</brx>
          <bry>672</bry>
          <value></value>
          <label></label>
        </box>
      </boxgroup>
      <boxgroup>
        <type>3</type>
        <width>10</width>
        <varname>Vocabulario_Voc23</varname>
        <sortorder>24</sortorder>
        <label>&lt;p align="center" class="western" lang="es-MX"&gt;&#xA0;Entrevistador: Ahora le voy a pedir que me diga a qu&#xE9; corresponden las figuras que le mostrar&#xE9;. Luego de eso le pedir&#xE9; que describa y explique el significado de distintas palabras. &lt;/p&gt;&#xD;
&#xD;
&lt;p align="center" class="western" lang="es-MX"&gt;&lt;em&gt;El entrevistador anota la respuesta dada por el participante. &lt;/em&gt;&lt;/p&gt;&#xD;
&#xD;
&lt;p align="center" class="western" lang="es-MX"&gt;&lt;em&gt;Suspende cuando hay 3 palabras consecutivas que la persona no sabe (escribir 0 desde ah&#xED; en adelante).&#xA0; &lt;/em&gt;&lt;/p&gt; : 23. AUDAZ</label>
        <groupsection idref="1"/>
        <box>
          <tlx>1370</tlx>
          <tly>696</tly>
          <brx>1441</brx>
          <bry>790</bry>
          <value></value>
          <label></label>
        </box>
        <box>
          <tlx>1443</tlx>
          <tly>696</tly>
          <brx>1514</brx>
          <bry>790</bry>
          <value></value>
          <label></label>
        </box>
        <box>
          <tlx>1515</tlx>
          <tly>696</tly>
          <brx>1586</brx>
          <bry>790</bry>
          <value></value>
          <label></label>
        </box>
        <box>
          <tlx>1588</tlx>
          <tly>696</tly>
          <brx>1659</brx>
          <bry>790</bry>
          <value></value>
          <label></label>
        </box>
        <box>
          <tlx>1661</tlx>
          <tly>696</tly>
          <brx>1731</brx>
          <bry>790</bry>
          <value></value>
          <label></label>
        </box>
        <box>
          <tlx>1733</tlx>
          <tly>696</tly>
          <brx>1804</brx>
          <bry>790</bry>
          <value></value>
          <label></label>
        </box>
        <box>
          <tlx>1806</tlx>
          <tly>696</tly>
          <brx>1877</brx>
          <bry>790</bry>
          <value></value>
          <label></label>
        </box>
        <box>
          <tlx>1879</tlx>
          <tly>696</tly>
          <brx>1949</brx>
          <bry>790</bry>
          <value></value>
          <label></label>
        </box>
        <box>
          <tlx>1951</tlx>
          <tly>696</tly>
          <brx>2022</brx>
          <bry>790</bry>
          <value></value>
          <label></label>
        </box>
        <box>
          <tlx>2024</tlx>
          <tly>696</tly>
          <brx>2095</brx>
          <bry>790</bry>
          <value></value>
          <label></label>
        </box>
      </boxgroup>
      <boxgroup>
        <type>3</type>
        <width>10</width>
        <varname>Vocabulario_Voc24</varname>
        <sortorder>25</sortorder>
        <label>&lt;p align="center" class="western" lang="es-MX"&gt;&#xA0;Entrevistador: Ahora le voy a pedir que me diga a qu&#xE9; corresponden las figuras que le mostrar&#xE9;. Luego de eso le pedir&#xE9; que describa y explique el significado de distintas palabras. &lt;/p&gt;&#xD;
&#xD;
&lt;p align="center" class="western" lang="es-MX"&gt;&lt;em&gt;El entrevistador anota la respuesta dada por el participante. &lt;/em&gt;&lt;/p&gt;&#xD;
&#xD;
&lt;p align="center" class="western" lang="es-MX"&gt;&lt;em&gt;Suspende cuando hay 3 palabras consecutivas que la persona no sabe (escribir 0 desde ah&#xED; en adelante).&#xA0; &lt;/em&gt;&lt;/p&gt; : 24. OPTIMIZAR</label>
        <groupsection idref="1"/>
        <box>
          <tlx>1370</tlx>
          <tly>814</tly>
          <brx>1441</brx>
          <bry>908</bry>
          <value></value>
          <label></label>
        </box>
        <box>
          <tlx>1443</tlx>
          <tly>814</tly>
          <brx>1514</brx>
          <bry>908</bry>
          <value></value>
          <label></label>
        </box>
        <box>
          <tlx>1515</tlx>
          <tly>814</tly>
          <brx>1586</brx>
          <bry>908</bry>
          <value></value>
          <label></label>
        </box>
        <box>
          <tlx>1588</tlx>
          <tly>814</tly>
          <brx>1659</brx>
          <bry>908</bry>
          <value></value>
          <label></label>
        </box>
        <box>
          <tlx>1661</tlx>
          <tly>814</tly>
          <brx>1731</brx>
          <bry>908</bry>
          <value></value>
          <label></label>
        </box>
        <box>
          <tlx>1733</tlx>
          <tly>814</tly>
          <brx>1804</brx>
          <bry>908</bry>
          <value></value>
          <label></label>
        </box>
        <box>
          <tlx>1806</tlx>
          <tly>814</tly>
          <brx>1877</brx>
          <bry>908</bry>
          <value></value>
          <label></label>
        </box>
        <box>
          <tlx>1879</tlx>
          <tly>814</tly>
          <brx>1949</brx>
          <bry>908</bry>
          <value></value>
          <label></label>
        </box>
        <box>
          <tlx>1951</tlx>
          <tly>814</tly>
          <brx>2022</brx>
          <bry>908</bry>
          <value></value>
          <label></label>
        </box>
        <box>
          <tlx>2024</tlx>
          <tly>814</tly>
          <brx>2095</brx>
          <bry>908</bry>
          <value></value>
          <label></label>
        </box>
      </boxgroup>
      <boxgroup>
        <type>3</type>
        <width>10</width>
        <varname>Vocabulario_Voc25</varname>
        <sortorder>26</sortorder>
        <label>&lt;p align="center" class="western" lang="es-MX"&gt;&#xA0;Entrevistador: Ahora le voy a pedir que me diga a qu&#xE9; corresponden las figuras que le mostrar&#xE9;. Luego de eso le pedir&#xE9; que describa y explique el significado de distintas palabras. &lt;/p&gt;&#xD;
&#xD;
&lt;p align="center" class="western" lang="es-MX"&gt;&lt;em&gt;El entrevistador anota la respuesta dada por el participante. &lt;/em&gt;&lt;/p&gt;&#xD;
&#xD;
&lt;p align="center" class="western" lang="es-MX"&gt;&lt;em&gt;Suspende cuando hay 3 palabras consecutivas que la persona no sabe (escribir 0 desde ah&#xED; en adelante).&#xA0; &lt;/em&gt;&lt;/p&gt; : 25. INSTINTO</label>
        <groupsection idref="1"/>
        <box>
          <tlx>1370</tlx>
          <tly>932</tly>
          <brx>1441</brx>
          <bry>1026</bry>
          <value></value>
          <label></label>
        </box>
        <box>
          <tlx>1443</tlx>
          <tly>932</tly>
          <brx>1514</brx>
          <bry>1026</bry>
          <value></value>
          <label></label>
        </box>
        <box>
          <tlx>1515</tlx>
          <tly>932</tly>
          <brx>1586</brx>
          <bry>1026</bry>
          <value></value>
          <label></label>
        </box>
        <box>
          <tlx>1588</tlx>
          <tly>932</tly>
          <brx>1659</brx>
          <bry>1026</bry>
          <value></value>
          <label></label>
        </box>
        <box>
          <tlx>1661</tlx>
          <tly>932</tly>
          <brx>1731</brx>
          <bry>1026</bry>
          <value></value>
          <label></label>
        </box>
        <box>
          <tlx>1733</tlx>
          <tly>932</tly>
          <brx>1804</brx>
          <bry>1026</bry>
          <value></value>
          <label></label>
        </box>
        <box>
          <tlx>1806</tlx>
          <tly>932</tly>
          <brx>1877</brx>
          <bry>1026</bry>
          <value></value>
          <label></label>
        </box>
        <box>
          <tlx>1879</tlx>
          <tly>932</tly>
          <brx>1949</brx>
          <bry>1026</bry>
          <value></value>
          <label></label>
        </box>
        <box>
          <tlx>1951</tlx>
          <tly>932</tly>
          <brx>2022</brx>
          <bry>1026</bry>
          <value></value>
          <label></label>
        </box>
        <box>
          <tlx>2024</tlx>
          <tly>932</tly>
          <brx>2095</brx>
          <bry>1026</bry>
          <value></value>
          <label></label>
        </box>
      </boxgroup>
      <boxgroup>
        <type>3</type>
        <width>10</width>
        <varname>Vocabulario_Voc26</varname>
        <sortorder>27</sortorder>
        <label>&lt;p align="center" class="western" lang="es-MX"&gt;&#xA0;Entrevistador: Ahora le voy a pedir que me diga a qu&#xE9; corresponden las figuras que le mostrar&#xE9;. Luego de eso le pedir&#xE9; que describa y explique el significado de distintas palabras. &lt;/p&gt;&#xD;
&#xD;
&lt;p align="center" class="western" lang="es-MX"&gt;&lt;em&gt;El entrevistador anota la respuesta dada por el participante. &lt;/em&gt;&lt;/p&gt;&#xD;
&#xD;
&lt;p align="center" class="western" lang="es-MX"&gt;&lt;em&gt;Suspende cuando hay 3 palabras consecutivas que la persona no sabe (escribir 0 desde ah&#xED; en adelante).&#xA0; &lt;/em&gt;&lt;/p&gt; : 26. BILATERAL</label>
        <groupsection idref="1"/>
        <box>
          <tlx>1370</tlx>
          <tly>1050</tly>
          <brx>1441</brx>
          <bry>1145</bry>
          <value></value>
          <label></label>
        </box>
        <box>
          <tlx>1443</tlx>
          <tly>1050</tly>
          <brx>1514</brx>
          <bry>1145</bry>
          <value></value>
          <label></label>
        </box>
        <box>
          <tlx>1515</tlx>
          <tly>1050</tly>
          <brx>1586</brx>
          <bry>1145</bry>
          <value></value>
          <label></label>
        </box>
        <box>
          <tlx>1588</tlx>
          <tly>1050</tly>
          <brx>1659</brx>
          <bry>1145</bry>
          <value></value>
          <label></label>
        </box>
        <box>
          <tlx>1661</tlx>
          <tly>1050</tly>
          <brx>1731</brx>
          <bry>1145</bry>
          <value></value>
          <label></label>
        </box>
        <box>
          <tlx>1733</tlx>
          <tly>1050</tly>
          <brx>1804</brx>
          <bry>1145</bry>
          <value></value>
          <label></label>
        </box>
        <box>
          <tlx>1806</tlx>
          <tly>1050</tly>
          <brx>1877</brx>
          <bry>1145</bry>
          <value></value>
          <label></label>
        </box>
        <box>
          <tlx>1879</tlx>
          <tly>1050</tly>
          <brx>1949</brx>
          <bry>1145</bry>
          <value></value>
          <label></label>
        </box>
        <box>
          <tlx>1951</tlx>
          <tly>1050</tly>
          <brx>2022</brx>
          <bry>1145</bry>
          <value></value>
          <label></label>
        </box>
        <box>
          <tlx>2024</tlx>
          <tly>1050</tly>
          <brx>2095</brx>
          <bry>1145</bry>
          <value></value>
          <label></label>
        </box>
      </boxgroup>
      <boxgroup>
        <type>3</type>
        <width>10</width>
        <varname>Vocabulario_Voc27</varname>
        <sortorder>28</sortorder>
        <label>&lt;p align="center" class="western" lang="es-MX"&gt;&#xA0;Entrevistador: Ahora le voy a pedir que me diga a qu&#xE9; corresponden las figuras que le mostrar&#xE9;. Luego de eso le pedir&#xE9; que describa y explique el significado de distintas palabras. &lt;/p&gt;&#xD;
&#xD;
&lt;p align="center" class="western" lang="es-MX"&gt;&lt;em&gt;El entrevistador anota la respuesta dada por el participante. &lt;/em&gt;&lt;/p&gt;&#xD;
&#xD;
&lt;p align="center" class="western" lang="es-MX"&gt;&lt;em&gt;Suspende cuando hay 3 palabras consecutivas que la persona no sabe (escribir 0 desde ah&#xED; en adelante).&#xA0; &lt;/em&gt;&lt;/p&gt; : 27. CANCILLER&#xCD;A</label>
        <groupsection idref="1"/>
        <box>
          <tlx>1370</tlx>
          <tly>1168</tly>
          <brx>1441</brx>
          <bry>1263</bry>
          <value></value>
          <label></label>
        </box>
        <box>
          <tlx>1443</tlx>
          <tly>1168</tly>
          <brx>1514</brx>
          <bry>1263</bry>
          <value></value>
          <label></label>
        </box>
        <box>
          <tlx>1515</tlx>
          <tly>1168</tly>
          <brx>1586</brx>
          <bry>1263</bry>
          <value></value>
          <label></label>
        </box>
        <box>
          <tlx>1588</tlx>
          <tly>1168</tly>
          <brx>1659</brx>
          <bry>1263</bry>
          <value></value>
          <label></label>
        </box>
        <box>
          <tlx>1661</tlx>
          <tly>1168</tly>
          <brx>1731</brx>
          <bry>1263</bry>
          <value></value>
          <label></label>
        </box>
        <box>
          <tlx>1733</tlx>
          <tly>1168</tly>
          <brx>1804</brx>
          <bry>1263</bry>
          <value></value>
          <label></label>
        </box>
        <box>
          <tlx>1806</tlx>
          <tly>1168</tly>
          <brx>1877</brx>
          <bry>1263</bry>
          <value></value>
          <label></label>
        </box>
        <box>
          <tlx>1879</tlx>
          <tly>1168</tly>
          <brx>1949</brx>
          <bry>1263</bry>
          <value></value>
          <label></label>
        </box>
        <box>
          <tlx>1951</tlx>
          <tly>1168</tly>
          <brx>2022</brx>
          <bry>1263</bry>
          <value></value>
          <label></label>
        </box>
        <box>
          <tlx>2024</tlx>
          <tly>1168</tly>
          <brx>2095</brx>
          <bry>1263</bry>
          <value></value>
          <label></label>
        </box>
      </boxgroup>
      <boxgroup>
        <type>3</type>
        <width>10</width>
        <varname>Vocabulario_Voc28</varname>
        <sortorder>29</sortorder>
        <label>&lt;p align="center" class="western" lang="es-MX"&gt;&#xA0;Entrevistador: Ahora le voy a pedir que me diga a qu&#xE9; corresponden las figuras que le mostrar&#xE9;. Luego de eso le pedir&#xE9; que describa y explique el significado de distintas palabras. &lt;/p&gt;&#xD;
&#xD;
&lt;p align="center" class="western" lang="es-MX"&gt;&lt;em&gt;El entrevistador anota la respuesta dada por el participante. &lt;/em&gt;&lt;/p&gt;&#xD;
&#xD;
&lt;p align="center" class="western" lang="es-MX"&gt;&lt;em&gt;Suspende cuando hay 3 palabras consecutivas que la persona no sabe (escribir 0 desde ah&#xED; en adelante).&#xA0; &lt;/em&gt;&lt;/p&gt; : 28. PALIAR</label>
        <groupsection idref="1"/>
        <box>
          <tlx>1370</tlx>
          <tly>1286</tly>
          <brx>1441</brx>
          <bry>1381</bry>
          <value></value>
          <label></label>
        </box>
        <box>
          <tlx>1443</tlx>
          <tly>1286</tly>
          <brx>1514</brx>
          <bry>1381</bry>
          <value></value>
          <label></label>
        </box>
        <box>
          <tlx>1515</tlx>
          <tly>1286</tly>
          <brx>1586</brx>
          <bry>1381</bry>
          <value></value>
          <label></label>
        </box>
        <box>
          <tlx>1588</tlx>
          <tly>1286</tly>
          <brx>1659</brx>
          <bry>1381</bry>
          <value></value>
          <label></label>
        </box>
        <box>
          <tlx>1661</tlx>
          <tly>1286</tly>
          <brx>1731</brx>
          <bry>1381</bry>
          <value></value>
          <label></label>
        </box>
        <box>
          <tlx>1733</tlx>
          <tly>1286</tly>
          <brx>1804</brx>
          <bry>1381</bry>
          <value></value>
          <label></label>
        </box>
        <box>
          <tlx>1806</tlx>
          <tly>1286</tly>
          <brx>1877</brx>
          <bry>1381</bry>
          <value></value>
          <label></label>
        </box>
        <box>
          <tlx>1879</tlx>
          <tly>1286</tly>
          <brx>1949</brx>
          <bry>1381</bry>
          <value></value>
          <label></label>
        </box>
        <box>
          <tlx>1951</tlx>
          <tly>1286</tly>
          <brx>2022</brx>
          <bry>1381</bry>
          <value></value>
          <label></label>
        </box>
        <box>
          <tlx>2024</tlx>
          <tly>1286</tly>
          <brx>2095</brx>
          <bry>1381</bry>
          <value></value>
          <label></label>
        </box>
      </boxgroup>
      <boxgroup>
        <type>3</type>
        <width>10</width>
        <varname>Vocabulario_Voc29</varname>
        <sortorder>30</sortorder>
        <label>&lt;p align="center" class="western" lang="es-MX"&gt;&#xA0;Entrevistador: Ahora le voy a pedir que me diga a qu&#xE9; corresponden las figuras que le mostrar&#xE9;. Luego de eso le pedir&#xE9; que describa y explique el significado de distintas palabras. &lt;/p&gt;&#xD;
&#xD;
&lt;p align="center" class="western" lang="es-MX"&gt;&lt;em&gt;El entrevistador anota la respuesta dada por el participante. &lt;/em&gt;&lt;/p&gt;&#xD;
&#xD;
&lt;p align="center" class="western" lang="es-MX"&gt;&lt;em&gt;Suspende cuando hay 3 palabras consecutivas que la persona no sabe (escribir 0 desde ah&#xED; en adelante).&#xA0; &lt;/em&gt;&lt;/p&gt; : 29. EXTRADITAR</label>
        <groupsection idref="1"/>
        <box>
          <tlx>1370</tlx>
          <tly>1404</tly>
          <brx>1441</brx>
          <bry>1499</bry>
          <value></value>
          <label></label>
        </box>
        <box>
          <tlx>1443</tlx>
          <tly>1404</tly>
          <brx>1514</brx>
          <bry>1499</bry>
          <value></value>
          <label></label>
        </box>
        <box>
          <tlx>1515</tlx>
          <tly>1404</tly>
          <brx>1586</brx>
          <bry>1499</bry>
          <value></value>
          <label></label>
        </box>
        <box>
          <tlx>1588</tlx>
          <tly>1404</tly>
          <brx>1659</brx>
          <bry>1499</bry>
          <value></value>
          <label></label>
        </box>
        <box>
          <tlx>1661</tlx>
          <tly>1404</tly>
          <brx>1731</brx>
          <bry>1499</bry>
          <value></value>
          <label></label>
        </box>
        <box>
          <tlx>1733</tlx>
          <tly>1404</tly>
          <brx>1804</brx>
          <bry>1499</bry>
          <value></value>
          <label></label>
        </box>
        <box>
          <tlx>1806</tlx>
          <tly>1404</tly>
          <brx>1877</brx>
          <bry>1499</bry>
          <value></value>
          <label></label>
        </box>
        <box>
          <tlx>1879</tlx>
          <tly>1404</tly>
          <brx>1949</brx>
          <bry>1499</bry>
          <value></value>
          <label></label>
        </box>
        <box>
          <tlx>1951</tlx>
          <tly>1404</tly>
          <brx>2022</brx>
          <bry>1499</bry>
          <value></value>
          <label></label>
        </box>
        <box>
          <tlx>2024</tlx>
          <tly>1404</tly>
          <brx>2095</brx>
          <bry>1499</bry>
          <value></value>
          <label></label>
        </box>
      </boxgroup>
      <boxgroup>
        <type>3</type>
        <width>10</width>
        <varname>Vocabulario_Voc30</varname>
        <sortorder>31</sortorder>
        <label>&lt;p align="center" class="western" lang="es-MX"&gt;&#xA0;Entrevistador: Ahora le voy a pedir que me diga a qu&#xE9; corresponden las figuras que le mostrar&#xE9;. Luego de eso le pedir&#xE9; que describa y explique el significado de distintas palabras. &lt;/p&gt;&#xD;
&#xD;
&lt;p align="center" class="western" lang="es-MX"&gt;&lt;em&gt;El entrevistador anota la respuesta dada por el participante. &lt;/em&gt;&lt;/p&gt;&#xD;
&#xD;
&lt;p align="center" class="western" lang="es-MX"&gt;&lt;em&gt;Suspende cuando hay 3 palabras consecutivas que la persona no sabe (escribir 0 desde ah&#xED; en adelante).&#xA0; &lt;/em&gt;&lt;/p&gt; : 30. SUBREPTICIO</label>
        <groupsection idref="1"/>
        <box>
          <tlx>1370</tlx>
          <tly>1523</tly>
          <brx>1441</brx>
          <bry>1617</bry>
          <value></value>
          <label></label>
        </box>
        <box>
          <tlx>1443</tlx>
          <tly>1523</tly>
          <brx>1514</brx>
          <bry>1617</bry>
          <value></value>
          <label></label>
        </box>
        <box>
          <tlx>1515</tlx>
          <tly>1523</tly>
          <brx>1586</brx>
          <bry>1617</bry>
          <value></value>
          <label></label>
        </box>
        <box>
          <tlx>1588</tlx>
          <tly>1523</tly>
          <brx>1659</brx>
          <bry>1617</bry>
          <value></value>
          <label></label>
        </box>
        <box>
          <tlx>1661</tlx>
          <tly>1523</tly>
          <brx>1731</brx>
          <bry>1617</bry>
          <value></value>
          <label></label>
        </box>
        <box>
          <tlx>1733</tlx>
          <tly>1523</tly>
          <brx>1804</brx>
          <bry>1617</bry>
          <value></value>
          <label></label>
        </box>
        <box>
          <tlx>1806</tlx>
          <tly>1523</tly>
          <brx>1877</brx>
          <bry>1617</bry>
          <value></value>
          <label></label>
        </box>
        <box>
          <tlx>1879</tlx>
          <tly>1523</tly>
          <brx>1949</brx>
          <bry>1617</bry>
          <value></value>
          <label></label>
        </box>
        <box>
          <tlx>1951</tlx>
          <tly>1523</tly>
          <brx>2022</brx>
          <bry>1617</bry>
          <value></value>
          <label></label>
        </box>
        <box>
          <tlx>2024</tlx>
          <tly>1523</tly>
          <brx>2095</brx>
          <bry>1617</bry>
          <value></value>
          <label></label>
        </box>
      </boxgroup>
    </page>
  </questionnaire>
</queXF>
