<?xml version="1.0" encoding="UTF-8"?>
<questionnaire id="427728">
  <title>Vocabulario</title>
  <investigator/>
  <dataCollector/>
  <section id="282">
    <sectionInfo>
      <position>title</position>
      <text>Preguntas</text>
      <administration>self</administration>
    </sectionInfo>
    <question>
      <text>RUT (sin puntos, guión ni dígito verificador. Ejemplo si el rut es 17.736.727-1 escribir 17736727):</text>
      <response varName="RUT">
        <free>
          <format>integer</format>
          <length>8</length>
          <label/>
        </free>
      </response>
    </question>
    <question>
      <text>&lt;p align="center" class="western" lang="es-MX"&gt; Entrevistador: Ahora le voy a pedir que me diga a qué corresponden las figuras que le mostraré. Luego de eso le pediré que describa y explique el significado de distintas palabras. &lt;/p&gt;&#13;
&#13;
&lt;p align="center" class="western" lang="es-MX"&gt;&lt;em&gt;El entrevistador anota la respuesta dada por el participante. &lt;/em&gt;&lt;/p&gt;&#13;
&#13;
&lt;p align="center" class="western" lang="es-MX"&gt;&lt;em&gt;Suspende cuando hay 3 palabras consecutivas que la persona no sabe (escribir 0 desde ahí en adelante).  &lt;/em&gt;&lt;/p&gt;</text>
      <subQuestion varName="Vocabulario_Voc01">
        <text>1. Mostrar figura item 1 (libro)</text>
      </subQuestion>
      <subQuestion varName="Vocabulario_Voc02">
        <text>2. Mostrar figura item 2 (avión)</text>
      </subQuestion>
      <subQuestion varName="Vocabulario_Voc03">
        <text>3. Mostrar figura item 3 (canasto)</text>
      </subQuestion>
      <subQuestion varName="Vocabulario_Voc04">
        <text>4. CAMA</text>
      </subQuestion>
      <subQuestion varName="Vocabulario_Voc05">
        <text>5.  MANZANA</text>
      </subQuestion>
      <subQuestion varName="Vocabulario_Voc06">
        <text>6. TERMINAR</text>
      </subQuestion>
      <subQuestion varName="Vocabulario_Voc07">
        <text>7. GUANTE</text>
      </subQuestion>
      <subQuestion varName="Vocabulario_Voc08">
        <text>8. DESAYUNO</text>
      </subQuestion>
      <subQuestion varName="Vocabulario_Voc09">
        <text>9. ESTORBAR</text>
      </subQuestion>
      <subQuestion varName="Vocabulario_Voc10">
        <text>10. ÍNTIMO</text>
      </subQuestion>
      <subQuestion varName="Vocabulario_Voc11">
        <text>11. IGNORANTE</text>
      </subQuestion>
      <subQuestion varName="Vocabulario_Voc12">
        <text>12. CURIOSO</text>
      </subQuestion>
      <subQuestion varName="Vocabulario_Voc13">
        <text>13. ORDINARIO</text>
      </subQuestion>
      <subQuestion varName="Vocabulario_Voc14">
        <text>14. SUPREMO</text>
      </subQuestion>
      <subQuestion varName="Vocabulario_Voc15">
        <text>15. CONSUMIR</text>
      </subQuestion>
      <subQuestion varName="Vocabulario_Voc16">
        <text>16. FORTUITO</text>
      </subQuestion>
      <subQuestion varName="Vocabulario_Voc17">
        <text>17. CÓMODO</text>
      </subQuestion>
      <subQuestion varName="Vocabulario_Voc18">
        <text>18. IMPROVISAR</text>
      </subQuestion>
      <subQuestion varName="Vocabulario_Voc19">
        <text>19. ESCÉPTICO</text>
      </subQuestion>
      <subQuestion varName="Vocabulario_Voc20">
        <text>20. EXPEDITO</text>
      </subQuestion>
      <subQuestion varName="Vocabulario_Voc21">
        <text>21. PLAGIAR</text>
      </subQuestion>
      <subQuestion varName="Vocabulario_Voc22">
        <text>22. PERTINENTE</text>
      </subQuestion>
      <subQuestion varName="Vocabulario_Voc23">
        <text>23. AUDAZ</text>
      </subQuestion>
      <subQuestion varName="Vocabulario_Voc24">
        <text>24. OPTIMIZAR</text>
      </subQuestion>
      <subQuestion varName="Vocabulario_Voc25">
        <text>25. INSTINTO</text>
      </subQuestion>
      <subQuestion varName="Vocabulario_Voc26">
        <text>26. BILATERAL</text>
      </subQuestion>
      <subQuestion varName="Vocabulario_Voc27">
        <text>27. CANCILLERÍA</text>
      </subQuestion>
      <subQuestion varName="Vocabulario_Voc28">
        <text>28. PALIAR</text>
      </subQuestion>
      <subQuestion varName="Vocabulario_Voc29">
        <text>29. EXTRADITAR</text>
      </subQuestion>
      <subQuestion varName="Vocabulario_Voc30">
        <text>30. SUBREPTICIO</text>
      </subQuestion>
      <response varName="Vocabulario">
        <free>
          <format>text</format>
          <length>10</length>
          <label/>
        </free>
      </response>
    </question>
  </section>
</questionnaire>
