<?xml version="1.0" encoding="UTF-8"?>
<questionnaire id="589216">
  <title>Aislamiento Soledad y Redes sociales</title>
  <investigator/>
  <dataCollector/>
  <section id="279">
    <sectionInfo>
      <position>title</position>
      <text>Preguntas</text>
      <administration>self</administration>
    </sectionInfo>
    <question>
      <text>RUT (sin puntos, guión ni dígito verificador. Ejemplo si el rut es 17.736.727-1 escribir 17736727):</text>
      <response varName="RUT">
        <free>
          <format>integer</format>
          <length>8</length>
          <label/>
        </free>
      </response>
    </question>
    <question>
      <text>&lt;p&gt;1.- ¿Alguna de estas personas componen tu hogar?&lt;/p&gt;&#13;
&#13;
&lt;p&gt;a) Padre/padrastro?&lt;/p&gt;</text>
      <response varName="Aislamiento1A">
        <fixed>
          <category>
            <label>Sí</label>
            <value>Y</value>
          </category>
          <category>
            <label>No</label>
            <value>N</value>
          </category>
        </fixed>
      </response>
    </question>
    <question>
      <text>&lt;p&gt;1.- ¿Alguna de estas personas componen tu hogar?&lt;/p&gt;&#13;
&#13;
&lt;p&gt;b) Madre/madrastra?&lt;/p&gt;</text>
      <response varName="Aislamiento1B">
        <fixed>
          <category>
            <label>Sí</label>
            <value>Y</value>
          </category>
          <category>
            <label>No</label>
            <value>N</value>
          </category>
        </fixed>
      </response>
    </question>
    <question>
      <subQuestion varName="Aislamiento1CD_Ais1c">
        <text>1. c) ¿cuántos hermanos tienes? Indicar el número (“0” si no tienes hermanos).</text>
      </subQuestion>
      <subQuestion varName="Aislamiento1CD_Ais1d">
        <text>1. d) Tío/tía, abuelo/abuela/u otros familiares que vivan en tu casa: indica el total de personas:</text>
      </subQuestion>
      <subQuestion varName="Aislamiento1CD_Ais02">
        <text>2.- ¿Cuántos amigos tienes actualmente? Indica el número de amigos/as con los cuáles te relacionas personalmente (no virtualmente):</text>
      </subQuestion>
      <subQuestion varName="Aislamiento1CD_Ais03">
        <text>3. ¿Cuántos amigos “virtuales” tienes que consideras “cercanos” y/o que “con que te contactas habitualmente ? (si es un amigo personal y virtual al mismo tiempo, no lo cuentes para esta pregunta).</text>
      </subQuestion>
      <subQuestion varName="Aislamiento1CD_Ais04">
        <text>4. Considerando una semana típica, actualmente ¿a cuántas personas saludas y mantienes al menos a veces una breve conversación?, considera a gente que conoces, aunque sea poco (al menos que sepas su nombre o lo actividad que realiza).</text>
      </subQuestion>
      <subQuestion varName="Aislamiento1CD_Ais05">
        <text>5.- Piensa o revisa tu agenda de contactos de tu teléfono o algún otro dispotivo donde guardes nombres y direcciones de personas. Más o menos ¿cuántas personas tienes registradas, de las cuáles con tan solo ver su nombre, te acordarías quién es? Considera solo personas con las cuáles tienes algún tipo de relación, aunque sea esporádico.</text>
      </subQuestion>
      <subQuestion varName="Aislamiento1CD_Ais06">
        <text>6. Si participas habitualmente de algún club deportivo, agrupación religiosa, artística, política, recreativa, etc., que implique al menos un encuentro por mes ¿con cuántas personas te relacionas habitualmente cuando ocurre esa o esas actividades? Considera el total de contactos, si es más de una actividad (súmalos)</text>
      </subQuestion>
      <subQuestion varName="Aislamiento1CD_Ais07">
        <text>7. Si usas algún tipo de chat o similar, como WhatsApp, Messenger u otra ¿con cuántas personas más o menos chateas en una semana típica? Considera los sistemas que uses más frecuentemente.</text>
      </subQuestion>
      <subQuestion varName="Aislamiento1CD_Ais08">
        <text>8. ¿Cuál es el número de personas que tienes aceptadas como amigo o contacto en tus redes sociales? (facebook, instagram, etc.). Considera solo una red social, aquella que sea más importante para tí y/o que uses más frecuentemente.</text>
      </subQuestion>
      <subQuestion varName="Aislamiento1CD_Ais09">
        <text>9. Considerando amigos, cercanos y familiares ¿en cuántas personas confías realmente? Piensa en personas que considerarías lo suficientemente cercanas como para contarles algo personal, pedirles ayuda, pedir o prestar dinero, confiarles algo tuyo de valor para su cuidado o encargarle que hagan algo pensando que no te fallarán.</text>
      </subQuestion>
      <response varName="Aislamiento1CD">
        <free>
          <format>integer</format>
          <length>10</length>
          <label/>
        </free>
      </response>
    </question>
    <question>
      <text>¿Cuál es la red social que más utiliza?</text>
      <response varName="Extra1">
        <fixed>
          <category>
            <label>Facebook</label>
            <value>Ex01</value>
          </category>
          <category>
            <label>Instagram</label>
            <value>Ex02</value>
          </category>
          <category>
            <label>Whatsapp</label>
            <value>Ex03</value>
          </category>
          <category>
            <label>Messenger</label>
            <value>Ex04</value>
          </category>
          <category>
            <label>Tinder</label>
            <value>Ex05</value>
          </category>
          <category>
            <label>YouTUbe</label>
            <value>Ex06</value>
          </category>
          <category>
            <label>Tumblr</label>
            <value>Ex07</value>
          </category>
          <category>
            <label>LinkedIn</label>
            <value>Ex08</value>
          </category>
          <category>
            <label>Twitter</label>
            <value>Ex09</value>
          </category>
          <category>
            <label>Snapchat</label>
            <value>Ex10</value>
          </category>
          <category>
            <label>Skype</label>
            <value>Ex11</value>
          </category>
          <category>
            <label>Google+</label>
            <value>Ex14</value>
          </category>
          <category>
            <label>Ninguna</label>
            <value>Ex15</value>
          </category>
          <category>
            <label>Otro</label>
            <value>-oth-</value>
            <contingentQuestion varName="Extra1other">
              <text>Otro</text>
              <length>24</length>
            </contingentQuestion>
          </category>
        </fixed>
      </response>
    </question>
    <question>
      <text>En caso de haber escogido una red social: ¿Con que frecuencia utiliza esta red social?</text>
      <subQuestion varName="Extra2_SQ001">
        <text/>
      </subQuestion>
      <response varName="Extra2">
        <fixed>
          <category>
            <label>Casi nunca</label>
            <value>Ex1</value>
          </category>
          <category>
            <label>Poco</label>
            <value>Ex2</value>
          </category>
          <category>
            <label>A veces</label>
            <value>Ex3</value>
          </category>
          <category>
            <label>Frecuentemente</label>
            <value>Ex4</value>
          </category>
          <category>
            <label>Muy frecuentemente</label>
            <value>Ex5</value>
          </category>
          <category>
            <label>No aplica</label>
            <value>Ex6</value>
          </category>
        </fixed>
      </response>
    </question>
    <question>
      <text>&lt;p style="text-align: justify;"&gt;10.- Finalmente, a cada una de las siguentes afirmaciones, responde que tan a menudo te sientes de esa manera:&lt;/p&gt;</text>
      <subQuestion varName="Aislamiento10_Ais10p1">
        <text>¿Con qué frecuencia sientes que te falta compañía?</text>
      </subQuestion>
      <subQuestion varName="Aislamiento10_Ais10p2">
        <text>¿Con qué frecuencia te sientes dejado fuera?</text>
      </subQuestion>
      <subQuestion varName="Aislamiento10_Ais10p3">
        <text>¿Con qué frecuencia te sientes aislado de los demás?</text>
      </subQuestion>
      <subQuestion varName="Aislamiento10_Ais10p4">
        <text>¿Con qué frecuencia te sientes solo?</text>
      </subQuestion>
      <subQuestion varName="Aislamiento10_Ais10p5">
        <text>¿Con qué frecuencia sientes que ya no eres cercano a nadie?</text>
      </subQuestion>
      <subQuestion varName="Aislamiento10_Ais10p6">
        <text>¿Con qué frecuencia sientes que nadie te conoce muy bien?</text>
      </subQuestion>
      <subQuestion varName="Aislamiento10_Ais10p7">
        <text>¿Con qué frecuencia sientes que la gente está a tu alrededor, pero no contigo?</text>
      </subQuestion>
      <subQuestion varName="Aislamiento10_Ais10p8">
        <text>¿Con qué frecuencia siente que estás "en sintonía" con las personas que te rodean?</text>
      </subQuestion>
      <response varName="Aislamiento10">
        <fixed>
          <category>
            <label>Nunca</label>
            <value>Ais1</value>
          </category>
          <category>
            <label>Raramente</label>
            <value>Ais2</value>
          </category>
          <category>
            <label>A veces</label>
            <value>Ais3</value>
          </category>
          <category>
            <label>Siempre</label>
            <value>Ais4</value>
          </category>
        </fixed>
      </response>
    </question>
    <question>
      <text>11. Por favor indica para cada una de las siguientes afirmaciones el grado en que se aplican en tí de acuerdo a tu situación actual y respecto a lo que sientes ahora</text>
      <subQuestion varName="Aislamiento11_Ais11p01">
        <text>Siempre hay alguien con quien puedo hablar de mis problemas diarios.</text>
      </subQuestion>
      <subQuestion varName="Aislamiento11_Ais11p02">
        <text>Echo de menos tener un buen amigo de verdad.</text>
      </subQuestion>
      <subQuestion varName="Aislamiento11_Ais11p03">
        <text>Siento una sensación de vacio a mi alrededor.</text>
      </subQuestion>
      <subQuestion varName="Aislamiento11_Ais11p04">
        <text>Hay suficientes personas a las que puedo recurrir en caso de necesidad.</text>
      </subQuestion>
      <subQuestion varName="Aislamiento11_Ais11p05">
        <text>Echo de menos la compañia de otras personas.</text>
      </subQuestion>
      <subQuestion varName="Aislamiento11_Ais11p06">
        <text>Pienso que mi circulo de amistad es demasiado limitado.</text>
      </subQuestion>
      <subQuestion varName="Aislamiento11_Ais11p07">
        <text>Tengo mucha gente en la que confiar completamente.</text>
      </subQuestion>
      <subQuestion varName="Aislamiento11_Ais11p08">
        <text>Hay suficientes personas con las que tengo una amistad muy cercana.</text>
      </subQuestion>
      <subQuestion varName="Aislamiento11_Ais11p09">
        <text>Echo de menos tener gente a mi alrededor.</text>
      </subQuestion>
      <subQuestion varName="Aislamiento11_Ais11p10">
        <text>Me siento abandonado a menudo.</text>
      </subQuestion>
      <subQuestion varName="Aislamiento11_Ais11p11">
        <text>Puedo contar con mis amigos siempre que lo necesito.</text>
      </subQuestion>
      <response varName="Aislamiento11">
        <fixed>
          <category>
            <label>No</label>
            <value>Ais01</value>
          </category>
          <category>
            <label>Mas o menos</label>
            <value>Ais02</value>
          </category>
          <category>
            <label>Si</label>
            <value>Ais03</value>
          </category>
        </fixed>
      </response>
    </question>
    <question>
      <text>&lt;p&gt;12. FAMILIARES: Teniendo en cuenta a las personas con las que tú estás relacionado ya sea por nacimiento, casamiento, adopción, etc....&lt;/p&gt;&#13;
&#13;
&lt;p&gt; &lt;/p&gt;&#13;
&#13;
&lt;p&gt;1. ¿Con cuántos parientes te encuentras o tienes noticias de ellos, por lo menos, una vez por mes?&lt;/p&gt;</text>
      <response varName="Aislamiento12p01">
        <fixed>
          <category>
            <label>Ninguno</label>
            <value>Aisl0</value>
          </category>
          <category>
            <label>1</label>
            <value>Aisl1</value>
          </category>
          <category>
            <label>2</label>
            <value>Aisl2</value>
          </category>
          <category>
            <label>3 o 4</label>
            <value>Aisl3</value>
          </category>
          <category>
            <label>5 a 8</label>
            <value>Aisl4</value>
          </category>
          <category>
            <label>9 o más</label>
            <value>Aisl5</value>
          </category>
        </fixed>
      </response>
    </question>
    <question>
      <text>&lt;p&gt;2. ¿Con qué frecuencia te encuentras o tienes noticias del pariente con el que tienes más contacto?&lt;/p&gt;</text>
      <response varName="Aislamiento12p02">
        <fixed>
          <category>
            <label>Menos de una vez por mes</label>
            <value>Aisl0</value>
          </category>
          <category>
            <label>Mensualmente</label>
            <value>Aisl1</value>
          </category>
          <category>
            <label>Algunas veces al mes</label>
            <value>Aisl2</value>
          </category>
          <category>
            <label>Semanalmente</label>
            <value>Aisl3</value>
          </category>
          <category>
            <label>Algunas veces por semana</label>
            <value>Aisl4</value>
          </category>
          <category>
            <label>Diariamente</label>
            <value>Aisl5</value>
          </category>
        </fixed>
      </response>
    </question>
    <question>
      <text>&lt;p&gt;3. ¿Con cuántos parientes te sientes lo suficientemente cómodo como para conversar sobre tus asuntos personales?&lt;/p&gt;</text>
      <response varName="Aislamiento12p03">
        <fixed>
          <category>
            <label>Ninguno</label>
            <value>Aisl0</value>
          </category>
          <category>
            <label>1</label>
            <value>Aisl1</value>
          </category>
          <category>
            <label>2</label>
            <value>Aisl2</value>
          </category>
          <category>
            <label>3 o 4</label>
            <value>Aisl3</value>
          </category>
          <category>
            <label>5 a 8</label>
            <value>Aisl4</value>
          </category>
          <category>
            <label>9 o más</label>
            <value>Aisl5</value>
          </category>
        </fixed>
      </response>
    </question>
    <question>
      <text>&lt;p&gt;4. ¿A cuántos parientes sientes lo suficientemente cercanos como para llamarlos cuando necesitas ayuda?&lt;/p&gt;</text>
      <response varName="Aislamiento12p04">
        <fixed>
          <category>
            <label>Ninguno</label>
            <value>Aisl0</value>
          </category>
          <category>
            <label>1</label>
            <value>Aisl1</value>
          </category>
          <category>
            <label>2</label>
            <value>Aisl2</value>
          </category>
          <category>
            <label>3 o 4</label>
            <value>Aisl3</value>
          </category>
          <category>
            <label>5 a 8</label>
            <value>Aisl4</value>
          </category>
          <category>
            <label>9 o más</label>
            <value>Aisl5</value>
          </category>
        </fixed>
      </response>
    </question>
    <question>
      <text>&lt;p&gt;5. Cuando uno de tus parientes tiene que tomar una decisión importante, ¿con qué frecuencia te lo comenta a tí?&lt;/p&gt;</text>
      <response varName="Aislamiento12p05">
        <fixed>
          <category>
            <label>Nunca</label>
            <value>Aisl0</value>
          </category>
          <category>
            <label>Rara vez</label>
            <value>Aisl1</value>
          </category>
          <category>
            <label>A veces</label>
            <value>Aisl2</value>
          </category>
          <category>
            <label>Con frecuencia</label>
            <value>Aisl3</value>
          </category>
          <category>
            <label>Con mucha frecuencia</label>
            <value>Aisl4</value>
          </category>
          <category>
            <label>Siempre</label>
            <value>Aisl5</value>
          </category>
        </fixed>
      </response>
    </question>
    <question>
      <text>&lt;p&gt;6. ¿Con qué frecuencia uno de tus parientes está disponible para hablar cuando tú tienes que tomar una decisión importante?&lt;/p&gt;</text>
      <response varName="Aislamiento12p06">
        <fixed>
          <category>
            <label>Nunca</label>
            <value>Aisl0</value>
          </category>
          <category>
            <label>Rara vez</label>
            <value>Aisl1</value>
          </category>
          <category>
            <label>A veces</label>
            <value>Aisl2</value>
          </category>
          <category>
            <label>Con frecuencia</label>
            <value>Aisl3</value>
          </category>
          <category>
            <label>Con mucha frecuencia</label>
            <value>Aisl4</value>
          </category>
          <category>
            <label>Siempre</label>
            <value>Aisl5</value>
          </category>
        </fixed>
      </response>
    </question>
    <question>
      <text>&lt;p&gt;12. AMISTADES: Teniendo en cuenta a todos tus amigos, inclusive a aquellos que viven en tu vecindario, establecimiento educacional, trabajo, etc.&lt;/p&gt;&#13;
&#13;
&lt;p&gt; &lt;/p&gt;&#13;
&#13;
&lt;p&gt;7. ¿Con cuántos amigos te encuentras o tienes noticias de ellos, por lo menos, una vez por mes?&lt;/p&gt;</text>
      <response varName="Aislamiento12p07">
        <fixed>
          <category>
            <label>Ninguno</label>
            <value>Aisl0</value>
          </category>
          <category>
            <label>1</label>
            <value>Aisl1</value>
          </category>
          <category>
            <label>2</label>
            <value>Aisl2</value>
          </category>
          <category>
            <label>3 o 4</label>
            <value>Aisl3</value>
          </category>
          <category>
            <label>5 a 8</label>
            <value>Aisl4</value>
          </category>
          <category>
            <label>9 o más</label>
            <value>Aisl5</value>
          </category>
        </fixed>
      </response>
    </question>
    <question>
      <text>&lt;p&gt;8. ¿Con qué frecuencia te encuentras o tienes noticias del amigo con el que tienes más contacto?&lt;/p&gt;</text>
      <response varName="Aislamiento12p08">
        <fixed>
          <category>
            <label>Menos de una vez por mes</label>
            <value>Aisl0</value>
          </category>
          <category>
            <label>Mensualmente</label>
            <value>Aisl1</value>
          </category>
          <category>
            <label>Algunas veces al mes</label>
            <value>Aisl2</value>
          </category>
          <category>
            <label>Semanalmente</label>
            <value>Aisl3</value>
          </category>
          <category>
            <label>Algunas veces por semana</label>
            <value>Aisl4</value>
          </category>
          <category>
            <label>Diariamente</label>
            <value>Aisl5</value>
          </category>
        </fixed>
      </response>
    </question>
    <question>
      <text>&lt;p&gt;9. ¿Con cuántos amigos te sientes lo suficientemente cómodo como para conversar sobre tus asuntos personales?&lt;/p&gt;</text>
      <response varName="Aislamiento12p09">
        <fixed>
          <category>
            <label>Ninguno</label>
            <value>Aisl0</value>
          </category>
          <category>
            <label>1</label>
            <value>Aisl1</value>
          </category>
          <category>
            <label>2</label>
            <value>Aisl2</value>
          </category>
          <category>
            <label>3 o 4</label>
            <value>Aisl3</value>
          </category>
          <category>
            <label>5 a 8</label>
            <value>Aisl4</value>
          </category>
          <category>
            <label>9 o más</label>
            <value>Aisl5</value>
          </category>
        </fixed>
      </response>
    </question>
    <question>
      <text>&lt;p&gt;10. ¿A cuántos amigos sientes lo suficientemente cercanos como para llamarlos cuando necesitas ayuda?&lt;/p&gt;</text>
      <response varName="Aislamiento12p10">
        <fixed>
          <category>
            <label>Ninguno</label>
            <value>Aisl0</value>
          </category>
          <category>
            <label>1</label>
            <value>Aisl1</value>
          </category>
          <category>
            <label>2</label>
            <value>Aisl2</value>
          </category>
          <category>
            <label>3 o 4</label>
            <value>Aisl3</value>
          </category>
          <category>
            <label>5 a 8</label>
            <value>Aisl4</value>
          </category>
          <category>
            <label>9 o más</label>
            <value>Aisl5</value>
          </category>
        </fixed>
      </response>
    </question>
    <question>
      <text>&lt;p&gt;11. Cuando uno de tus amigos tiene que tomar una decisión importante, ¿con qué frecuencia te lo comenta a tí?&lt;/p&gt;</text>
      <response varName="Aislamiento12p11">
        <fixed>
          <category>
            <label>Nunca</label>
            <value>Aisl0</value>
          </category>
          <category>
            <label>Rara vez</label>
            <value>Aisl1</value>
          </category>
          <category>
            <label>A veces</label>
            <value>Aisl2</value>
          </category>
          <category>
            <label>Con frecuencia</label>
            <value>Aisl3</value>
          </category>
          <category>
            <label>Con mucha frecuencia</label>
            <value>Aisl4</value>
          </category>
          <category>
            <label>Siempre</label>
            <value>Aisl5</value>
          </category>
        </fixed>
      </response>
    </question>
    <question>
      <text>&lt;p&gt;12. ¿Con qué frecuencia uno de tus amigos está disponible para hablar cuando tú tienes que tomar una decisión importante?&lt;/p&gt;</text>
      <response varName="Aislamiento12p12">
        <fixed>
          <category>
            <label>Nunca</label>
            <value>Aisl0</value>
          </category>
          <category>
            <label>Rara vez</label>
            <value>Aisl1</value>
          </category>
          <category>
            <label>A veces</label>
            <value>Aisl2</value>
          </category>
          <category>
            <label>Con frecuencia</label>
            <value>Aisl3</value>
          </category>
          <category>
            <label>Con mucha frecuencia</label>
            <value>Aisl4</value>
          </category>
          <category>
            <label>Siempre</label>
            <value>Aisl5</value>
          </category>
        </fixed>
      </response>
    </question>
  </section>
</questionnaire>
