<?xml version="1.0"?>
<queXF>
  <questionnaire>
    <id>589216</id>
    <section id="1">
      <label>Preguntas</label>
      <title>Section A</title>
    </section>
    <page>
      <id>58921601</id>
      <tlx>283</tlx>
      <tly>283</tly>
      <trx>2197</trx>
      <try>283</try>
      <brx>2197</brx>
      <bry>3224</bry>
      <blx>283</blx>
      <bly>3224</bly>
      <rotation>0</rotation>
      <boxgroup>
        <type>4</type>
        <width>8</width>
        <varname>RUT</varname>
        <sortorder>1</sortorder>
        <label>RUT (sin puntos, gui&#xF3;n ni d&#xED;gito verificador. Ejemplo si el rut es 17.736.727-1 escribir 17736727):</label>
        <groupsection idref="1"/>
        <box>
          <tlx>1515</tlx>
          <tly>509</tly>
          <brx>1586</brx>
          <bry>603</bry>
          <value></value>
          <label></label>
        </box>
        <box>
          <tlx>1588</tlx>
          <tly>509</tly>
          <brx>1659</brx>
          <bry>603</bry>
          <value></value>
          <label></label>
        </box>
        <box>
          <tlx>1661</tlx>
          <tly>509</tly>
          <brx>1731</brx>
          <bry>603</bry>
          <value></value>
          <label></label>
        </box>
        <box>
          <tlx>1733</tlx>
          <tly>509</tly>
          <brx>1804</brx>
          <bry>603</bry>
          <value></value>
          <label></label>
        </box>
        <box>
          <tlx>1806</tlx>
          <tly>509</tly>
          <brx>1877</brx>
          <bry>603</bry>
          <value></value>
          <label></label>
        </box>
        <box>
          <tlx>1879</tlx>
          <tly>509</tly>
          <brx>1949</brx>
          <bry>603</bry>
          <value></value>
          <label></label>
        </box>
        <box>
          <tlx>1951</tlx>
          <tly>509</tly>
          <brx>2022</brx>
          <bry>603</bry>
          <value></value>
          <label></label>
        </box>
        <box>
          <tlx>2024</tlx>
          <tly>509</tly>
          <brx>2095</brx>
          <bry>603</bry>
          <value></value>
          <label></label>
        </box>
      </boxgroup>
      <boxgroup>
        <type>1</type>
        <width>1</width>
        <varname>Aislamiento1A</varname>
        <sortorder>2</sortorder>
        <label>&lt;p&gt;1.- &#xBF;Alguna de estas personas componen tu hogar?&lt;/p&gt;&#xD;
&#xD;
&lt;p&gt;a) Padre/padrastro?&lt;/p&gt; : </label>
        <groupsection idref="1"/>
        <box>
          <tlx>1967</tlx>
          <tly>850</tly>
          <brx>2026</brx>
          <bry>909</bry>
          <value>Y</value>
          <label>S&#xED;</label>
        </box>
        <box>
          <tlx>1967</tlx>
          <tly>956</tly>
          <brx>2026</brx>
          <bry>1015</bry>
          <value>N</value>
          <label>No</label>
        </box>
      </boxgroup>
      <boxgroup>
        <type>1</type>
        <width>1</width>
        <varname>Aislamiento1B</varname>
        <sortorder>3</sortorder>
        <label>&lt;p&gt;1.- &#xBF;Alguna de estas personas componen tu hogar?&lt;/p&gt;&#xD;
&#xD;
&lt;p&gt;b) Madre/madrastra?&lt;/p&gt; : </label>
        <groupsection idref="1"/>
        <box>
          <tlx>1967</tlx>
          <tly>1262</tly>
          <brx>2026</brx>
          <bry>1321</bry>
          <value>Y</value>
          <label>S&#xED;</label>
        </box>
        <box>
          <tlx>1967</tlx>
          <tly>1368</tly>
          <brx>2026</brx>
          <bry>1427</bry>
          <value>N</value>
          <label>No</label>
        </box>
      </boxgroup>
      <boxgroup>
        <type>4</type>
        <width>10</width>
        <varname>Aislamiento1CD_Ais1c</varname>
        <sortorder>4</sortorder>
        <label>1. c) &#xBF;cu&#xE1;ntos hermanos tienes? Indicar el n&#xFA;mero (&#x201C;0&#x201D; si no tienes hermanos).</label>
        <groupsection idref="1"/>
        <box>
          <tlx>1370</tlx>
          <tly>1525</tly>
          <brx>1441</brx>
          <bry>1620</bry>
          <value></value>
          <label></label>
        </box>
        <box>
          <tlx>1443</tlx>
          <tly>1525</tly>
          <brx>1514</brx>
          <bry>1620</bry>
          <value></value>
          <label></label>
        </box>
        <box>
          <tlx>1515</tlx>
          <tly>1525</tly>
          <brx>1586</brx>
          <bry>1620</bry>
          <value></value>
          <label></label>
        </box>
        <box>
          <tlx>1588</tlx>
          <tly>1525</tly>
          <brx>1659</brx>
          <bry>1620</bry>
          <value></value>
          <label></label>
        </box>
        <box>
          <tlx>1661</tlx>
          <tly>1525</tly>
          <brx>1731</brx>
          <bry>1620</bry>
          <value></value>
          <label></label>
        </box>
        <box>
          <tlx>1733</tlx>
          <tly>1525</tly>
          <brx>1804</brx>
          <bry>1620</bry>
          <value></value>
          <label></label>
        </box>
        <box>
          <tlx>1806</tlx>
          <tly>1525</tly>
          <brx>1877</brx>
          <bry>1620</bry>
          <value></value>
          <label></label>
        </box>
        <box>
          <tlx>1879</tlx>
          <tly>1525</tly>
          <brx>1949</brx>
          <bry>1620</bry>
          <value></value>
          <label></label>
        </box>
        <box>
          <tlx>1951</tlx>
          <tly>1525</tly>
          <brx>2022</brx>
          <bry>1620</bry>
          <value></value>
          <label></label>
        </box>
        <box>
          <tlx>2024</tlx>
          <tly>1525</tly>
          <brx>2095</brx>
          <bry>1620</bry>
          <value></value>
          <label></label>
        </box>
      </boxgroup>
      <boxgroup>
        <type>4</type>
        <width>10</width>
        <varname>Aislamiento1CD_Ais1d</varname>
        <sortorder>5</sortorder>
        <label>1. d) T&#xED;o/t&#xED;a, abuelo/abuela/u otros familiares que vivan en tu casa: indica el total de personas:</label>
        <groupsection idref="1"/>
        <box>
          <tlx>1370</tlx>
          <tly>1643</tly>
          <brx>1441</brx>
          <bry>1738</bry>
          <value></value>
          <label></label>
        </box>
        <box>
          <tlx>1443</tlx>
          <tly>1643</tly>
          <brx>1514</brx>
          <bry>1738</bry>
          <value></value>
          <label></label>
        </box>
        <box>
          <tlx>1515</tlx>
          <tly>1643</tly>
          <brx>1586</brx>
          <bry>1738</bry>
          <value></value>
          <label></label>
        </box>
        <box>
          <tlx>1588</tlx>
          <tly>1643</tly>
          <brx>1659</brx>
          <bry>1738</bry>
          <value></value>
          <label></label>
        </box>
        <box>
          <tlx>1661</tlx>
          <tly>1643</tly>
          <brx>1731</brx>
          <bry>1738</bry>
          <value></value>
          <label></label>
        </box>
        <box>
          <tlx>1733</tlx>
          <tly>1643</tly>
          <brx>1804</brx>
          <bry>1738</bry>
          <value></value>
          <label></label>
        </box>
        <box>
          <tlx>1806</tlx>
          <tly>1643</tly>
          <brx>1877</brx>
          <bry>1738</bry>
          <value></value>
          <label></label>
        </box>
        <box>
          <tlx>1879</tlx>
          <tly>1643</tly>
          <brx>1949</brx>
          <bry>1738</bry>
          <value></value>
          <label></label>
        </box>
        <box>
          <tlx>1951</tlx>
          <tly>1643</tly>
          <brx>2022</brx>
          <bry>1738</bry>
          <value></value>
          <label></label>
        </box>
        <box>
          <tlx>2024</tlx>
          <tly>1643</tly>
          <brx>2095</brx>
          <bry>1738</bry>
          <value></value>
          <label></label>
        </box>
      </boxgroup>
      <boxgroup>
        <type>4</type>
        <width>10</width>
        <varname>Aislamiento1CD_Ais02</varname>
        <sortorder>6</sortorder>
        <label>2.- &#xBF;Cu&#xE1;ntos amigos tienes actualmente? Indica el n&#xFA;mero de amigos/as con los cu&#xE1;les te relacionas personalmente (no virtualmente):</label>
        <groupsection idref="1"/>
        <box>
          <tlx>1370</tlx>
          <tly>1761</tly>
          <brx>1441</brx>
          <bry>1856</bry>
          <value></value>
          <label></label>
        </box>
        <box>
          <tlx>1443</tlx>
          <tly>1761</tly>
          <brx>1514</brx>
          <bry>1856</bry>
          <value></value>
          <label></label>
        </box>
        <box>
          <tlx>1515</tlx>
          <tly>1761</tly>
          <brx>1586</brx>
          <bry>1856</bry>
          <value></value>
          <label></label>
        </box>
        <box>
          <tlx>1588</tlx>
          <tly>1761</tly>
          <brx>1659</brx>
          <bry>1856</bry>
          <value></value>
          <label></label>
        </box>
        <box>
          <tlx>1661</tlx>
          <tly>1761</tly>
          <brx>1731</brx>
          <bry>1856</bry>
          <value></value>
          <label></label>
        </box>
        <box>
          <tlx>1733</tlx>
          <tly>1761</tly>
          <brx>1804</brx>
          <bry>1856</bry>
          <value></value>
          <label></label>
        </box>
        <box>
          <tlx>1806</tlx>
          <tly>1761</tly>
          <brx>1877</brx>
          <bry>1856</bry>
          <value></value>
          <label></label>
        </box>
        <box>
          <tlx>1879</tlx>
          <tly>1761</tly>
          <brx>1949</brx>
          <bry>1856</bry>
          <value></value>
          <label></label>
        </box>
        <box>
          <tlx>1951</tlx>
          <tly>1761</tly>
          <brx>2022</brx>
          <bry>1856</bry>
          <value></value>
          <label></label>
        </box>
        <box>
          <tlx>2024</tlx>
          <tly>1761</tly>
          <brx>2095</brx>
          <bry>1856</bry>
          <value></value>
          <label></label>
        </box>
      </boxgroup>
      <boxgroup>
        <type>4</type>
        <width>10</width>
        <varname>Aislamiento1CD_Ais03</varname>
        <sortorder>7</sortorder>
        <label>3. &#xBF;Cu&#xE1;ntos amigos &#x201C;virtuales&#x201D; tienes que consideras &#x201C;cercanos&#x201D; y/o que &#x201C;con que te contactas habitualmente ? (si es un amigo personal y virtual al mismo tiempo, no lo cuentes para esta pregunta).</label>
        <groupsection idref="1"/>
        <box>
          <tlx>1370</tlx>
          <tly>1879</tly>
          <brx>1441</brx>
          <bry>1974</bry>
          <value></value>
          <label></label>
        </box>
        <box>
          <tlx>1443</tlx>
          <tly>1879</tly>
          <brx>1514</brx>
          <bry>1974</bry>
          <value></value>
          <label></label>
        </box>
        <box>
          <tlx>1515</tlx>
          <tly>1879</tly>
          <brx>1586</brx>
          <bry>1974</bry>
          <value></value>
          <label></label>
        </box>
        <box>
          <tlx>1588</tlx>
          <tly>1879</tly>
          <brx>1659</brx>
          <bry>1974</bry>
          <value></value>
          <label></label>
        </box>
        <box>
          <tlx>1661</tlx>
          <tly>1879</tly>
          <brx>1731</brx>
          <bry>1974</bry>
          <value></value>
          <label></label>
        </box>
        <box>
          <tlx>1733</tlx>
          <tly>1879</tly>
          <brx>1804</brx>
          <bry>1974</bry>
          <value></value>
          <label></label>
        </box>
        <box>
          <tlx>1806</tlx>
          <tly>1879</tly>
          <brx>1877</brx>
          <bry>1974</bry>
          <value></value>
          <label></label>
        </box>
        <box>
          <tlx>1879</tlx>
          <tly>1879</tly>
          <brx>1949</brx>
          <bry>1974</bry>
          <value></value>
          <label></label>
        </box>
        <box>
          <tlx>1951</tlx>
          <tly>1879</tly>
          <brx>2022</brx>
          <bry>1974</bry>
          <value></value>
          <label></label>
        </box>
        <box>
          <tlx>2024</tlx>
          <tly>1879</tly>
          <brx>2095</brx>
          <bry>1974</bry>
          <value></value>
          <label></label>
        </box>
      </boxgroup>
      <boxgroup>
        <type>4</type>
        <width>10</width>
        <varname>Aislamiento1CD_Ais04</varname>
        <sortorder>8</sortorder>
        <label>4. Considerando una semana t&#xED;pica, actualmente &#xBF;a cu&#xE1;ntas personas saludas y mantienes al menos a veces una breve conversaci&#xF3;n?, considera a gente que conoces, aunque sea poco (al menos que sepas su nombre o lo actividad que realiza).</label>
        <groupsection idref="1"/>
        <box>
          <tlx>1370</tlx>
          <tly>1998</tly>
          <brx>1441</brx>
          <bry>2092</bry>
          <value></value>
          <label></label>
        </box>
        <box>
          <tlx>1443</tlx>
          <tly>1998</tly>
          <brx>1514</brx>
          <bry>2092</bry>
          <value></value>
          <label></label>
        </box>
        <box>
          <tlx>1515</tlx>
          <tly>1998</tly>
          <brx>1586</brx>
          <bry>2092</bry>
          <value></value>
          <label></label>
        </box>
        <box>
          <tlx>1588</tlx>
          <tly>1998</tly>
          <brx>1659</brx>
          <bry>2092</bry>
          <value></value>
          <label></label>
        </box>
        <box>
          <tlx>1661</tlx>
          <tly>1998</tly>
          <brx>1731</brx>
          <bry>2092</bry>
          <value></value>
          <label></label>
        </box>
        <box>
          <tlx>1733</tlx>
          <tly>1998</tly>
          <brx>1804</brx>
          <bry>2092</bry>
          <value></value>
          <label></label>
        </box>
        <box>
          <tlx>1806</tlx>
          <tly>1998</tly>
          <brx>1877</brx>
          <bry>2092</bry>
          <value></value>
          <label></label>
        </box>
        <box>
          <tlx>1879</tlx>
          <tly>1998</tly>
          <brx>1949</brx>
          <bry>2092</bry>
          <value></value>
          <label></label>
        </box>
        <box>
          <tlx>1951</tlx>
          <tly>1998</tly>
          <brx>2022</brx>
          <bry>2092</bry>
          <value></value>
          <label></label>
        </box>
        <box>
          <tlx>2024</tlx>
          <tly>1998</tly>
          <brx>2095</brx>
          <bry>2092</bry>
          <value></value>
          <label></label>
        </box>
      </boxgroup>
      <boxgroup>
        <type>4</type>
        <width>10</width>
        <varname>Aislamiento1CD_Ais05</varname>
        <sortorder>9</sortorder>
        <label>5.- Piensa o revisa tu agenda de contactos de tu tel&#xE9;fono o alg&#xFA;n otro dispotivo donde guardes nombres y direcciones de personas. M&#xE1;s o menos &#xBF;cu&#xE1;ntas personas tienes registradas, de las cu&#xE1;les con tan solo ver su nombre, te acordar&#xED;as qui&#xE9;n es? Considera solo personas con las cu&#xE1;les tienes alg&#xFA;n tipo de relaci&#xF3;n, aunque sea espor&#xE1;dico.</label>
        <groupsection idref="1"/>
        <box>
          <tlx>1370</tlx>
          <tly>2116</tly>
          <brx>1441</brx>
          <bry>2210</bry>
          <value></value>
          <label></label>
        </box>
        <box>
          <tlx>1443</tlx>
          <tly>2116</tly>
          <brx>1514</brx>
          <bry>2210</bry>
          <value></value>
          <label></label>
        </box>
        <box>
          <tlx>1515</tlx>
          <tly>2116</tly>
          <brx>1586</brx>
          <bry>2210</bry>
          <value></value>
          <label></label>
        </box>
        <box>
          <tlx>1588</tlx>
          <tly>2116</tly>
          <brx>1659</brx>
          <bry>2210</bry>
          <value></value>
          <label></label>
        </box>
        <box>
          <tlx>1661</tlx>
          <tly>2116</tly>
          <brx>1731</brx>
          <bry>2210</bry>
          <value></value>
          <label></label>
        </box>
        <box>
          <tlx>1733</tlx>
          <tly>2116</tly>
          <brx>1804</brx>
          <bry>2210</bry>
          <value></value>
          <label></label>
        </box>
        <box>
          <tlx>1806</tlx>
          <tly>2116</tly>
          <brx>1877</brx>
          <bry>2210</bry>
          <value></value>
          <label></label>
        </box>
        <box>
          <tlx>1879</tlx>
          <tly>2116</tly>
          <brx>1949</brx>
          <bry>2210</bry>
          <value></value>
          <label></label>
        </box>
        <box>
          <tlx>1951</tlx>
          <tly>2116</tly>
          <brx>2022</brx>
          <bry>2210</bry>
          <value></value>
          <label></label>
        </box>
        <box>
          <tlx>2024</tlx>
          <tly>2116</tly>
          <brx>2095</brx>
          <bry>2210</bry>
          <value></value>
          <label></label>
        </box>
      </boxgroup>
      <boxgroup>
        <type>4</type>
        <width>10</width>
        <varname>Aislamiento1CD_Ais06</varname>
        <sortorder>10</sortorder>
        <label>6. Si participas habitualmente de alg&#xFA;n club deportivo, agrupaci&#xF3;n religiosa, art&#xED;stica, pol&#xED;tica, recreativa, etc., que implique al menos un encuentro por mes &#xBF;con cu&#xE1;ntas personas te relacionas habitualmente cuando ocurre esa o esas actividades? Considera el total de contactos, si es m&#xE1;s de una actividad (s&#xFA;malos)</label>
        <groupsection idref="1"/>
        <box>
          <tlx>1370</tlx>
          <tly>2234</tly>
          <brx>1441</brx>
          <bry>2328</bry>
          <value></value>
          <label></label>
        </box>
        <box>
          <tlx>1443</tlx>
          <tly>2234</tly>
          <brx>1514</brx>
          <bry>2328</bry>
          <value></value>
          <label></label>
        </box>
        <box>
          <tlx>1515</tlx>
          <tly>2234</tly>
          <brx>1586</brx>
          <bry>2328</bry>
          <value></value>
          <label></label>
        </box>
        <box>
          <tlx>1588</tlx>
          <tly>2234</tly>
          <brx>1659</brx>
          <bry>2328</bry>
          <value></value>
          <label></label>
        </box>
        <box>
          <tlx>1661</tlx>
          <tly>2234</tly>
          <brx>1731</brx>
          <bry>2328</bry>
          <value></value>
          <label></label>
        </box>
        <box>
          <tlx>1733</tlx>
          <tly>2234</tly>
          <brx>1804</brx>
          <bry>2328</bry>
          <value></value>
          <label></label>
        </box>
        <box>
          <tlx>1806</tlx>
          <tly>2234</tly>
          <brx>1877</brx>
          <bry>2328</bry>
          <value></value>
          <label></label>
        </box>
        <box>
          <tlx>1879</tlx>
          <tly>2234</tly>
          <brx>1949</brx>
          <bry>2328</bry>
          <value></value>
          <label></label>
        </box>
        <box>
          <tlx>1951</tlx>
          <tly>2234</tly>
          <brx>2022</brx>
          <bry>2328</bry>
          <value></value>
          <label></label>
        </box>
        <box>
          <tlx>2024</tlx>
          <tly>2234</tly>
          <brx>2095</brx>
          <bry>2328</bry>
          <value></value>
          <label></label>
        </box>
      </boxgroup>
      <boxgroup>
        <type>4</type>
        <width>10</width>
        <varname>Aislamiento1CD_Ais07</varname>
        <sortorder>11</sortorder>
        <label>7. Si usas alg&#xFA;n tipo de chat o similar, como WhatsApp, Messenger u otra &#xBF;con cu&#xE1;ntas personas m&#xE1;s o menos chateas en una semana t&#xED;pica? Considera los sistemas que uses m&#xE1;s frecuentemente.</label>
        <groupsection idref="1"/>
        <box>
          <tlx>1370</tlx>
          <tly>2352</tly>
          <brx>1441</brx>
          <bry>2446</bry>
          <value></value>
          <label></label>
        </box>
        <box>
          <tlx>1443</tlx>
          <tly>2352</tly>
          <brx>1514</brx>
          <bry>2446</bry>
          <value></value>
          <label></label>
        </box>
        <box>
          <tlx>1515</tlx>
          <tly>2352</tly>
          <brx>1586</brx>
          <bry>2446</bry>
          <value></value>
          <label></label>
        </box>
        <box>
          <tlx>1588</tlx>
          <tly>2352</tly>
          <brx>1659</brx>
          <bry>2446</bry>
          <value></value>
          <label></label>
        </box>
        <box>
          <tlx>1661</tlx>
          <tly>2352</tly>
          <brx>1731</brx>
          <bry>2446</bry>
          <value></value>
          <label></label>
        </box>
        <box>
          <tlx>1733</tlx>
          <tly>2352</tly>
          <brx>1804</brx>
          <bry>2446</bry>
          <value></value>
          <label></label>
        </box>
        <box>
          <tlx>1806</tlx>
          <tly>2352</tly>
          <brx>1877</brx>
          <bry>2446</bry>
          <value></value>
          <label></label>
        </box>
        <box>
          <tlx>1879</tlx>
          <tly>2352</tly>
          <brx>1949</brx>
          <bry>2446</bry>
          <value></value>
          <label></label>
        </box>
        <box>
          <tlx>1951</tlx>
          <tly>2352</tly>
          <brx>2022</brx>
          <bry>2446</bry>
          <value></value>
          <label></label>
        </box>
        <box>
          <tlx>2024</tlx>
          <tly>2352</tly>
          <brx>2095</brx>
          <bry>2446</bry>
          <value></value>
          <label></label>
        </box>
      </boxgroup>
      <boxgroup>
        <type>4</type>
        <width>10</width>
        <varname>Aislamiento1CD_Ais08</varname>
        <sortorder>12</sortorder>
        <label>8. &#xBF;Cu&#xE1;l es el n&#xFA;mero de personas que tienes aceptadas como amigo o contacto en tus redes sociales? (facebook, instagram, etc.). Considera solo una red social, aquella que sea m&#xE1;s importante para t&#xED; y/o que uses m&#xE1;s frecuentemente.</label>
        <groupsection idref="1"/>
        <box>
          <tlx>1370</tlx>
          <tly>2470</tly>
          <brx>1441</brx>
          <bry>2564</bry>
          <value></value>
          <label></label>
        </box>
        <box>
          <tlx>1443</tlx>
          <tly>2470</tly>
          <brx>1514</brx>
          <bry>2564</bry>
          <value></value>
          <label></label>
        </box>
        <box>
          <tlx>1515</tlx>
          <tly>2470</tly>
          <brx>1586</brx>
          <bry>2564</bry>
          <value></value>
          <label></label>
        </box>
        <box>
          <tlx>1588</tlx>
          <tly>2470</tly>
          <brx>1659</brx>
          <bry>2564</bry>
          <value></value>
          <label></label>
        </box>
        <box>
          <tlx>1661</tlx>
          <tly>2470</tly>
          <brx>1731</brx>
          <bry>2564</bry>
          <value></value>
          <label></label>
        </box>
        <box>
          <tlx>1733</tlx>
          <tly>2470</tly>
          <brx>1804</brx>
          <bry>2564</bry>
          <value></value>
          <label></label>
        </box>
        <box>
          <tlx>1806</tlx>
          <tly>2470</tly>
          <brx>1877</brx>
          <bry>2564</bry>
          <value></value>
          <label></label>
        </box>
        <box>
          <tlx>1879</tlx>
          <tly>2470</tly>
          <brx>1949</brx>
          <bry>2564</bry>
          <value></value>
          <label></label>
        </box>
        <box>
          <tlx>1951</tlx>
          <tly>2470</tly>
          <brx>2022</brx>
          <bry>2564</bry>
          <value></value>
          <label></label>
        </box>
        <box>
          <tlx>2024</tlx>
          <tly>2470</tly>
          <brx>2095</brx>
          <bry>2564</bry>
          <value></value>
          <label></label>
        </box>
      </boxgroup>
      <boxgroup>
        <type>4</type>
        <width>10</width>
        <varname>Aislamiento1CD_Ais09</varname>
        <sortorder>13</sortorder>
        <label>9. Considerando amigos, cercanos y familiares &#xBF;en cu&#xE1;ntas personas conf&#xED;as realmente? Piensa en personas que considerar&#xED;as lo suficientemente cercanas como para contarles algo personal, pedirles ayuda, pedir o prestar dinero, confiarles algo tuyo de valor para su cuidado o encargarle que hagan algo pensando que no te fallar&#xE1;n.</label>
        <groupsection idref="1"/>
        <box>
          <tlx>1370</tlx>
          <tly>2588</tly>
          <brx>1441</brx>
          <bry>2683</bry>
          <value></value>
          <label></label>
        </box>
        <box>
          <tlx>1443</tlx>
          <tly>2588</tly>
          <brx>1514</brx>
          <bry>2683</bry>
          <value></value>
          <label></label>
        </box>
        <box>
          <tlx>1515</tlx>
          <tly>2588</tly>
          <brx>1586</brx>
          <bry>2683</bry>
          <value></value>
          <label></label>
        </box>
        <box>
          <tlx>1588</tlx>
          <tly>2588</tly>
          <brx>1659</brx>
          <bry>2683</bry>
          <value></value>
          <label></label>
        </box>
        <box>
          <tlx>1661</tlx>
          <tly>2588</tly>
          <brx>1731</brx>
          <bry>2683</bry>
          <value></value>
          <label></label>
        </box>
        <box>
          <tlx>1733</tlx>
          <tly>2588</tly>
          <brx>1804</brx>
          <bry>2683</bry>
          <value></value>
          <label></label>
        </box>
        <box>
          <tlx>1806</tlx>
          <tly>2588</tly>
          <brx>1877</brx>
          <bry>2683</bry>
          <value></value>
          <label></label>
        </box>
        <box>
          <tlx>1879</tlx>
          <tly>2588</tly>
          <brx>1949</brx>
          <bry>2683</bry>
          <value></value>
          <label></label>
        </box>
        <box>
          <tlx>1951</tlx>
          <tly>2588</tly>
          <brx>2022</brx>
          <bry>2683</bry>
          <value></value>
          <label></label>
        </box>
        <box>
          <tlx>2024</tlx>
          <tly>2588</tly>
          <brx>2095</brx>
          <bry>2683</bry>
          <value></value>
          <label></label>
        </box>
      </boxgroup>
    </page>
    <page>
      <id>58921602</id>
      <tlx>283</tlx>
      <tly>283</tly>
      <trx>2197</trx>
      <try>283</try>
      <brx>2197</brx>
      <bry>3224</bry>
      <blx>283</blx>
      <bly>3224</bly>
      <rotation>0</rotation>
      <boxgroup>
        <type>1</type>
        <width>5</width>
        <varname>Extra1</varname>
        <sortorder>14</sortorder>
        <label>&#xBF;Cu&#xE1;l es la red social que m&#xE1;s utiliza? : </label>
        <groupsection idref="1"/>
        <box>
          <tlx>1967</tlx>
          <tly>257</tly>
          <brx>2026</brx>
          <bry>316</bry>
          <value>Ex01</value>
          <label>Facebook</label>
        </box>
        <box>
          <tlx>1967</tlx>
          <tly>364</tly>
          <brx>2026</brx>
          <bry>423</bry>
          <value>Ex02</value>
          <label>Instagram</label>
        </box>
        <box>
          <tlx>1967</tlx>
          <tly>470</tly>
          <brx>2026</brx>
          <bry>529</bry>
          <value>Ex03</value>
          <label>Whatsapp</label>
        </box>
        <box>
          <tlx>1967</tlx>
          <tly>576</tly>
          <brx>2026</brx>
          <bry>635</bry>
          <value>Ex04</value>
          <label>Messenger</label>
        </box>
        <box>
          <tlx>1967</tlx>
          <tly>683</tly>
          <brx>2026</brx>
          <bry>742</bry>
          <value>Ex05</value>
          <label>Tinder</label>
        </box>
        <box>
          <tlx>1967</tlx>
          <tly>789</tly>
          <brx>2026</brx>
          <bry>848</bry>
          <value>Ex06</value>
          <label>YouTUbe</label>
        </box>
        <box>
          <tlx>1967</tlx>
          <tly>895</tly>
          <brx>2026</brx>
          <bry>954</bry>
          <value>Ex07</value>
          <label>Tumblr</label>
        </box>
        <box>
          <tlx>1967</tlx>
          <tly>1001</tly>
          <brx>2026</brx>
          <bry>1061</bry>
          <value>Ex08</value>
          <label>LinkedIn</label>
        </box>
        <box>
          <tlx>1967</tlx>
          <tly>1108</tly>
          <brx>2026</brx>
          <bry>1167</bry>
          <value>Ex09</value>
          <label>Twitter</label>
        </box>
        <box>
          <tlx>1967</tlx>
          <tly>1214</tly>
          <brx>2026</brx>
          <bry>1273</bry>
          <value>Ex10</value>
          <label>Snapchat</label>
        </box>
        <box>
          <tlx>1967</tlx>
          <tly>1320</tly>
          <brx>2026</brx>
          <bry>1379</bry>
          <value>Ex11</value>
          <label>Skype</label>
        </box>
        <box>
          <tlx>1967</tlx>
          <tly>1427</tly>
          <brx>2026</brx>
          <bry>1486</bry>
          <value>Ex14</value>
          <label>Google+</label>
        </box>
        <box>
          <tlx>1967</tlx>
          <tly>1533</tly>
          <brx>2026</brx>
          <bry>1592</bry>
          <value>Ex15</value>
          <label>Ninguna</label>
        </box>
        <box>
          <tlx>1967</tlx>
          <tly>1616</tly>
          <brx>2026</brx>
          <bry>1675</bry>
          <value>-oth-</value>
          <label>Otro</label>
        </box>
      </boxgroup>
      <boxgroup>
        <type>3</type>
        <width>24</width>
        <varname>Extra1other</varname>
        <sortorder>15</sortorder>
        <label>Otro</label>
        <groupsection idref="1"/>
        <box>
          <tlx>353</tlx>
          <tly>1820</tly>
          <brx>424</brx>
          <bry>1914</bry>
          <value></value>
          <label></label>
        </box>
        <box>
          <tlx>426</tlx>
          <tly>1820</tly>
          <brx>497</brx>
          <bry>1914</bry>
          <value></value>
          <label></label>
        </box>
        <box>
          <tlx>498</tlx>
          <tly>1820</tly>
          <brx>569</brx>
          <bry>1914</bry>
          <value></value>
          <label></label>
        </box>
        <box>
          <tlx>571</tlx>
          <tly>1820</tly>
          <brx>642</brx>
          <bry>1914</bry>
          <value></value>
          <label></label>
        </box>
        <box>
          <tlx>644</tlx>
          <tly>1820</tly>
          <brx>715</brx>
          <bry>1914</bry>
          <value></value>
          <label></label>
        </box>
        <box>
          <tlx>716</tlx>
          <tly>1820</tly>
          <brx>787</brx>
          <bry>1914</bry>
          <value></value>
          <label></label>
        </box>
        <box>
          <tlx>789</tlx>
          <tly>1820</tly>
          <brx>860</brx>
          <bry>1914</bry>
          <value></value>
          <label></label>
        </box>
        <box>
          <tlx>862</tlx>
          <tly>1820</tly>
          <brx>932</brx>
          <bry>1914</bry>
          <value></value>
          <label></label>
        </box>
        <box>
          <tlx>934</tlx>
          <tly>1820</tly>
          <brx>1005</brx>
          <bry>1914</bry>
          <value></value>
          <label></label>
        </box>
        <box>
          <tlx>1007</tlx>
          <tly>1820</tly>
          <brx>1078</brx>
          <bry>1914</bry>
          <value></value>
          <label></label>
        </box>
        <box>
          <tlx>1080</tlx>
          <tly>1820</tly>
          <brx>1150</brx>
          <bry>1914</bry>
          <value></value>
          <label></label>
        </box>
        <box>
          <tlx>1152</tlx>
          <tly>1820</tly>
          <brx>1223</brx>
          <bry>1914</bry>
          <value></value>
          <label></label>
        </box>
        <box>
          <tlx>1225</tlx>
          <tly>1820</tly>
          <brx>1296</brx>
          <bry>1914</bry>
          <value></value>
          <label></label>
        </box>
        <box>
          <tlx>1297</tlx>
          <tly>1820</tly>
          <brx>1368</brx>
          <bry>1914</bry>
          <value></value>
          <label></label>
        </box>
        <box>
          <tlx>1370</tlx>
          <tly>1820</tly>
          <brx>1441</brx>
          <bry>1914</bry>
          <value></value>
          <label></label>
        </box>
        <box>
          <tlx>1443</tlx>
          <tly>1820</tly>
          <brx>1514</brx>
          <bry>1914</bry>
          <value></value>
          <label></label>
        </box>
        <box>
          <tlx>1515</tlx>
          <tly>1820</tly>
          <brx>1586</brx>
          <bry>1914</bry>
          <value></value>
          <label></label>
        </box>
        <box>
          <tlx>1588</tlx>
          <tly>1820</tly>
          <brx>1659</brx>
          <bry>1914</bry>
          <value></value>
          <label></label>
        </box>
        <box>
          <tlx>1661</tlx>
          <tly>1820</tly>
          <brx>1731</brx>
          <bry>1914</bry>
          <value></value>
          <label></label>
        </box>
        <box>
          <tlx>1733</tlx>
          <tly>1820</tly>
          <brx>1804</brx>
          <bry>1914</bry>
          <value></value>
          <label></label>
        </box>
        <box>
          <tlx>1806</tlx>
          <tly>1820</tly>
          <brx>1877</brx>
          <bry>1914</bry>
          <value></value>
          <label></label>
        </box>
        <box>
          <tlx>1879</tlx>
          <tly>1820</tly>
          <brx>1949</brx>
          <bry>1914</bry>
          <value></value>
          <label></label>
        </box>
        <box>
          <tlx>1951</tlx>
          <tly>1820</tly>
          <brx>2022</brx>
          <bry>1914</bry>
          <value></value>
          <label></label>
        </box>
        <box>
          <tlx>2024</tlx>
          <tly>1820</tly>
          <brx>2095</brx>
          <bry>1914</bry>
          <value></value>
          <label></label>
        </box>
      </boxgroup>
      <boxgroup>
        <type>1</type>
        <width>3</width>
        <varname>Extra2_SQ001</varname>
        <sortorder>16</sortorder>
        <label>En caso de haber escogido una red social: &#xBF;Con que frecuencia utiliza esta red social? : </label>
        <groupsection idref="1"/>
        <box>
          <tlx>1199</tlx>
          <tly>2225</tly>
          <brx>1258</brx>
          <bry>2284</bry>
          <value>Ex1</value>
          <label>Casi nunca</label>
        </box>
        <box>
          <tlx>1352</tlx>
          <tly>2225</tly>
          <brx>1411</brx>
          <bry>2284</bry>
          <value>Ex2</value>
          <label>Poco</label>
        </box>
        <box>
          <tlx>1506</tlx>
          <tly>2225</tly>
          <brx>1565</brx>
          <bry>2284</bry>
          <value>Ex3</value>
          <label>A veces</label>
        </box>
        <box>
          <tlx>1659</tlx>
          <tly>2225</tly>
          <brx>1719</brx>
          <bry>2284</bry>
          <value>Ex4</value>
          <label>Frecuentemente</label>
        </box>
        <box>
          <tlx>1813</tlx>
          <tly>2225</tly>
          <brx>1872</brx>
          <bry>2284</bry>
          <value>Ex5</value>
          <label>Muy frecuentemente</label>
        </box>
        <box>
          <tlx>1967</tlx>
          <tly>2225</tly>
          <brx>2026</brx>
          <bry>2284</bry>
          <value>Ex6</value>
          <label>No aplica</label>
        </box>
      </boxgroup>
      <boxgroup>
        <type>1</type>
        <width>4</width>
        <varname>Aislamiento10_Ais10p1</varname>
        <sortorder>17</sortorder>
        <label>&lt;p style="text-align: justify;"&gt;10.- Finalmente, a cada una de las siguentes afirmaciones, responde que tan a menudo te sientes de esa manera:&lt;/p&gt; : &#xBF;Con qu&#xE9; frecuencia sientes que te falta compa&#xF1;&#xED;a?</label>
        <groupsection idref="1"/>
        <box>
          <tlx>1506</tlx>
          <tly>2604</tly>
          <brx>1565</brx>
          <bry>2663</bry>
          <value>Ais1</value>
          <label>Nunca</label>
        </box>
        <box>
          <tlx>1659</tlx>
          <tly>2604</tly>
          <brx>1719</brx>
          <bry>2663</bry>
          <value>Ais2</value>
          <label>Raramente</label>
        </box>
        <box>
          <tlx>1813</tlx>
          <tly>2604</tly>
          <brx>1872</brx>
          <bry>2663</bry>
          <value>Ais3</value>
          <label>A veces</label>
        </box>
        <box>
          <tlx>1967</tlx>
          <tly>2604</tly>
          <brx>2026</brx>
          <bry>2663</bry>
          <value>Ais4</value>
          <label>Siempre</label>
        </box>
      </boxgroup>
      <boxgroup>
        <type>1</type>
        <width>4</width>
        <varname>Aislamiento10_Ais10p2</varname>
        <sortorder>18</sortorder>
        <label>&lt;p style="text-align: justify;"&gt;10.- Finalmente, a cada una de las siguentes afirmaciones, responde que tan a menudo te sientes de esa manera:&lt;/p&gt; : &#xBF;Con qu&#xE9; frecuencia te sientes dejado fuera?</label>
        <groupsection idref="1"/>
        <box>
          <tlx>1506</tlx>
          <tly>2728</tly>
          <brx>1565</brx>
          <bry>2787</bry>
          <value>Ais1</value>
          <label>Nunca</label>
        </box>
        <box>
          <tlx>1659</tlx>
          <tly>2728</tly>
          <brx>1719</brx>
          <bry>2787</bry>
          <value>Ais2</value>
          <label>Raramente</label>
        </box>
        <box>
          <tlx>1813</tlx>
          <tly>2728</tly>
          <brx>1872</brx>
          <bry>2787</bry>
          <value>Ais3</value>
          <label>A veces</label>
        </box>
        <box>
          <tlx>1967</tlx>
          <tly>2728</tly>
          <brx>2026</brx>
          <bry>2787</bry>
          <value>Ais4</value>
          <label>Siempre</label>
        </box>
      </boxgroup>
      <boxgroup>
        <type>1</type>
        <width>4</width>
        <varname>Aislamiento10_Ais10p3</varname>
        <sortorder>19</sortorder>
        <label>&lt;p style="text-align: justify;"&gt;10.- Finalmente, a cada una de las siguentes afirmaciones, responde que tan a menudo te sientes de esa manera:&lt;/p&gt; : &#xBF;Con qu&#xE9; frecuencia te sientes aislado de los dem&#xE1;s?</label>
        <groupsection idref="1"/>
        <box>
          <tlx>1506</tlx>
          <tly>2852</tly>
          <brx>1565</brx>
          <bry>2911</bry>
          <value>Ais1</value>
          <label>Nunca</label>
        </box>
        <box>
          <tlx>1659</tlx>
          <tly>2852</tly>
          <brx>1719</brx>
          <bry>2911</bry>
          <value>Ais2</value>
          <label>Raramente</label>
        </box>
        <box>
          <tlx>1813</tlx>
          <tly>2852</tly>
          <brx>1872</brx>
          <bry>2911</bry>
          <value>Ais3</value>
          <label>A veces</label>
        </box>
        <box>
          <tlx>1967</tlx>
          <tly>2852</tly>
          <brx>2026</brx>
          <bry>2911</bry>
          <value>Ais4</value>
          <label>Siempre</label>
        </box>
      </boxgroup>
      <boxgroup>
        <type>1</type>
        <width>4</width>
        <varname>Aislamiento10_Ais10p4</varname>
        <sortorder>20</sortorder>
        <label>&lt;p style="text-align: justify;"&gt;10.- Finalmente, a cada una de las siguentes afirmaciones, responde que tan a menudo te sientes de esa manera:&lt;/p&gt; : &#xBF;Con qu&#xE9; frecuencia te sientes solo?</label>
        <groupsection idref="1"/>
        <box>
          <tlx>1506</tlx>
          <tly>2976</tly>
          <brx>1565</brx>
          <bry>3035</bry>
          <value>Ais1</value>
          <label>Nunca</label>
        </box>
        <box>
          <tlx>1659</tlx>
          <tly>2976</tly>
          <brx>1719</brx>
          <bry>3035</bry>
          <value>Ais2</value>
          <label>Raramente</label>
        </box>
        <box>
          <tlx>1813</tlx>
          <tly>2976</tly>
          <brx>1872</brx>
          <bry>3035</bry>
          <value>Ais3</value>
          <label>A veces</label>
        </box>
        <box>
          <tlx>1967</tlx>
          <tly>2976</tly>
          <brx>2026</brx>
          <bry>3035</bry>
          <value>Ais4</value>
          <label>Siempre</label>
        </box>
      </boxgroup>
      <boxgroup>
        <type>1</type>
        <width>4</width>
        <varname>Aislamiento10_Ais10p5</varname>
        <sortorder>21</sortorder>
        <label>&lt;p style="text-align: justify;"&gt;10.- Finalmente, a cada una de las siguentes afirmaciones, responde que tan a menudo te sientes de esa manera:&lt;/p&gt; : &#xBF;Con qu&#xE9; frecuencia sientes que ya no eres cercano a nadie?</label>
        <groupsection idref="1"/>
        <box>
          <tlx>1506</tlx>
          <tly>3100</tly>
          <brx>1565</brx>
          <bry>3159</bry>
          <value>Ais1</value>
          <label>Nunca</label>
        </box>
        <box>
          <tlx>1659</tlx>
          <tly>3100</tly>
          <brx>1719</brx>
          <bry>3159</bry>
          <value>Ais2</value>
          <label>Raramente</label>
        </box>
        <box>
          <tlx>1813</tlx>
          <tly>3100</tly>
          <brx>1872</brx>
          <bry>3159</bry>
          <value>Ais3</value>
          <label>A veces</label>
        </box>
        <box>
          <tlx>1967</tlx>
          <tly>3100</tly>
          <brx>2026</brx>
          <bry>3159</bry>
          <value>Ais4</value>
          <label>Siempre</label>
        </box>
      </boxgroup>
      <boxgroup>
        <type>1</type>
        <width>4</width>
        <varname>Aislamiento10_Ais10p6</varname>
        <sortorder>22</sortorder>
        <label>&lt;p style="text-align: justify;"&gt;10.- Finalmente, a cada una de las siguentes afirmaciones, responde que tan a menudo te sientes de esa manera:&lt;/p&gt; : &#xBF;Con qu&#xE9; frecuencia sientes que nadie te conoce muy bien?</label>
        <groupsection idref="1"/>
        <box>
          <tlx>1506</tlx>
          <tly>3224</tly>
          <brx>1565</brx>
          <bry>3283</bry>
          <value>Ais1</value>
          <label>Nunca</label>
        </box>
        <box>
          <tlx>1659</tlx>
          <tly>3224</tly>
          <brx>1719</brx>
          <bry>3283</bry>
          <value>Ais2</value>
          <label>Raramente</label>
        </box>
        <box>
          <tlx>1813</tlx>
          <tly>3224</tly>
          <brx>1872</brx>
          <bry>3283</bry>
          <value>Ais3</value>
          <label>A veces</label>
        </box>
        <box>
          <tlx>1967</tlx>
          <tly>3224</tly>
          <brx>2026</brx>
          <bry>3283</bry>
          <value>Ais4</value>
          <label>Siempre</label>
        </box>
      </boxgroup>
    </page>
    <page>
      <id>58921603</id>
      <tlx>283</tlx>
      <tly>283</tly>
      <trx>2197</trx>
      <try>283</try>
      <brx>2197</brx>
      <bry>3224</bry>
      <blx>283</blx>
      <bly>3224</bly>
      <rotation>0</rotation>
      <boxgroup>
        <type>1</type>
        <width>4</width>
        <varname>Aislamiento10_Ais10p7</varname>
        <sortorder>23</sortorder>
        <label>&lt;p style="text-align: justify;"&gt;10.- Finalmente, a cada una de las siguentes afirmaciones, responde que tan a menudo te sientes de esa manera:&lt;/p&gt; : &#xBF;Con qu&#xE9; frecuencia sientes que la gente est&#xE1; a tu alrededor, pero no contigo?</label>
        <groupsection idref="1"/>
        <box>
          <tlx>1506</tlx>
          <tly>322</tly>
          <brx>1565</brx>
          <bry>381</bry>
          <value>Ais1</value>
          <label>Nunca</label>
        </box>
        <box>
          <tlx>1659</tlx>
          <tly>322</tly>
          <brx>1719</brx>
          <bry>381</bry>
          <value>Ais2</value>
          <label>Raramente</label>
        </box>
        <box>
          <tlx>1813</tlx>
          <tly>322</tly>
          <brx>1872</brx>
          <bry>381</bry>
          <value>Ais3</value>
          <label>A veces</label>
        </box>
        <box>
          <tlx>1967</tlx>
          <tly>322</tly>
          <brx>2026</brx>
          <bry>381</bry>
          <value>Ais4</value>
          <label>Siempre</label>
        </box>
      </boxgroup>
      <boxgroup>
        <type>1</type>
        <width>4</width>
        <varname>Aislamiento10_Ais10p8</varname>
        <sortorder>24</sortorder>
        <label>&lt;p style="text-align: justify;"&gt;10.- Finalmente, a cada una de las siguentes afirmaciones, responde que tan a menudo te sientes de esa manera:&lt;/p&gt; : &#xBF;Con qu&#xE9; frecuencia siente que est&#xE1;s "en sinton&#xED;a" con las personas que te rodean?</label>
        <groupsection idref="1"/>
        <box>
          <tlx>1506</tlx>
          <tly>446</tly>
          <brx>1565</brx>
          <bry>505</bry>
          <value>Ais1</value>
          <label>Nunca</label>
        </box>
        <box>
          <tlx>1659</tlx>
          <tly>446</tly>
          <brx>1719</brx>
          <bry>505</bry>
          <value>Ais2</value>
          <label>Raramente</label>
        </box>
        <box>
          <tlx>1813</tlx>
          <tly>446</tly>
          <brx>1872</brx>
          <bry>505</bry>
          <value>Ais3</value>
          <label>A veces</label>
        </box>
        <box>
          <tlx>1967</tlx>
          <tly>446</tly>
          <brx>2026</brx>
          <bry>505</bry>
          <value>Ais4</value>
          <label>Siempre</label>
        </box>
      </boxgroup>
      <boxgroup>
        <type>1</type>
        <width>5</width>
        <varname>Aislamiento11_Ais11p01</varname>
        <sortorder>25</sortorder>
        <label>11. Por favor indica para cada una de las siguientes afirmaciones el grado en que se aplican en t&#xED; de acuerdo a tu situaci&#xF3;n actual y respecto a lo que sientes ahora : Siempre hay alguien con quien puedo hablar de mis problemas diarios.</label>
        <groupsection idref="1"/>
        <box>
          <tlx>1659</tlx>
          <tly>887</tly>
          <brx>1719</brx>
          <bry>946</bry>
          <value>Ais01</value>
          <label>No</label>
        </box>
        <box>
          <tlx>1813</tlx>
          <tly>887</tly>
          <brx>1872</brx>
          <bry>946</bry>
          <value>Ais02</value>
          <label>Mas o menos</label>
        </box>
        <box>
          <tlx>1967</tlx>
          <tly>887</tly>
          <brx>2026</brx>
          <bry>946</bry>
          <value>Ais03</value>
          <label>Si</label>
        </box>
      </boxgroup>
      <boxgroup>
        <type>1</type>
        <width>5</width>
        <varname>Aislamiento11_Ais11p02</varname>
        <sortorder>26</sortorder>
        <label>11. Por favor indica para cada una de las siguientes afirmaciones el grado en que se aplican en t&#xED; de acuerdo a tu situaci&#xF3;n actual y respecto a lo que sientes ahora : Echo de menos tener un buen amigo de verdad.</label>
        <groupsection idref="1"/>
        <box>
          <tlx>1659</tlx>
          <tly>1011</tly>
          <brx>1719</brx>
          <bry>1070</bry>
          <value>Ais01</value>
          <label>No</label>
        </box>
        <box>
          <tlx>1813</tlx>
          <tly>1011</tly>
          <brx>1872</brx>
          <bry>1070</bry>
          <value>Ais02</value>
          <label>Mas o menos</label>
        </box>
        <box>
          <tlx>1967</tlx>
          <tly>1011</tly>
          <brx>2026</brx>
          <bry>1070</bry>
          <value>Ais03</value>
          <label>Si</label>
        </box>
      </boxgroup>
      <boxgroup>
        <type>1</type>
        <width>5</width>
        <varname>Aislamiento11_Ais11p03</varname>
        <sortorder>27</sortorder>
        <label>11. Por favor indica para cada una de las siguientes afirmaciones el grado en que se aplican en t&#xED; de acuerdo a tu situaci&#xF3;n actual y respecto a lo que sientes ahora : Siento una sensaci&#xF3;n de vacio a mi alrededor.</label>
        <groupsection idref="1"/>
        <box>
          <tlx>1659</tlx>
          <tly>1135</tly>
          <brx>1719</brx>
          <bry>1194</bry>
          <value>Ais01</value>
          <label>No</label>
        </box>
        <box>
          <tlx>1813</tlx>
          <tly>1135</tly>
          <brx>1872</brx>
          <bry>1194</bry>
          <value>Ais02</value>
          <label>Mas o menos</label>
        </box>
        <box>
          <tlx>1967</tlx>
          <tly>1135</tly>
          <brx>2026</brx>
          <bry>1194</bry>
          <value>Ais03</value>
          <label>Si</label>
        </box>
      </boxgroup>
      <boxgroup>
        <type>1</type>
        <width>5</width>
        <varname>Aislamiento11_Ais11p04</varname>
        <sortorder>28</sortorder>
        <label>11. Por favor indica para cada una de las siguientes afirmaciones el grado en que se aplican en t&#xED; de acuerdo a tu situaci&#xF3;n actual y respecto a lo que sientes ahora : Hay suficientes personas a las que puedo recurrir en caso de necesidad.</label>
        <groupsection idref="1"/>
        <box>
          <tlx>1659</tlx>
          <tly>1259</tly>
          <brx>1719</brx>
          <bry>1318</bry>
          <value>Ais01</value>
          <label>No</label>
        </box>
        <box>
          <tlx>1813</tlx>
          <tly>1259</tly>
          <brx>1872</brx>
          <bry>1318</bry>
          <value>Ais02</value>
          <label>Mas o menos</label>
        </box>
        <box>
          <tlx>1967</tlx>
          <tly>1259</tly>
          <brx>2026</brx>
          <bry>1318</bry>
          <value>Ais03</value>
          <label>Si</label>
        </box>
      </boxgroup>
      <boxgroup>
        <type>1</type>
        <width>5</width>
        <varname>Aislamiento11_Ais11p05</varname>
        <sortorder>29</sortorder>
        <label>11. Por favor indica para cada una de las siguientes afirmaciones el grado en que se aplican en t&#xED; de acuerdo a tu situaci&#xF3;n actual y respecto a lo que sientes ahora : Echo de menos la compa&#xF1;ia de otras personas.</label>
        <groupsection idref="1"/>
        <box>
          <tlx>1659</tlx>
          <tly>1383</tly>
          <brx>1719</brx>
          <bry>1442</bry>
          <value>Ais01</value>
          <label>No</label>
        </box>
        <box>
          <tlx>1813</tlx>
          <tly>1383</tly>
          <brx>1872</brx>
          <bry>1442</bry>
          <value>Ais02</value>
          <label>Mas o menos</label>
        </box>
        <box>
          <tlx>1967</tlx>
          <tly>1383</tly>
          <brx>2026</brx>
          <bry>1442</bry>
          <value>Ais03</value>
          <label>Si</label>
        </box>
      </boxgroup>
      <boxgroup>
        <type>1</type>
        <width>5</width>
        <varname>Aislamiento11_Ais11p06</varname>
        <sortorder>30</sortorder>
        <label>11. Por favor indica para cada una de las siguientes afirmaciones el grado en que se aplican en t&#xED; de acuerdo a tu situaci&#xF3;n actual y respecto a lo que sientes ahora : Pienso que mi circulo de amistad es demasiado limitado.</label>
        <groupsection idref="1"/>
        <box>
          <tlx>1659</tlx>
          <tly>1507</tly>
          <brx>1719</brx>
          <bry>1566</bry>
          <value>Ais01</value>
          <label>No</label>
        </box>
        <box>
          <tlx>1813</tlx>
          <tly>1507</tly>
          <brx>1872</brx>
          <bry>1566</bry>
          <value>Ais02</value>
          <label>Mas o menos</label>
        </box>
        <box>
          <tlx>1967</tlx>
          <tly>1507</tly>
          <brx>2026</brx>
          <bry>1566</bry>
          <value>Ais03</value>
          <label>Si</label>
        </box>
      </boxgroup>
      <boxgroup>
        <type>1</type>
        <width>5</width>
        <varname>Aislamiento11_Ais11p07</varname>
        <sortorder>31</sortorder>
        <label>11. Por favor indica para cada una de las siguientes afirmaciones el grado en que se aplican en t&#xED; de acuerdo a tu situaci&#xF3;n actual y respecto a lo que sientes ahora : Tengo mucha gente en la que confiar completamente.</label>
        <groupsection idref="1"/>
        <box>
          <tlx>1659</tlx>
          <tly>1631</tly>
          <brx>1719</brx>
          <bry>1690</bry>
          <value>Ais01</value>
          <label>No</label>
        </box>
        <box>
          <tlx>1813</tlx>
          <tly>1631</tly>
          <brx>1872</brx>
          <bry>1690</bry>
          <value>Ais02</value>
          <label>Mas o menos</label>
        </box>
        <box>
          <tlx>1967</tlx>
          <tly>1631</tly>
          <brx>2026</brx>
          <bry>1690</bry>
          <value>Ais03</value>
          <label>Si</label>
        </box>
      </boxgroup>
      <boxgroup>
        <type>1</type>
        <width>5</width>
        <varname>Aislamiento11_Ais11p08</varname>
        <sortorder>32</sortorder>
        <label>11. Por favor indica para cada una de las siguientes afirmaciones el grado en que se aplican en t&#xED; de acuerdo a tu situaci&#xF3;n actual y respecto a lo que sientes ahora : Hay suficientes personas con las que tengo una amistad muy cercana.</label>
        <groupsection idref="1"/>
        <box>
          <tlx>1659</tlx>
          <tly>1755</tly>
          <brx>1719</brx>
          <bry>1814</bry>
          <value>Ais01</value>
          <label>No</label>
        </box>
        <box>
          <tlx>1813</tlx>
          <tly>1755</tly>
          <brx>1872</brx>
          <bry>1814</bry>
          <value>Ais02</value>
          <label>Mas o menos</label>
        </box>
        <box>
          <tlx>1967</tlx>
          <tly>1755</tly>
          <brx>2026</brx>
          <bry>1814</bry>
          <value>Ais03</value>
          <label>Si</label>
        </box>
      </boxgroup>
      <boxgroup>
        <type>1</type>
        <width>5</width>
        <varname>Aislamiento11_Ais11p09</varname>
        <sortorder>33</sortorder>
        <label>11. Por favor indica para cada una de las siguientes afirmaciones el grado en que se aplican en t&#xED; de acuerdo a tu situaci&#xF3;n actual y respecto a lo que sientes ahora : Echo de menos tener gente a mi alrededor.</label>
        <groupsection idref="1"/>
        <box>
          <tlx>1659</tlx>
          <tly>1879</tly>
          <brx>1719</brx>
          <bry>1938</bry>
          <value>Ais01</value>
          <label>No</label>
        </box>
        <box>
          <tlx>1813</tlx>
          <tly>1879</tly>
          <brx>1872</brx>
          <bry>1938</bry>
          <value>Ais02</value>
          <label>Mas o menos</label>
        </box>
        <box>
          <tlx>1967</tlx>
          <tly>1879</tly>
          <brx>2026</brx>
          <bry>1938</bry>
          <value>Ais03</value>
          <label>Si</label>
        </box>
      </boxgroup>
      <boxgroup>
        <type>1</type>
        <width>5</width>
        <varname>Aislamiento11_Ais11p10</varname>
        <sortorder>34</sortorder>
        <label>11. Por favor indica para cada una de las siguientes afirmaciones el grado en que se aplican en t&#xED; de acuerdo a tu situaci&#xF3;n actual y respecto a lo que sientes ahora : Me siento abandonado a menudo.</label>
        <groupsection idref="1"/>
        <box>
          <tlx>1659</tlx>
          <tly>2003</tly>
          <brx>1719</brx>
          <bry>2063</bry>
          <value>Ais01</value>
          <label>No</label>
        </box>
        <box>
          <tlx>1813</tlx>
          <tly>2003</tly>
          <brx>1872</brx>
          <bry>2063</bry>
          <value>Ais02</value>
          <label>Mas o menos</label>
        </box>
        <box>
          <tlx>1967</tlx>
          <tly>2003</tly>
          <brx>2026</brx>
          <bry>2063</bry>
          <value>Ais03</value>
          <label>Si</label>
        </box>
      </boxgroup>
      <boxgroup>
        <type>1</type>
        <width>5</width>
        <varname>Aislamiento11_Ais11p11</varname>
        <sortorder>35</sortorder>
        <label>11. Por favor indica para cada una de las siguientes afirmaciones el grado en que se aplican en t&#xED; de acuerdo a tu situaci&#xF3;n actual y respecto a lo que sientes ahora : Puedo contar con mis amigos siempre que lo necesito.</label>
        <groupsection idref="1"/>
        <box>
          <tlx>1659</tlx>
          <tly>2127</tly>
          <brx>1719</brx>
          <bry>2187</bry>
          <value>Ais01</value>
          <label>No</label>
        </box>
        <box>
          <tlx>1813</tlx>
          <tly>2127</tly>
          <brx>1872</brx>
          <bry>2187</bry>
          <value>Ais02</value>
          <label>Mas o menos</label>
        </box>
        <box>
          <tlx>1967</tlx>
          <tly>2127</tly>
          <brx>2026</brx>
          <bry>2187</bry>
          <value>Ais03</value>
          <label>Si</label>
        </box>
      </boxgroup>
      <boxgroup>
        <type>1</type>
        <width>5</width>
        <varname>Aislamiento12p01</varname>
        <sortorder>36</sortorder>
        <label>&lt;p&gt;12. FAMILIARES: Teniendo en cuenta a las personas con las que t&#xFA; est&#xE1;s relacionado ya sea por nacimiento, casamiento, adopci&#xF3;n, etc....&lt;/p&gt;&#xD;
&#xD;
&lt;p&gt;&#xA0;&lt;/p&gt;&#xD;
&#xD;
&lt;p&gt;1. &#xBF;Con cu&#xE1;ntos parientes te encuentras o tienes noticias de ellos, por lo menos, una vez por mes?&lt;/p&gt; : </label>
        <groupsection idref="1"/>
        <box>
          <tlx>1967</tlx>
          <tly>2692</tly>
          <brx>2026</brx>
          <bry>2751</bry>
          <value>Aisl0</value>
          <label>Ninguno</label>
        </box>
        <box>
          <tlx>1967</tlx>
          <tly>2798</tly>
          <brx>2026</brx>
          <bry>2857</bry>
          <value>Aisl1</value>
          <label>1</label>
        </box>
        <box>
          <tlx>1967</tlx>
          <tly>2905</tly>
          <brx>2026</brx>
          <bry>2964</bry>
          <value>Aisl2</value>
          <label>2</label>
        </box>
        <box>
          <tlx>1967</tlx>
          <tly>3011</tly>
          <brx>2026</brx>
          <bry>3070</bry>
          <value>Aisl3</value>
          <label>3 o 4</label>
        </box>
        <box>
          <tlx>1967</tlx>
          <tly>3117</tly>
          <brx>2026</brx>
          <bry>3176</bry>
          <value>Aisl4</value>
          <label>5 a 8</label>
        </box>
        <box>
          <tlx>1967</tlx>
          <tly>3223</tly>
          <brx>2026</brx>
          <bry>3282</bry>
          <value>Aisl5</value>
          <label>9 o m&#xE1;s</label>
        </box>
      </boxgroup>
    </page>
    <page>
      <id>58921604</id>
      <tlx>283</tlx>
      <tly>283</tly>
      <trx>2197</trx>
      <try>283</try>
      <brx>2197</brx>
      <bry>3224</bry>
      <blx>283</blx>
      <bly>3224</bly>
      <rotation>0</rotation>
      <boxgroup>
        <type>1</type>
        <width>5</width>
        <varname>Aislamiento12p02</varname>
        <sortorder>37</sortorder>
        <label>&lt;p&gt;2. &#xBF;Con qu&#xE9; frecuencia te encuentras o tienes noticias del pariente con el que tienes m&#xE1;s contacto?&lt;/p&gt; : </label>
        <groupsection idref="1"/>
        <box>
          <tlx>1967</tlx>
          <tly>320</tly>
          <brx>2026</brx>
          <bry>379</bry>
          <value>Aisl0</value>
          <label>Menos de una vez por mes</label>
        </box>
        <box>
          <tlx>1967</tlx>
          <tly>426</tly>
          <brx>2026</brx>
          <bry>485</bry>
          <value>Aisl1</value>
          <label>Mensualmente</label>
        </box>
        <box>
          <tlx>1967</tlx>
          <tly>532</tly>
          <brx>2026</brx>
          <bry>592</bry>
          <value>Aisl2</value>
          <label>Algunas veces al mes</label>
        </box>
        <box>
          <tlx>1967</tlx>
          <tly>639</tly>
          <brx>2026</brx>
          <bry>698</bry>
          <value>Aisl3</value>
          <label>Semanalmente</label>
        </box>
        <box>
          <tlx>1967</tlx>
          <tly>745</tly>
          <brx>2026</brx>
          <bry>804</bry>
          <value>Aisl4</value>
          <label>Algunas veces por semana</label>
        </box>
        <box>
          <tlx>1967</tlx>
          <tly>851</tly>
          <brx>2026</brx>
          <bry>910</bry>
          <value>Aisl5</value>
          <label>Diariamente</label>
        </box>
      </boxgroup>
      <boxgroup>
        <type>1</type>
        <width>5</width>
        <varname>Aislamiento12p03</varname>
        <sortorder>38</sortorder>
        <label>&lt;p&gt;3. &#xBF;Con cu&#xE1;ntos parientes te sientes lo suficientemente c&#xF3;modo como para conversar sobre tus asuntos personales?&lt;/p&gt; : </label>
        <groupsection idref="1"/>
        <box>
          <tlx>1967</tlx>
          <tly>1094</tly>
          <brx>2026</brx>
          <bry>1154</bry>
          <value>Aisl0</value>
          <label>Ninguno</label>
        </box>
        <box>
          <tlx>1967</tlx>
          <tly>1201</tly>
          <brx>2026</brx>
          <bry>1260</bry>
          <value>Aisl1</value>
          <label>1</label>
        </box>
        <box>
          <tlx>1967</tlx>
          <tly>1307</tly>
          <brx>2026</brx>
          <bry>1366</bry>
          <value>Aisl2</value>
          <label>2</label>
        </box>
        <box>
          <tlx>1967</tlx>
          <tly>1413</tly>
          <brx>2026</brx>
          <bry>1472</bry>
          <value>Aisl3</value>
          <label>3 o 4</label>
        </box>
        <box>
          <tlx>1967</tlx>
          <tly>1520</tly>
          <brx>2026</brx>
          <bry>1579</bry>
          <value>Aisl4</value>
          <label>5 a 8</label>
        </box>
        <box>
          <tlx>1967</tlx>
          <tly>1626</tly>
          <brx>2026</brx>
          <bry>1685</bry>
          <value>Aisl5</value>
          <label>9 o m&#xE1;s</label>
        </box>
      </boxgroup>
      <boxgroup>
        <type>1</type>
        <width>5</width>
        <varname>Aislamiento12p04</varname>
        <sortorder>39</sortorder>
        <label>&lt;p&gt;4. &#xBF;A cu&#xE1;ntos parientes sientes lo suficientemente cercanos como para llamarlos cuando necesitas ayuda?&lt;/p&gt; : </label>
        <groupsection idref="1"/>
        <box>
          <tlx>1967</tlx>
          <tly>1869</tly>
          <brx>2026</brx>
          <bry>1928</bry>
          <value>Aisl0</value>
          <label>Ninguno</label>
        </box>
        <box>
          <tlx>1967</tlx>
          <tly>1975</tly>
          <brx>2026</brx>
          <bry>2034</bry>
          <value>Aisl1</value>
          <label>1</label>
        </box>
        <box>
          <tlx>1967</tlx>
          <tly>2082</tly>
          <brx>2026</brx>
          <bry>2141</bry>
          <value>Aisl2</value>
          <label>2</label>
        </box>
        <box>
          <tlx>1967</tlx>
          <tly>2188</tly>
          <brx>2026</brx>
          <bry>2247</bry>
          <value>Aisl3</value>
          <label>3 o 4</label>
        </box>
        <box>
          <tlx>1967</tlx>
          <tly>2294</tly>
          <brx>2026</brx>
          <bry>2353</bry>
          <value>Aisl4</value>
          <label>5 a 8</label>
        </box>
        <box>
          <tlx>1967</tlx>
          <tly>2401</tly>
          <brx>2026</brx>
          <bry>2460</bry>
          <value>Aisl5</value>
          <label>9 o m&#xE1;s</label>
        </box>
      </boxgroup>
      <boxgroup>
        <type>1</type>
        <width>5</width>
        <varname>Aislamiento12p05</varname>
        <sortorder>40</sortorder>
        <label>&lt;p&gt;5. Cuando uno de tus parientes tiene que tomar una decisi&#xF3;n importante, &#xBF;con qu&#xE9; frecuencia te lo comenta a t&#xED;?&lt;/p&gt; : </label>
        <groupsection idref="1"/>
        <box>
          <tlx>1967</tlx>
          <tly>2644</tly>
          <brx>2026</brx>
          <bry>2703</bry>
          <value>Aisl0</value>
          <label>Nunca</label>
        </box>
        <box>
          <tlx>1967</tlx>
          <tly>2750</tly>
          <brx>2026</brx>
          <bry>2809</bry>
          <value>Aisl1</value>
          <label>Rara vez</label>
        </box>
        <box>
          <tlx>1967</tlx>
          <tly>2856</tly>
          <brx>2026</brx>
          <bry>2915</bry>
          <value>Aisl2</value>
          <label>A veces</label>
        </box>
        <box>
          <tlx>1967</tlx>
          <tly>2963</tly>
          <brx>2026</brx>
          <bry>3022</bry>
          <value>Aisl3</value>
          <label>Con frecuencia</label>
        </box>
        <box>
          <tlx>1967</tlx>
          <tly>3069</tly>
          <brx>2026</brx>
          <bry>3128</bry>
          <value>Aisl4</value>
          <label>Con mucha frecuencia</label>
        </box>
        <box>
          <tlx>1967</tlx>
          <tly>3175</tly>
          <brx>2026</brx>
          <bry>3234</bry>
          <value>Aisl5</value>
          <label>Siempre</label>
        </box>
      </boxgroup>
    </page>
    <page>
      <id>58921605</id>
      <tlx>283</tlx>
      <tly>283</tly>
      <trx>2197</trx>
      <try>283</try>
      <brx>2197</brx>
      <bry>3224</bry>
      <blx>283</blx>
      <bly>3224</bly>
      <rotation>0</rotation>
      <boxgroup>
        <type>1</type>
        <width>5</width>
        <varname>Aislamiento12p06</varname>
        <sortorder>41</sortorder>
        <label>&lt;p&gt;6. &#xBF;Con qu&#xE9; frecuencia uno de tus parientes est&#xE1; disponible para hablar cuando t&#xFA; tienes que tomar una decisi&#xF3;n importante?&lt;/p&gt; : </label>
        <groupsection idref="1"/>
        <box>
          <tlx>1967</tlx>
          <tly>320</tly>
          <brx>2026</brx>
          <bry>379</bry>
          <value>Aisl0</value>
          <label>Nunca</label>
        </box>
        <box>
          <tlx>1967</tlx>
          <tly>426</tly>
          <brx>2026</brx>
          <bry>485</bry>
          <value>Aisl1</value>
          <label>Rara vez</label>
        </box>
        <box>
          <tlx>1967</tlx>
          <tly>532</tly>
          <brx>2026</brx>
          <bry>592</bry>
          <value>Aisl2</value>
          <label>A veces</label>
        </box>
        <box>
          <tlx>1967</tlx>
          <tly>639</tly>
          <brx>2026</brx>
          <bry>698</bry>
          <value>Aisl3</value>
          <label>Con frecuencia</label>
        </box>
        <box>
          <tlx>1967</tlx>
          <tly>745</tly>
          <brx>2026</brx>
          <bry>804</bry>
          <value>Aisl4</value>
          <label>Con mucha frecuencia</label>
        </box>
        <box>
          <tlx>1967</tlx>
          <tly>851</tly>
          <brx>2026</brx>
          <bry>910</bry>
          <value>Aisl5</value>
          <label>Siempre</label>
        </box>
      </boxgroup>
      <boxgroup>
        <type>1</type>
        <width>5</width>
        <varname>Aislamiento12p07</varname>
        <sortorder>42</sortorder>
        <label>&lt;p&gt;12. AMISTADES: Teniendo en cuenta a todos tus amigos, inclusive a aquellos que viven en tu vecindario, establecimiento educacional, trabajo, etc.&lt;/p&gt;&#xD;
&#xD;
&lt;p&gt;&#xA0;&lt;/p&gt;&#xD;
&#xD;
&lt;p&gt;7. &#xBF;Con cu&#xE1;ntos amigos te encuentras o tienes noticias de ellos, por lo menos, una vez por mes?&lt;/p&gt; : </label>
        <groupsection idref="1"/>
        <box>
          <tlx>1967</tlx>
          <tly>1469</tly>
          <brx>2026</brx>
          <bry>1529</bry>
          <value>Aisl0</value>
          <label>Ninguno</label>
        </box>
        <box>
          <tlx>1967</tlx>
          <tly>1576</tly>
          <brx>2026</brx>
          <bry>1635</bry>
          <value>Aisl1</value>
          <label>1</label>
        </box>
        <box>
          <tlx>1967</tlx>
          <tly>1682</tly>
          <brx>2026</brx>
          <bry>1741</bry>
          <value>Aisl2</value>
          <label>2</label>
        </box>
        <box>
          <tlx>1967</tlx>
          <tly>1788</tly>
          <brx>2026</brx>
          <bry>1847</bry>
          <value>Aisl3</value>
          <label>3 o 4</label>
        </box>
        <box>
          <tlx>1967</tlx>
          <tly>1895</tly>
          <brx>2026</brx>
          <bry>1954</bry>
          <value>Aisl4</value>
          <label>5 a 8</label>
        </box>
        <box>
          <tlx>1967</tlx>
          <tly>2001</tly>
          <brx>2026</brx>
          <bry>2060</bry>
          <value>Aisl5</value>
          <label>9 o m&#xE1;s</label>
        </box>
      </boxgroup>
      <boxgroup>
        <type>1</type>
        <width>5</width>
        <varname>Aislamiento12p08</varname>
        <sortorder>43</sortorder>
        <label>&lt;p&gt;8. &#xBF;Con qu&#xE9; frecuencia te encuentras o tienes noticias del amigo con el que tienes m&#xE1;s contacto?&lt;/p&gt; : </label>
        <groupsection idref="1"/>
        <box>
          <tlx>1967</tlx>
          <tly>2244</tly>
          <brx>2026</brx>
          <bry>2303</bry>
          <value>Aisl0</value>
          <label>Menos de una vez por mes</label>
        </box>
        <box>
          <tlx>1967</tlx>
          <tly>2350</tly>
          <brx>2026</brx>
          <bry>2409</bry>
          <value>Aisl1</value>
          <label>Mensualmente</label>
        </box>
        <box>
          <tlx>1967</tlx>
          <tly>2457</tly>
          <brx>2026</brx>
          <bry>2516</bry>
          <value>Aisl2</value>
          <label>Algunas veces al mes</label>
        </box>
        <box>
          <tlx>1967</tlx>
          <tly>2563</tly>
          <brx>2026</brx>
          <bry>2622</bry>
          <value>Aisl3</value>
          <label>Semanalmente</label>
        </box>
        <box>
          <tlx>1967</tlx>
          <tly>2669</tly>
          <brx>2026</brx>
          <bry>2728</bry>
          <value>Aisl4</value>
          <label>Algunas veces por semana</label>
        </box>
        <box>
          <tlx>1967</tlx>
          <tly>2776</tly>
          <brx>2026</brx>
          <bry>2835</bry>
          <value>Aisl5</value>
          <label>Diariamente</label>
        </box>
      </boxgroup>
    </page>
    <page>
      <id>58921606</id>
      <tlx>283</tlx>
      <tly>283</tly>
      <trx>2197</trx>
      <try>283</try>
      <brx>2197</brx>
      <bry>3224</bry>
      <blx>283</blx>
      <bly>3224</bly>
      <rotation>0</rotation>
      <boxgroup>
        <type>1</type>
        <width>5</width>
        <varname>Aislamiento12p09</varname>
        <sortorder>44</sortorder>
        <label>&lt;p&gt;9. &#xBF;Con cu&#xE1;ntos amigos te sientes lo suficientemente c&#xF3;modo como para conversar sobre tus asuntos personales?&lt;/p&gt; : </label>
        <groupsection idref="1"/>
        <box>
          <tlx>1967</tlx>
          <tly>320</tly>
          <brx>2026</brx>
          <bry>379</bry>
          <value>Aisl0</value>
          <label>Ninguno</label>
        </box>
        <box>
          <tlx>1967</tlx>
          <tly>426</tly>
          <brx>2026</brx>
          <bry>485</bry>
          <value>Aisl1</value>
          <label>1</label>
        </box>
        <box>
          <tlx>1967</tlx>
          <tly>532</tly>
          <brx>2026</brx>
          <bry>592</bry>
          <value>Aisl2</value>
          <label>2</label>
        </box>
        <box>
          <tlx>1967</tlx>
          <tly>639</tly>
          <brx>2026</brx>
          <bry>698</bry>
          <value>Aisl3</value>
          <label>3 o 4</label>
        </box>
        <box>
          <tlx>1967</tlx>
          <tly>745</tly>
          <brx>2026</brx>
          <bry>804</bry>
          <value>Aisl4</value>
          <label>5 a 8</label>
        </box>
        <box>
          <tlx>1967</tlx>
          <tly>851</tly>
          <brx>2026</brx>
          <bry>910</bry>
          <value>Aisl5</value>
          <label>9 o m&#xE1;s</label>
        </box>
      </boxgroup>
      <boxgroup>
        <type>1</type>
        <width>5</width>
        <varname>Aislamiento12p10</varname>
        <sortorder>45</sortorder>
        <label>&lt;p&gt;10. &#xBF;A cu&#xE1;ntos amigos sientes lo suficientemente cercanos como para llamarlos cuando necesitas ayuda?&lt;/p&gt; : </label>
        <groupsection idref="1"/>
        <box>
          <tlx>1967</tlx>
          <tly>1094</tly>
          <brx>2026</brx>
          <bry>1154</bry>
          <value>Aisl0</value>
          <label>Ninguno</label>
        </box>
        <box>
          <tlx>1967</tlx>
          <tly>1201</tly>
          <brx>2026</brx>
          <bry>1260</bry>
          <value>Aisl1</value>
          <label>1</label>
        </box>
        <box>
          <tlx>1967</tlx>
          <tly>1307</tly>
          <brx>2026</brx>
          <bry>1366</bry>
          <value>Aisl2</value>
          <label>2</label>
        </box>
        <box>
          <tlx>1967</tlx>
          <tly>1413</tly>
          <brx>2026</brx>
          <bry>1472</bry>
          <value>Aisl3</value>
          <label>3 o 4</label>
        </box>
        <box>
          <tlx>1967</tlx>
          <tly>1520</tly>
          <brx>2026</brx>
          <bry>1579</bry>
          <value>Aisl4</value>
          <label>5 a 8</label>
        </box>
        <box>
          <tlx>1967</tlx>
          <tly>1626</tly>
          <brx>2026</brx>
          <bry>1685</bry>
          <value>Aisl5</value>
          <label>9 o m&#xE1;s</label>
        </box>
      </boxgroup>
      <boxgroup>
        <type>1</type>
        <width>5</width>
        <varname>Aislamiento12p11</varname>
        <sortorder>46</sortorder>
        <label>&lt;p&gt;11. Cuando uno de tus amigos tiene que tomar una decisi&#xF3;n importante, &#xBF;con qu&#xE9; frecuencia te lo comenta a t&#xED;?&lt;/p&gt; : </label>
        <groupsection idref="1"/>
        <box>
          <tlx>1967</tlx>
          <tly>1869</tly>
          <brx>2026</brx>
          <bry>1928</bry>
          <value>Aisl0</value>
          <label>Nunca</label>
        </box>
        <box>
          <tlx>1967</tlx>
          <tly>1975</tly>
          <brx>2026</brx>
          <bry>2034</bry>
          <value>Aisl1</value>
          <label>Rara vez</label>
        </box>
        <box>
          <tlx>1967</tlx>
          <tly>2082</tly>
          <brx>2026</brx>
          <bry>2141</bry>
          <value>Aisl2</value>
          <label>A veces</label>
        </box>
        <box>
          <tlx>1967</tlx>
          <tly>2188</tly>
          <brx>2026</brx>
          <bry>2247</bry>
          <value>Aisl3</value>
          <label>Con frecuencia</label>
        </box>
        <box>
          <tlx>1967</tlx>
          <tly>2294</tly>
          <brx>2026</brx>
          <bry>2353</bry>
          <value>Aisl4</value>
          <label>Con mucha frecuencia</label>
        </box>
        <box>
          <tlx>1967</tlx>
          <tly>2401</tly>
          <brx>2026</brx>
          <bry>2460</bry>
          <value>Aisl5</value>
          <label>Siempre</label>
        </box>
      </boxgroup>
      <boxgroup>
        <type>1</type>
        <width>5</width>
        <varname>Aislamiento12p12</varname>
        <sortorder>47</sortorder>
        <label>&lt;p&gt;12. &#xBF;Con qu&#xE9; frecuencia uno de tus amigos est&#xE1; disponible para hablar cuando t&#xFA; tienes que tomar una decisi&#xF3;n importante?&lt;/p&gt; : </label>
        <groupsection idref="1"/>
        <box>
          <tlx>1967</tlx>
          <tly>2644</tly>
          <brx>2026</brx>
          <bry>2703</bry>
          <value>Aisl0</value>
          <label>Nunca</label>
        </box>
        <box>
          <tlx>1967</tlx>
          <tly>2750</tly>
          <brx>2026</brx>
          <bry>2809</bry>
          <value>Aisl1</value>
          <label>Rara vez</label>
        </box>
        <box>
          <tlx>1967</tlx>
          <tly>2856</tly>
          <brx>2026</brx>
          <bry>2915</bry>
          <value>Aisl2</value>
          <label>A veces</label>
        </box>
        <box>
          <tlx>1967</tlx>
          <tly>2963</tly>
          <brx>2026</brx>
          <bry>3022</bry>
          <value>Aisl3</value>
          <label>Con frecuencia</label>
        </box>
        <box>
          <tlx>1967</tlx>
          <tly>3069</tly>
          <brx>2026</brx>
          <bry>3128</bry>
          <value>Aisl4</value>
          <label>Con mucha frecuencia</label>
        </box>
        <box>
          <tlx>1967</tlx>
          <tly>3175</tly>
          <brx>2026</brx>
          <bry>3234</bry>
          <value>Aisl5</value>
          <label>Siempre</label>
        </box>
      </boxgroup>
    </page>
  </questionnaire>
</queXF>
