<?xml version="1.0" encoding="UTF-8"?>
<questionnaire id="388615">
  <title>Escala de Experiencias Disociativas</title>
  <investigator/>
  <dataCollector/>
  <section id="218">
    <sectionInfo>
      <position>title</position>
      <text>Preguntas</text>
      <administration>self</administration>
    </sectionInfo>
    <question>
      <text>RUT (sin puntos, guión ni dígito verificador. Ejemplo si el rut es 17.736.727-1 escribir 17736727):</text>
      <response varName="RUT">
        <free>
          <format>integer</format>
          <length>8</length>
          <label/>
        </free>
      </response>
    </question>
    <question>
      <text>&lt;p class="western" lang="es-CL" style="margin-bottom: 0.35cm; line-height: 115%; text-align: justify;"&gt;Este cuestionario consiste de 28 preguntas sobre experiencias que UD. puede tener en su vida diaria: Nos interesa cuan a menudo UD. tiene estas experiencias. &lt;/p&gt;&#13;
&#13;
&lt;p class="western" lang="es-CL" style="margin-bottom: 0.35cm; line-height: 115%; text-align: justify;"&gt;Es importante, sin embargo, que sus respuestas muestren con qué frecuencia estas experiencias le suceden cuando UD. &lt;u&gt;no&lt;/u&gt; está bajo la influencia del alcohol o drogas.&lt;/p&gt;&#13;
&#13;
&lt;p class="western" lang="es-CL" style="margin-bottom: 0.35cm; line-height: 115%; text-align: justify;"&gt;Para responder las preguntas, por favor determine en qué grado la experiencia descrita en la pregunta se aplica a UD. y circule el número que muestre qué porcentaje del tiempo UD tiene la experiencia.&lt;/p&gt;&#13;
&#13;
&lt;p class="western" lang="es-CL" style="margin-bottom: 0.35cm; line-height: 115%; text-align: justify;"&gt;</text>
      <text>EJEMPLO:&lt;/p&gt;&#13;
&#13;
&lt;p class="western" lang="es-CL" style="margin-bottom: 0.35cm; line-height: 115%; text-align: justify;"&gt;0%  10   20   30   40  50   60  70   80   90   100%&lt;/p&gt;&#13;
&#13;
&lt;p class="western" lang="es-CL" style="margin-bottom: 0.35cm; line-height: 115%; text-align: justify;"&gt;(nunca)                                                  (siempre)&lt;/p&gt;</text>
      <subQuestion varName="EED_EED01">
        <text>Algunas personas tienen la experiencia de manejar un automóvil y de repente percatarse de que no recuerdan qué ha pasado durante todo o parte del viaje. Marque qué porcentaje del tiempo le sucede esto a UD.</text>
      </subQuestion>
      <subQuestion varName="EED_EED02">
        <text>Algunas personas encuentran que a veces estan escuchando a alguien hablar y de repente se percatan que no estaban escuchando parte o todo de lo que se estaba diciendo. Marque qué porcentaje del tiempo le sucede esto a UD.</text>
      </subQuestion>
      <subQuestion varName="EED_EED03">
        <text>Algunas personas tienen la experiencia de encontrarse a sí mismos en un lugar y no tener idea de cómo llegaron allí. Marque qué porcentaje del tiempo le sucede esto a UD.</text>
      </subQuestion>
      <subQuestion varName="EED_EED04">
        <text>Algunas personas tienen la experiencia de encontrase a sí mismos vestidos con ropa que no recuerdan habérsela puesto. Marque qué porcentaje del tiempo le sucede esto a UD.</text>
      </subQuestion>
      <subQuestion varName="EED_EED05">
        <text>Algunas personas tienen la experiencia de encontrar nuevas cosas entre sus pertenencias que no recuerdan haber comprado. Marque qué porcentaje del tiempo le sucede esto a UD.</text>
      </subQuestion>
      <subQuestion varName="EED_EED06">
        <text>Algunas personas en ocasiones encuentran que son abordados por personas que no conocen quien lo llama por otro nombre o insiste en que se han conocido antes. Marque qué porcentaje del tiempo le sucede esto a UD.</text>
      </subQuestion>
      <subQuestion varName="EED_EED07">
        <text>Algunas personas a veces tienen la experiencia de sentirse como si estuvieran cerca de ellos o viéndose a si mismos y en realidad se ven a si mismos como si estuvieran mirando a otra persona.  Marque qué porcentaje del tiempo le sucede esto a UD.</text>
      </subQuestion>
      <subQuestion varName="EED_EED08">
        <text>A algunas personas se les ha dicho que en ocasiones no reconocen amigos o miembros de su familia. Marque qué porcentaje del tiempo le sucede esto a UD.</text>
      </subQuestion>
      <subQuestion varName="EED_EED09">
        <text>Algunas personas encuentran que no tienen recuerdos de algunos eventos importantes de su vida (por ejemplo, una boda o graduación). Marque qué porcentaje del tiempo le sucede esto a UD</text>
      </subQuestion>
      <subQuestion varName="EED_EED10">
        <text>Algunas personas tienen la experiencia de haber sido acusados de mentir cuando ellos no creen haber mentido.  Marque qué porcentaje del tiempo le sucede esto a UD</text>
      </subQuestion>
      <subQuestion varName="EED_EED11">
        <text>Algunas personas tienen la experiencia de mirarse en el espejo y no reconocerse a sí mismos. Marque qué porcentaje del tiempo le sucede esto a UD</text>
      </subQuestion>
      <subQuestion varName="EED_EED12">
        <text>Algunas personas tienen la experiencia de sentir que otras personas, objetos y el mundo alrededor de ellos no es real. Marque qué porcentaje del tiempo le sucede esto a UD</text>
      </subQuestion>
      <subQuestion varName="EED_EED13">
        <text>Algunas personas tienen la experiencia que sus cuerpos no les pertenecen a ellos. Marque qué porcentaje del tiempo le sucede esto a UD</text>
      </subQuestion>
      <subQuestion varName="EED_EED14">
        <text>Algunas personas tienen la experiencia de que en ocasiones estan recordando un evento pasado tan vividamente que sienten como si estuvieran re-viviendo ese evento. Marque qué porcentaje del tiempo le sucede esto a UD</text>
      </subQuestion>
      <subQuestion varName="EED_EED15">
        <text>Algunas personas tienen la experiencia de no estar seguros de si las cosas que ellos recuerdan sucedieron realmente o si solo lo soñaron. Marque qué porcentaje del tiempo le sucede esto a UD</text>
      </subQuestion>
      <subQuestion varName="EED_EED16">
        <text>Algunas personas tienen la experiencia de estar en un sitio familiar pero encontrarlo como extraño o desconocido. Marque qué porcentaje del tiempo le sucede esto a UD</text>
      </subQuestion>
      <subQuestion varName="EED_EED17">
        <text>Algunas personas encuentran que cuando estan viendo televisión o una película estan tan absortos en la historia que no se dan cuenta de otros eventos que suceden a su alrededor. Marque qué porcentaje del tiempo le sucede esto a UD</text>
      </subQuestion>
      <subQuestion varName="EED_EED18">
        <text>Algunas personas encuentran que se involucran tanto en una fantasía que sienten como si realmente les estuviera sucediendo a ellos. Marque qué porcentaje del tiempo le sucede esto a UD</text>
      </subQuestion>
      <subQuestion varName="EED_EED19">
        <text>Algunas personas encuentran que en ocasiones son capaces de ignorar el dolor. Marque qué porcentaje del tiempo le sucede esto a UD</text>
      </subQuestion>
      <subQuestion varName="EED_EED20">
        <text>Algunas personas encuentran que en ocasiones estan mirando fijamente al espacio, sin pensar en nada, y no se percatan del paso del tiempo. Marque qué porcentaje del tiempo le sucede esto a UD</text>
      </subQuestion>
      <subQuestion varName="EED_EED21">
        <text>Algunas personas en ocasiones encuentran que cuando estan solos hablan en voz alta a si mismos. Marque qué porcentaje del tiempo le sucede esto a UD</text>
      </subQuestion>
      <subQuestion varName="EED_EED22">
        <text>Algunas personas encuentran que en una situación ellos pueden actuar tan diferente comparado con otra situación que sienten casi como si fueran dos personas diferentes. Marque qué porcentaje del tiempo le sucede esto a UD</text>
      </subQuestion>
      <subQuestion varName="EED_EED23">
        <text>Algunas personas en ocasiones encuentran que en ciertas situaciones son capaces de hacer cosas con tal facilidad y espontaneidad que usualmente serían difíciles para ellos (por ejemplo, deportes, trabajo, situaciones sociales, etc.). Marque qué porcentaje del tiempo le sucede esto a UD</text>
      </subQuestion>
      <subQuestion varName="EED_EED24">
        <text>Algunas personas en ocasiones encuentran que no pueden recordar si han hecho algo o que solo pensaron en hacerlo (por ejemplo, no saber si han enviado una carta o solo haber pensado en enviarla). Marque qué porcentaje del tiempo le sucede esto a UD</text>
      </subQuestion>
      <subQuestion varName="EED_EED25">
        <text>Algunas personas encuentran evidencias de haber hecho cosas que no recuerdan haber hecho. Marque qué porcentaje del tiempo le sucede esto a UD</text>
      </subQuestion>
      <subQuestion varName="EED_EED26">
        <text>Algunas persona encuentran escritos, dibujos o notas entre sus pertenencias que ellos deben haber hecho pero no pueden recordar haberlas hecho. Marque qué porcentaje del tiempo le sucede esto a UD</text>
      </subQuestion>
      <subQuestion varName="EED_EED27">
        <text>Algunas personas a veces encuentran que escuchan voces dentro de su cabeza que les dice que hagan cosas o comentarios sobre cosas que ellos están haciendo. Marque qué porcentaje del tiempo le sucede esto a UD</text>
      </subQuestion>
      <subQuestion varName="EED_EED28">
        <text>Algunas personas a veces sienten como si estuvieran mirando al mundo a través de una niebla de manera que las personas y objetos parecen alejados o borrosos. Marque qué porcentaje del tiempo le sucede esto a UD</text>
      </subQuestion>
      <response varName="EED">
        <fixed>
          <category>
            <label>0%</label>
            <value>EED01</value>
          </category>
          <category>
            <label>10%</label>
            <value>EED02</value>
          </category>
          <category>
            <label>20%</label>
            <value>EED03</value>
          </category>
          <category>
            <label>30%</label>
            <value>EED04</value>
          </category>
          <category>
            <label>40%</label>
            <value>EED05</value>
          </category>
          <category>
            <label>50%</label>
            <value>EED06</value>
          </category>
          <category>
            <label>60%</label>
            <value>EED07</value>
          </category>
          <category>
            <label>70%</label>
            <value>EED08</value>
          </category>
          <category>
            <label>80%</label>
            <value>EED09</value>
          </category>
          <category>
            <label>90%</label>
            <value>EED10</value>
          </category>
          <category>
            <label>100%</label>
            <value>EED11</value>
          </category>
        </fixed>
      </response>
    </question>
  </section>
</questionnaire>
