<?xml version="1.0"?>
<queXF>
  <questionnaire>
    <id>866154</id>
    <section id="1">
      <label>Preguntas</label>
      <title>Section A</title>
    </section>
    <page>
      <id>86615401</id>
      <tlx>283</tlx>
      <tly>283</tly>
      <trx>2197</trx>
      <try>283</try>
      <brx>2197</brx>
      <bry>3224</bry>
      <blx>283</blx>
      <bly>3224</bly>
      <rotation>0</rotation>
      <boxgroup>
        <type>4</type>
        <width>8</width>
        <varname>RUT</varname>
        <sortorder>1</sortorder>
        <label>RUT (sin puntos, gui&#xF3;n ni d&#xED;gito verificador. Ejemplo si el rut es 17.736.727-1 escribir 17736727):</label>
        <groupsection idref="1"/>
        <box>
          <tlx>1515</tlx>
          <tly>509</tly>
          <brx>1586</brx>
          <bry>603</bry>
          <value></value>
          <label></label>
        </box>
        <box>
          <tlx>1588</tlx>
          <tly>509</tly>
          <brx>1659</brx>
          <bry>603</bry>
          <value></value>
          <label></label>
        </box>
        <box>
          <tlx>1661</tlx>
          <tly>509</tly>
          <brx>1731</brx>
          <bry>603</bry>
          <value></value>
          <label></label>
        </box>
        <box>
          <tlx>1733</tlx>
          <tly>509</tly>
          <brx>1804</brx>
          <bry>603</bry>
          <value></value>
          <label></label>
        </box>
        <box>
          <tlx>1806</tlx>
          <tly>509</tly>
          <brx>1877</brx>
          <bry>603</bry>
          <value></value>
          <label></label>
        </box>
        <box>
          <tlx>1879</tlx>
          <tly>509</tly>
          <brx>1949</brx>
          <bry>603</bry>
          <value></value>
          <label></label>
        </box>
        <box>
          <tlx>1951</tlx>
          <tly>509</tly>
          <brx>2022</brx>
          <bry>603</bry>
          <value></value>
          <label></label>
        </box>
        <box>
          <tlx>2024</tlx>
          <tly>509</tly>
          <brx>2095</brx>
          <bry>603</bry>
          <value></value>
          <label></label>
        </box>
      </boxgroup>
      <boxgroup>
        <type>1</type>
        <width>5</width>
        <varname>Metacognicion1_Meta01</varname>
        <sortorder>2</sortorder>
        <label>&lt;p align="center" class="western" lang="es-MX"&gt;&#xA0;A continuaci&#xF3;n ver&#xE1; preguntas relacionadas a sus pensamientos sobre usted mismo.&#xA0; &lt;/p&gt; : Estar preocupado/a me ayuda a organizar mi mente</label>
        <groupsection idref="1"/>
        <box>
          <tlx>1506</tlx>
          <tly>914</tly>
          <brx>1565</brx>
          <bry>973</bry>
          <value>Meta1</value>
          <label>Totalmente de acuerdo</label>
        </box>
        <box>
          <tlx>1659</tlx>
          <tly>914</tly>
          <brx>1719</brx>
          <bry>973</bry>
          <value>Meta2</value>
          <label>Un poco de acuerdo</label>
        </box>
        <box>
          <tlx>1813</tlx>
          <tly>914</tly>
          <brx>1872</brx>
          <bry>973</bry>
          <value>Meta3</value>
          <label>Un poco en desacuerdo</label>
        </box>
        <box>
          <tlx>1967</tlx>
          <tly>914</tly>
          <brx>2026</brx>
          <bry>973</bry>
          <value>Meta4</value>
          <label>Totalmente en desacuerdo</label>
        </box>
      </boxgroup>
      <boxgroup>
        <type>1</type>
        <width>5</width>
        <varname>Metacognicion1_Meta02</varname>
        <sortorder>3</sortorder>
        <label>&lt;p align="center" class="western" lang="es-MX"&gt;&#xA0;A continuaci&#xF3;n ver&#xE1; preguntas relacionadas a sus pensamientos sobre usted mismo.&#xA0; &lt;/p&gt; : Estar preocupado/a me ayuda a afrontar las cosas</label>
        <groupsection idref="1"/>
        <box>
          <tlx>1506</tlx>
          <tly>1038</tly>
          <brx>1565</brx>
          <bry>1097</bry>
          <value>Meta1</value>
          <label>Totalmente de acuerdo</label>
        </box>
        <box>
          <tlx>1659</tlx>
          <tly>1038</tly>
          <brx>1719</brx>
          <bry>1097</bry>
          <value>Meta2</value>
          <label>Un poco de acuerdo</label>
        </box>
        <box>
          <tlx>1813</tlx>
          <tly>1038</tly>
          <brx>1872</brx>
          <bry>1097</bry>
          <value>Meta3</value>
          <label>Un poco en desacuerdo</label>
        </box>
        <box>
          <tlx>1967</tlx>
          <tly>1038</tly>
          <brx>2026</brx>
          <bry>1097</bry>
          <value>Meta4</value>
          <label>Totalmente en desacuerdo</label>
        </box>
      </boxgroup>
      <boxgroup>
        <type>1</type>
        <width>5</width>
        <varname>Metacognicion1_Meta03</varname>
        <sortorder>4</sortorder>
        <label>&lt;p align="center" class="western" lang="es-MX"&gt;&#xA0;A continuaci&#xF3;n ver&#xE1; preguntas relacionadas a sus pensamientos sobre usted mismo.&#xA0; &lt;/p&gt; : Necesito preocuparme para funcionar bien</label>
        <groupsection idref="1"/>
        <box>
          <tlx>1506</tlx>
          <tly>1162</tly>
          <brx>1565</brx>
          <bry>1221</bry>
          <value>Meta1</value>
          <label>Totalmente de acuerdo</label>
        </box>
        <box>
          <tlx>1659</tlx>
          <tly>1162</tly>
          <brx>1719</brx>
          <bry>1221</bry>
          <value>Meta2</value>
          <label>Un poco de acuerdo</label>
        </box>
        <box>
          <tlx>1813</tlx>
          <tly>1162</tly>
          <brx>1872</brx>
          <bry>1221</bry>
          <value>Meta3</value>
          <label>Un poco en desacuerdo</label>
        </box>
        <box>
          <tlx>1967</tlx>
          <tly>1162</tly>
          <brx>2026</brx>
          <bry>1221</bry>
          <value>Meta4</value>
          <label>Totalmente en desacuerdo</label>
        </box>
      </boxgroup>
      <boxgroup>
        <type>1</type>
        <width>5</width>
        <varname>Metacognicion1_Meta04</varname>
        <sortorder>5</sortorder>
        <label>&lt;p align="center" class="western" lang="es-MX"&gt;&#xA0;A continuaci&#xF3;n ver&#xE1; preguntas relacionadas a sus pensamientos sobre usted mismo.&#xA0; &lt;/p&gt; : Estar preocupado/a me ayuda a solucionar problemas</label>
        <groupsection idref="1"/>
        <box>
          <tlx>1506</tlx>
          <tly>1286</tly>
          <brx>1565</brx>
          <bry>1345</bry>
          <value>Meta1</value>
          <label>Totalmente de acuerdo</label>
        </box>
        <box>
          <tlx>1659</tlx>
          <tly>1286</tly>
          <brx>1719</brx>
          <bry>1345</bry>
          <value>Meta2</value>
          <label>Un poco de acuerdo</label>
        </box>
        <box>
          <tlx>1813</tlx>
          <tly>1286</tly>
          <brx>1872</brx>
          <bry>1345</bry>
          <value>Meta3</value>
          <label>Un poco en desacuerdo</label>
        </box>
        <box>
          <tlx>1967</tlx>
          <tly>1286</tly>
          <brx>2026</brx>
          <bry>1345</bry>
          <value>Meta4</value>
          <label>Totalmente en desacuerdo</label>
        </box>
      </boxgroup>
      <boxgroup>
        <type>1</type>
        <width>5</width>
        <varname>Metacognicion1_Meta05</varname>
        <sortorder>6</sortorder>
        <label>&lt;p align="center" class="western" lang="es-MX"&gt;&#xA0;A continuaci&#xF3;n ver&#xE1; preguntas relacionadas a sus pensamientos sobre usted mismo.&#xA0; &lt;/p&gt; : Necesito preocuparme para seguir organizado/a</label>
        <groupsection idref="1"/>
        <box>
          <tlx>1506</tlx>
          <tly>1410</tly>
          <brx>1565</brx>
          <bry>1469</bry>
          <value>Meta1</value>
          <label>Totalmente de acuerdo</label>
        </box>
        <box>
          <tlx>1659</tlx>
          <tly>1410</tly>
          <brx>1719</brx>
          <bry>1469</bry>
          <value>Meta2</value>
          <label>Un poco de acuerdo</label>
        </box>
        <box>
          <tlx>1813</tlx>
          <tly>1410</tly>
          <brx>1872</brx>
          <bry>1469</bry>
          <value>Meta3</value>
          <label>Un poco en desacuerdo</label>
        </box>
        <box>
          <tlx>1967</tlx>
          <tly>1410</tly>
          <brx>2026</brx>
          <bry>1469</bry>
          <value>Meta4</value>
          <label>Totalmente en desacuerdo</label>
        </box>
      </boxgroup>
      <boxgroup>
        <type>1</type>
        <width>5</width>
        <varname>Metacognicion1_Meta06</varname>
        <sortorder>7</sortorder>
        <label>&lt;p align="center" class="western" lang="es-MX"&gt;&#xA0;A continuaci&#xF3;n ver&#xE1; preguntas relacionadas a sus pensamientos sobre usted mismo.&#xA0; &lt;/p&gt; : Estar preocupado/a me ayuda a evitar problemas en el futuro</label>
        <groupsection idref="1"/>
        <box>
          <tlx>1506</tlx>
          <tly>1534</tly>
          <brx>1565</brx>
          <bry>1594</bry>
          <value>Meta1</value>
          <label>Totalmente de acuerdo</label>
        </box>
        <box>
          <tlx>1659</tlx>
          <tly>1534</tly>
          <brx>1719</brx>
          <bry>1594</bry>
          <value>Meta2</value>
          <label>Un poco de acuerdo</label>
        </box>
        <box>
          <tlx>1813</tlx>
          <tly>1534</tly>
          <brx>1872</brx>
          <bry>1594</bry>
          <value>Meta3</value>
          <label>Un poco en desacuerdo</label>
        </box>
        <box>
          <tlx>1967</tlx>
          <tly>1534</tly>
          <brx>2026</brx>
          <bry>1594</bry>
          <value>Meta4</value>
          <label>Totalmente en desacuerdo</label>
        </box>
      </boxgroup>
      <boxgroup>
        <type>1</type>
        <width>5</width>
        <varname>Metacognicion1_Meta07</varname>
        <sortorder>8</sortorder>
        <label>&lt;p align="center" class="western" lang="es-MX"&gt;&#xA0;A continuaci&#xF3;n ver&#xE1; preguntas relacionadas a sus pensamientos sobre usted mismo.&#xA0; &lt;/p&gt; : Mis pensamientos preocupantes persisten, independientemente de c&#xF3;mo intente deternlos</label>
        <groupsection idref="1"/>
        <box>
          <tlx>1506</tlx>
          <tly>1658</tly>
          <brx>1565</brx>
          <bry>1718</bry>
          <value>Meta1</value>
          <label>Totalmente de acuerdo</label>
        </box>
        <box>
          <tlx>1659</tlx>
          <tly>1658</tly>
          <brx>1719</brx>
          <bry>1718</bry>
          <value>Meta2</value>
          <label>Un poco de acuerdo</label>
        </box>
        <box>
          <tlx>1813</tlx>
          <tly>1658</tly>
          <brx>1872</brx>
          <bry>1718</bry>
          <value>Meta3</value>
          <label>Un poco en desacuerdo</label>
        </box>
        <box>
          <tlx>1967</tlx>
          <tly>1658</tly>
          <brx>2026</brx>
          <bry>1718</bry>
          <value>Meta4</value>
          <label>Totalmente en desacuerdo</label>
        </box>
      </boxgroup>
      <boxgroup>
        <type>1</type>
        <width>5</width>
        <varname>Metacognicion2_Meta08</varname>
        <sortorder>9</sortorder>
        <label>Cuando empiezo a preocuparme no puedo parar</label>
        <groupsection idref="1"/>
        <box>
          <tlx>1506</tlx>
          <tly>1975</tly>
          <brx>1565</brx>
          <bry>2034</bry>
          <value>Meta1</value>
          <label>Totalmente de acuerdo</label>
        </box>
        <box>
          <tlx>1659</tlx>
          <tly>1975</tly>
          <brx>1719</brx>
          <bry>2034</bry>
          <value>Meta2</value>
          <label>Un poco de acuerdo</label>
        </box>
        <box>
          <tlx>1813</tlx>
          <tly>1975</tly>
          <brx>1872</brx>
          <bry>2034</bry>
          <value>Meta3</value>
          <label>Un poco en desacuerdo</label>
        </box>
        <box>
          <tlx>1967</tlx>
          <tly>1975</tly>
          <brx>2026</brx>
          <bry>2034</bry>
          <value>Meta4</value>
          <label>Totalmente en desacuerdo</label>
        </box>
      </boxgroup>
      <boxgroup>
        <type>1</type>
        <width>5</width>
        <varname>Metacognicion2_Meta09</varname>
        <sortorder>10</sortorder>
        <label>Podr&#xED;a llegar a enfermar de preocupaci&#xF3;n</label>
        <groupsection idref="1"/>
        <box>
          <tlx>1506</tlx>
          <tly>2099</tly>
          <brx>1565</brx>
          <bry>2158</bry>
          <value>Meta1</value>
          <label>Totalmente de acuerdo</label>
        </box>
        <box>
          <tlx>1659</tlx>
          <tly>2099</tly>
          <brx>1719</brx>
          <bry>2158</bry>
          <value>Meta2</value>
          <label>Un poco de acuerdo</label>
        </box>
        <box>
          <tlx>1813</tlx>
          <tly>2099</tly>
          <brx>1872</brx>
          <bry>2158</bry>
          <value>Meta3</value>
          <label>Un poco en desacuerdo</label>
        </box>
        <box>
          <tlx>1967</tlx>
          <tly>2099</tly>
          <brx>2026</brx>
          <bry>2158</bry>
          <value>Meta4</value>
          <label>Totalmente en desacuerdo</label>
        </box>
      </boxgroup>
      <boxgroup>
        <type>1</type>
        <width>5</width>
        <varname>Metacognicion2_Meta10</varname>
        <sortorder>11</sortorder>
        <label>No puedo ignorar los pensamientos que me preocupan</label>
        <groupsection idref="1"/>
        <box>
          <tlx>1506</tlx>
          <tly>2223</tly>
          <brx>1565</brx>
          <bry>2282</bry>
          <value>Meta1</value>
          <label>Totalmente de acuerdo</label>
        </box>
        <box>
          <tlx>1659</tlx>
          <tly>2223</tly>
          <brx>1719</brx>
          <bry>2282</bry>
          <value>Meta2</value>
          <label>Un poco de acuerdo</label>
        </box>
        <box>
          <tlx>1813</tlx>
          <tly>2223</tly>
          <brx>1872</brx>
          <bry>2282</bry>
          <value>Meta3</value>
          <label>Un poco en desacuerdo</label>
        </box>
        <box>
          <tlx>1967</tlx>
          <tly>2223</tly>
          <brx>2026</brx>
          <bry>2282</bry>
          <value>Meta4</value>
          <label>Totalmente en desacuerdo</label>
        </box>
      </boxgroup>
      <boxgroup>
        <type>1</type>
        <width>5</width>
        <varname>Metacognicion2_Meta11</varname>
        <sortorder>12</sortorder>
        <label>Mi preocupaci&#xF3;n podr&#xED;a volverme loco/a</label>
        <groupsection idref="1"/>
        <box>
          <tlx>1506</tlx>
          <tly>2347</tly>
          <brx>1565</brx>
          <bry>2406</bry>
          <value>Meta1</value>
          <label>Totalmente de acuerdo</label>
        </box>
        <box>
          <tlx>1659</tlx>
          <tly>2347</tly>
          <brx>1719</brx>
          <bry>2406</bry>
          <value>Meta2</value>
          <label>Un poco de acuerdo</label>
        </box>
        <box>
          <tlx>1813</tlx>
          <tly>2347</tly>
          <brx>1872</brx>
          <bry>2406</bry>
          <value>Meta3</value>
          <label>Un poco en desacuerdo</label>
        </box>
        <box>
          <tlx>1967</tlx>
          <tly>2347</tly>
          <brx>2026</brx>
          <bry>2406</bry>
          <value>Meta4</value>
          <label>Totalmente en desacuerdo</label>
        </box>
      </boxgroup>
      <boxgroup>
        <type>1</type>
        <width>5</width>
        <varname>Metacognicion2_Meta12</varname>
        <sortorder>13</sortorder>
        <label>Considero que preocuparme es peligroso para mi</label>
        <groupsection idref="1"/>
        <box>
          <tlx>1506</tlx>
          <tly>2471</tly>
          <brx>1565</brx>
          <bry>2530</bry>
          <value>Meta1</value>
          <label>Totalmente de acuerdo</label>
        </box>
        <box>
          <tlx>1659</tlx>
          <tly>2471</tly>
          <brx>1719</brx>
          <bry>2530</bry>
          <value>Meta2</value>
          <label>Un poco de acuerdo</label>
        </box>
        <box>
          <tlx>1813</tlx>
          <tly>2471</tly>
          <brx>1872</brx>
          <bry>2530</bry>
          <value>Meta3</value>
          <label>Un poco en desacuerdo</label>
        </box>
        <box>
          <tlx>1967</tlx>
          <tly>2471</tly>
          <brx>2026</brx>
          <bry>2530</bry>
          <value>Meta4</value>
          <label>Totalmente en desacuerdo</label>
        </box>
      </boxgroup>
      <boxgroup>
        <type>1</type>
        <width>5</width>
        <varname>Metacognicion2_Meta13</varname>
        <sortorder>14</sortorder>
        <label>No conf&#xED;o en mi memoria</label>
        <groupsection idref="1"/>
        <box>
          <tlx>1506</tlx>
          <tly>2595</tly>
          <brx>1565</brx>
          <bry>2654</bry>
          <value>Meta1</value>
          <label>Totalmente de acuerdo</label>
        </box>
        <box>
          <tlx>1659</tlx>
          <tly>2595</tly>
          <brx>1719</brx>
          <bry>2654</bry>
          <value>Meta2</value>
          <label>Un poco de acuerdo</label>
        </box>
        <box>
          <tlx>1813</tlx>
          <tly>2595</tly>
          <brx>1872</brx>
          <bry>2654</bry>
          <value>Meta3</value>
          <label>Un poco en desacuerdo</label>
        </box>
        <box>
          <tlx>1967</tlx>
          <tly>2595</tly>
          <brx>2026</brx>
          <bry>2654</bry>
          <value>Meta4</value>
          <label>Totalmente en desacuerdo</label>
        </box>
      </boxgroup>
      <boxgroup>
        <type>1</type>
        <width>5</width>
        <varname>Metacognicion2_Meta14</varname>
        <sortorder>15</sortorder>
        <label>Tengo mala memoria</label>
        <groupsection idref="1"/>
        <box>
          <tlx>1506</tlx>
          <tly>2719</tly>
          <brx>1565</brx>
          <bry>2778</bry>
          <value>Meta1</value>
          <label>Totalmente de acuerdo</label>
        </box>
        <box>
          <tlx>1659</tlx>
          <tly>2719</tly>
          <brx>1719</brx>
          <bry>2778</bry>
          <value>Meta2</value>
          <label>Un poco de acuerdo</label>
        </box>
        <box>
          <tlx>1813</tlx>
          <tly>2719</tly>
          <brx>1872</brx>
          <bry>2778</bry>
          <value>Meta3</value>
          <label>Un poco en desacuerdo</label>
        </box>
        <box>
          <tlx>1967</tlx>
          <tly>2719</tly>
          <brx>2026</brx>
          <bry>2778</bry>
          <value>Meta4</value>
          <label>Totalmente en desacuerdo</label>
        </box>
      </boxgroup>
      <boxgroup>
        <type>1</type>
        <width>5</width>
        <varname>Metacognicion2_Meta15</varname>
        <sortorder>16</sortorder>
        <label>Tengo poca confianza en mi memoria sobre hechos</label>
        <groupsection idref="1"/>
        <box>
          <tlx>1506</tlx>
          <tly>2843</tly>
          <brx>1565</brx>
          <bry>2902</bry>
          <value>Meta1</value>
          <label>Totalmente de acuerdo</label>
        </box>
        <box>
          <tlx>1659</tlx>
          <tly>2843</tly>
          <brx>1719</brx>
          <bry>2902</bry>
          <value>Meta2</value>
          <label>Un poco de acuerdo</label>
        </box>
        <box>
          <tlx>1813</tlx>
          <tly>2843</tly>
          <brx>1872</brx>
          <bry>2902</bry>
          <value>Meta3</value>
          <label>Un poco en desacuerdo</label>
        </box>
        <box>
          <tlx>1967</tlx>
          <tly>2843</tly>
          <brx>2026</brx>
          <bry>2902</bry>
          <value>Meta4</value>
          <label>Totalmente en desacuerdo</label>
        </box>
      </boxgroup>
      <boxgroup>
        <type>1</type>
        <width>5</width>
        <varname>Metacognicion2_Meta16</varname>
        <sortorder>17</sortorder>
        <label>Tengo poca confianza en mi memoria sobre lugares</label>
        <groupsection idref="1"/>
        <box>
          <tlx>1506</tlx>
          <tly>2967</tly>
          <brx>1565</brx>
          <bry>3026</bry>
          <value>Meta1</value>
          <label>Totalmente de acuerdo</label>
        </box>
        <box>
          <tlx>1659</tlx>
          <tly>2967</tly>
          <brx>1719</brx>
          <bry>3026</bry>
          <value>Meta2</value>
          <label>Un poco de acuerdo</label>
        </box>
        <box>
          <tlx>1813</tlx>
          <tly>2967</tly>
          <brx>1872</brx>
          <bry>3026</bry>
          <value>Meta3</value>
          <label>Un poco en desacuerdo</label>
        </box>
        <box>
          <tlx>1967</tlx>
          <tly>2967</tly>
          <brx>2026</brx>
          <bry>3026</bry>
          <value>Meta4</value>
          <label>Totalmente en desacuerdo</label>
        </box>
      </boxgroup>
    </page>
    <page>
      <id>86615402</id>
      <tlx>283</tlx>
      <tly>283</tly>
      <trx>2197</trx>
      <try>283</try>
      <brx>2197</brx>
      <bry>3224</bry>
      <blx>283</blx>
      <bly>3224</bly>
      <rotation>0</rotation>
      <boxgroup>
        <type>1</type>
        <width>5</width>
        <varname>Metacognicion3_Meta17</varname>
        <sortorder>18</sortorder>
        <label>Tengo poca confianza en mi memoria sobre palabras y nombres</label>
        <groupsection idref="1"/>
        <box>
          <tlx>1506</tlx>
          <tly>384</tly>
          <brx>1565</brx>
          <bry>443</bry>
          <value>Meta1</value>
          <label>Totalmente de acuerdo</label>
        </box>
        <box>
          <tlx>1659</tlx>
          <tly>384</tly>
          <brx>1719</brx>
          <bry>443</bry>
          <value>Meta2</value>
          <label>Un poco de acuerdo</label>
        </box>
        <box>
          <tlx>1813</tlx>
          <tly>384</tly>
          <brx>1872</brx>
          <bry>443</bry>
          <value>Meta3</value>
          <label>Un poco en desacuerdo</label>
        </box>
        <box>
          <tlx>1967</tlx>
          <tly>384</tly>
          <brx>2026</brx>
          <bry>443</bry>
          <value>Meta4</value>
          <label>Totalmente en desacuerdo</label>
        </box>
      </boxgroup>
      <boxgroup>
        <type>1</type>
        <width>5</width>
        <varname>Metacognicion3_Meta18</varname>
        <sortorder>19</sortorder>
        <label>Mi memoria me puede enga&#xF1;ar a veces</label>
        <groupsection idref="1"/>
        <box>
          <tlx>1506</tlx>
          <tly>508</tly>
          <brx>1565</brx>
          <bry>567</bry>
          <value>Meta1</value>
          <label>Totalmente de acuerdo</label>
        </box>
        <box>
          <tlx>1659</tlx>
          <tly>508</tly>
          <brx>1719</brx>
          <bry>567</bry>
          <value>Meta2</value>
          <label>Un poco de acuerdo</label>
        </box>
        <box>
          <tlx>1813</tlx>
          <tly>508</tly>
          <brx>1872</brx>
          <bry>567</bry>
          <value>Meta3</value>
          <label>Un poco en desacuerdo</label>
        </box>
        <box>
          <tlx>1967</tlx>
          <tly>508</tly>
          <brx>2026</brx>
          <bry>567</bry>
          <value>Meta4</value>
          <label>Totalmente en desacuerdo</label>
        </box>
      </boxgroup>
      <boxgroup>
        <type>1</type>
        <width>5</width>
        <varname>Metacognicion3_Meta19</varname>
        <sortorder>20</sortorder>
        <label>Si no pudiera controlar mis pensamientos, yo no podr&#xED;a funcionar</label>
        <groupsection idref="1"/>
        <box>
          <tlx>1506</tlx>
          <tly>632</tly>
          <brx>1565</brx>
          <bry>691</bry>
          <value>Meta1</value>
          <label>Totalmente de acuerdo</label>
        </box>
        <box>
          <tlx>1659</tlx>
          <tly>632</tly>
          <brx>1719</brx>
          <bry>691</bry>
          <value>Meta2</value>
          <label>Un poco de acuerdo</label>
        </box>
        <box>
          <tlx>1813</tlx>
          <tly>632</tly>
          <brx>1872</brx>
          <bry>691</bry>
          <value>Meta3</value>
          <label>Un poco en desacuerdo</label>
        </box>
        <box>
          <tlx>1967</tlx>
          <tly>632</tly>
          <brx>2026</brx>
          <bry>691</bry>
          <value>Meta4</value>
          <label>Totalmente en desacuerdo</label>
        </box>
      </boxgroup>
      <boxgroup>
        <type>1</type>
        <width>5</width>
        <varname>Metacognicion3_Meta20</varname>
        <sortorder>21</sortorder>
        <label>No poder controlar mis pensamientos es una se&#xF1;al de debilidad</label>
        <groupsection idref="1"/>
        <box>
          <tlx>1506</tlx>
          <tly>756</tly>
          <brx>1565</brx>
          <bry>815</bry>
          <value>Meta1</value>
          <label>Totalmente de acuerdo</label>
        </box>
        <box>
          <tlx>1659</tlx>
          <tly>756</tly>
          <brx>1719</brx>
          <bry>815</bry>
          <value>Meta2</value>
          <label>Un poco de acuerdo</label>
        </box>
        <box>
          <tlx>1813</tlx>
          <tly>756</tly>
          <brx>1872</brx>
          <bry>815</bry>
          <value>Meta3</value>
          <label>Un poco en desacuerdo</label>
        </box>
        <box>
          <tlx>1967</tlx>
          <tly>756</tly>
          <brx>2026</brx>
          <bry>815</bry>
          <value>Meta4</value>
          <label>Totalmente en desacuerdo</label>
        </box>
      </boxgroup>
      <boxgroup>
        <type>1</type>
        <width>5</width>
        <varname>Metacognicion3_Meta21</varname>
        <sortorder>22</sortorder>
        <label>Deber&#xED;a controlar mis pensamientos todo el tiempo</label>
        <groupsection idref="1"/>
        <box>
          <tlx>1506</tlx>
          <tly>880</tly>
          <brx>1565</brx>
          <bry>939</bry>
          <value>Meta1</value>
          <label>Totalmente de acuerdo</label>
        </box>
        <box>
          <tlx>1659</tlx>
          <tly>880</tly>
          <brx>1719</brx>
          <bry>939</bry>
          <value>Meta2</value>
          <label>Un poco de acuerdo</label>
        </box>
        <box>
          <tlx>1813</tlx>
          <tly>880</tly>
          <brx>1872</brx>
          <bry>939</bry>
          <value>Meta3</value>
          <label>Un poco en desacuerdo</label>
        </box>
        <box>
          <tlx>1967</tlx>
          <tly>880</tly>
          <brx>2026</brx>
          <bry>939</bry>
          <value>Meta4</value>
          <label>Totalmente en desacuerdo</label>
        </box>
      </boxgroup>
      <boxgroup>
        <type>1</type>
        <width>5</width>
        <varname>Metacognicion3_Meta22</varname>
        <sortorder>23</sortorder>
        <label>Es malo tener ciertos pensamientos</label>
        <groupsection idref="1"/>
        <box>
          <tlx>1506</tlx>
          <tly>1004</tly>
          <brx>1565</brx>
          <bry>1063</bry>
          <value>Meta1</value>
          <label>Totalmente de acuerdo</label>
        </box>
        <box>
          <tlx>1659</tlx>
          <tly>1004</tly>
          <brx>1719</brx>
          <bry>1063</bry>
          <value>Meta2</value>
          <label>Un poco de acuerdo</label>
        </box>
        <box>
          <tlx>1813</tlx>
          <tly>1004</tly>
          <brx>1872</brx>
          <bry>1063</bry>
          <value>Meta3</value>
          <label>Un poco en desacuerdo</label>
        </box>
        <box>
          <tlx>1967</tlx>
          <tly>1004</tly>
          <brx>2026</brx>
          <bry>1063</bry>
          <value>Meta4</value>
          <label>Totalmente en desacuerdo</label>
        </box>
      </boxgroup>
      <boxgroup>
        <type>1</type>
        <width>5</width>
        <varname>Metacognicion3_Meta23</varname>
        <sortorder>24</sortorder>
        <label>Si yo no controlara un pensamiento preocupante y luego ocurriese, ser&#xED;a por mi culpa</label>
        <groupsection idref="1"/>
        <box>
          <tlx>1506</tlx>
          <tly>1128</tly>
          <brx>1565</brx>
          <bry>1188</bry>
          <value>Meta1</value>
          <label>Totalmente de acuerdo</label>
        </box>
        <box>
          <tlx>1659</tlx>
          <tly>1128</tly>
          <brx>1719</brx>
          <bry>1188</bry>
          <value>Meta2</value>
          <label>Un poco de acuerdo</label>
        </box>
        <box>
          <tlx>1813</tlx>
          <tly>1128</tly>
          <brx>1872</brx>
          <bry>1188</bry>
          <value>Meta3</value>
          <label>Un poco en desacuerdo</label>
        </box>
        <box>
          <tlx>1967</tlx>
          <tly>1128</tly>
          <brx>2026</brx>
          <bry>1188</bry>
          <value>Meta4</value>
          <label>Totalmente en desacuerdo</label>
        </box>
      </boxgroup>
      <boxgroup>
        <type>1</type>
        <width>5</width>
        <varname>Metacognicion4_Meta24</varname>
        <sortorder>25</sortorder>
        <label>Recibir&#xE9; un castigo por no controlar ciertos pensamientos</label>
        <groupsection idref="1"/>
        <box>
          <tlx>1506</tlx>
          <tly>1445</tly>
          <brx>1565</brx>
          <bry>1504</bry>
          <value>Meta1</value>
          <label>Totalmente de acuerdo</label>
        </box>
        <box>
          <tlx>1659</tlx>
          <tly>1445</tly>
          <brx>1719</brx>
          <bry>1504</bry>
          <value>Meta2</value>
          <label>Un poco de acuerdo</label>
        </box>
        <box>
          <tlx>1813</tlx>
          <tly>1445</tly>
          <brx>1872</brx>
          <bry>1504</bry>
          <value>Meta3</value>
          <label>Un poco en desacuerdo</label>
        </box>
        <box>
          <tlx>1967</tlx>
          <tly>1445</tly>
          <brx>2026</brx>
          <bry>1504</bry>
          <value>Meta4</value>
          <label>Totalmente en desacuerdo</label>
        </box>
      </boxgroup>
      <boxgroup>
        <type>1</type>
        <width>5</width>
        <varname>Metacognicion4_Meta25</varname>
        <sortorder>26</sortorder>
        <label>Soy consciente constantemente de lo que pienso</label>
        <groupsection idref="1"/>
        <box>
          <tlx>1506</tlx>
          <tly>1569</tly>
          <brx>1565</brx>
          <bry>1628</bry>
          <value>Meta1</value>
          <label>Totalmente de acuerdo</label>
        </box>
        <box>
          <tlx>1659</tlx>
          <tly>1569</tly>
          <brx>1719</brx>
          <bry>1628</bry>
          <value>Meta2</value>
          <label>Un poco de acuerdo</label>
        </box>
        <box>
          <tlx>1813</tlx>
          <tly>1569</tly>
          <brx>1872</brx>
          <bry>1628</bry>
          <value>Meta3</value>
          <label>Un poco en desacuerdo</label>
        </box>
        <box>
          <tlx>1967</tlx>
          <tly>1569</tly>
          <brx>2026</brx>
          <bry>1628</bry>
          <value>Meta4</value>
          <label>Totalmente en desacuerdo</label>
        </box>
      </boxgroup>
      <boxgroup>
        <type>1</type>
        <width>5</width>
        <varname>Metacognicion4_Meta26</varname>
        <sortorder>27</sortorder>
        <label>Presto mucha atenci&#xF3;n a la manera en que mi mente funciona</label>
        <groupsection idref="1"/>
        <box>
          <tlx>1506</tlx>
          <tly>1693</tly>
          <brx>1565</brx>
          <bry>1752</bry>
          <value>Meta1</value>
          <label>Totalmente de acuerdo</label>
        </box>
        <box>
          <tlx>1659</tlx>
          <tly>1693</tly>
          <brx>1719</brx>
          <bry>1752</bry>
          <value>Meta2</value>
          <label>Un poco de acuerdo</label>
        </box>
        <box>
          <tlx>1813</tlx>
          <tly>1693</tly>
          <brx>1872</brx>
          <bry>1752</bry>
          <value>Meta3</value>
          <label>Un poco en desacuerdo</label>
        </box>
        <box>
          <tlx>1967</tlx>
          <tly>1693</tly>
          <brx>2026</brx>
          <bry>1752</bry>
          <value>Meta4</value>
          <label>Totalmente en desacuerdo</label>
        </box>
      </boxgroup>
      <boxgroup>
        <type>1</type>
        <width>5</width>
        <varname>Metacognicion4_Meta27</varname>
        <sortorder>28</sortorder>
        <label>Pienso mucho acerca de mis pensamientos</label>
        <groupsection idref="1"/>
        <box>
          <tlx>1506</tlx>
          <tly>1817</tly>
          <brx>1565</brx>
          <bry>1876</bry>
          <value>Meta1</value>
          <label>Totalmente de acuerdo</label>
        </box>
        <box>
          <tlx>1659</tlx>
          <tly>1817</tly>
          <brx>1719</brx>
          <bry>1876</bry>
          <value>Meta2</value>
          <label>Un poco de acuerdo</label>
        </box>
        <box>
          <tlx>1813</tlx>
          <tly>1817</tly>
          <brx>1872</brx>
          <bry>1876</bry>
          <value>Meta3</value>
          <label>Un poco en desacuerdo</label>
        </box>
        <box>
          <tlx>1967</tlx>
          <tly>1817</tly>
          <brx>2026</brx>
          <bry>1876</bry>
          <value>Meta4</value>
          <label>Totalmente en desacuerdo</label>
        </box>
      </boxgroup>
      <boxgroup>
        <type>1</type>
        <width>5</width>
        <varname>Metacognicion4_Meta28</varname>
        <sortorder>29</sortorder>
        <label>Examino constantemente mis pensamientos</label>
        <groupsection idref="1"/>
        <box>
          <tlx>1506</tlx>
          <tly>1941</tly>
          <brx>1565</brx>
          <bry>2000</bry>
          <value>Meta1</value>
          <label>Totalmente de acuerdo</label>
        </box>
        <box>
          <tlx>1659</tlx>
          <tly>1941</tly>
          <brx>1719</brx>
          <bry>2000</bry>
          <value>Meta2</value>
          <label>Un poco de acuerdo</label>
        </box>
        <box>
          <tlx>1813</tlx>
          <tly>1941</tly>
          <brx>1872</brx>
          <bry>2000</bry>
          <value>Meta3</value>
          <label>Un poco en desacuerdo</label>
        </box>
        <box>
          <tlx>1967</tlx>
          <tly>1941</tly>
          <brx>2026</brx>
          <bry>2000</bry>
          <value>Meta4</value>
          <label>Totalmente en desacuerdo</label>
        </box>
      </boxgroup>
      <boxgroup>
        <type>1</type>
        <width>5</width>
        <varname>Metacognicion4_Meta29</varname>
        <sortorder>30</sortorder>
        <label>Monitoreo mis pensamientos</label>
        <groupsection idref="1"/>
        <box>
          <tlx>1506</tlx>
          <tly>2065</tly>
          <brx>1565</brx>
          <bry>2124</bry>
          <value>Meta1</value>
          <label>Totalmente de acuerdo</label>
        </box>
        <box>
          <tlx>1659</tlx>
          <tly>2065</tly>
          <brx>1719</brx>
          <bry>2124</bry>
          <value>Meta2</value>
          <label>Un poco de acuerdo</label>
        </box>
        <box>
          <tlx>1813</tlx>
          <tly>2065</tly>
          <brx>1872</brx>
          <bry>2124</bry>
          <value>Meta3</value>
          <label>Un poco en desacuerdo</label>
        </box>
        <box>
          <tlx>1967</tlx>
          <tly>2065</tly>
          <brx>2026</brx>
          <bry>2124</bry>
          <value>Meta4</value>
          <label>Totalmente en desacuerdo</label>
        </box>
      </boxgroup>
      <boxgroup>
        <type>1</type>
        <width>5</width>
        <varname>Metacognicion4_Meta30</varname>
        <sortorder>31</sortorder>
        <label>Me doy cuenta de c&#xF3;mo funciona mi mente mientras pienso en c&#xF3;mo solucionar un problema</label>
        <groupsection idref="1"/>
        <box>
          <tlx>1506</tlx>
          <tly>2189</tly>
          <brx>1565</brx>
          <bry>2248</bry>
          <value>Meta1</value>
          <label>Totalmente de acuerdo</label>
        </box>
        <box>
          <tlx>1659</tlx>
          <tly>2189</tly>
          <brx>1719</brx>
          <bry>2248</bry>
          <value>Meta2</value>
          <label>Un poco de acuerdo</label>
        </box>
        <box>
          <tlx>1813</tlx>
          <tly>2189</tly>
          <brx>1872</brx>
          <bry>2248</bry>
          <value>Meta3</value>
          <label>Un poco en desacuerdo</label>
        </box>
        <box>
          <tlx>1967</tlx>
          <tly>2189</tly>
          <brx>2026</brx>
          <bry>2248</bry>
          <value>Meta4</value>
          <label>Totalmente en desacuerdo</label>
        </box>
      </boxgroup>
    </page>
  </questionnaire>
</queXF>
