<?xml version="1.0" encoding="UTF-8"?>
<questionnaire id="866154">
  <title>Metacognición</title>
  <investigator/>
  <dataCollector/>
  <section id="283">
    <sectionInfo>
      <position>title</position>
      <text>Preguntas</text>
      <administration>self</administration>
    </sectionInfo>
    <question>
      <text>RUT (sin puntos, guión ni dígito verificador. Ejemplo si el rut es 17.736.727-1 escribir 17736727):</text>
      <response varName="RUT">
        <free>
          <format>integer</format>
          <length>8</length>
          <label/>
        </free>
      </response>
    </question>
    <question>
      <text>&lt;p align="center" class="western" lang="es-MX"&gt; A continuación verá preguntas relacionadas a sus pensamientos sobre usted mismo.  &lt;/p&gt;</text>
      <subQuestion varName="Metacognicion1_Meta01">
        <text>Estar preocupado/a me ayuda a organizar mi mente</text>
      </subQuestion>
      <subQuestion varName="Metacognicion1_Meta02">
        <text>Estar preocupado/a me ayuda a afrontar las cosas</text>
      </subQuestion>
      <subQuestion varName="Metacognicion1_Meta03">
        <text>Necesito preocuparme para funcionar bien</text>
      </subQuestion>
      <subQuestion varName="Metacognicion1_Meta04">
        <text>Estar preocupado/a me ayuda a solucionar problemas</text>
      </subQuestion>
      <subQuestion varName="Metacognicion1_Meta05">
        <text>Necesito preocuparme para seguir organizado/a</text>
      </subQuestion>
      <subQuestion varName="Metacognicion1_Meta06">
        <text>Estar preocupado/a me ayuda a evitar problemas en el futuro</text>
      </subQuestion>
      <subQuestion varName="Metacognicion1_Meta07">
        <text>Mis pensamientos preocupantes persisten, independientemente de cómo intente deternlos</text>
      </subQuestion>
      <response varName="Metacognicion1">
        <fixed>
          <category>
            <label>Totalmente de acuerdo</label>
            <value>Meta1</value>
          </category>
          <category>
            <label>Un poco de acuerdo</label>
            <value>Meta2</value>
          </category>
          <category>
            <label>Un poco en desacuerdo</label>
            <value>Meta3</value>
          </category>
          <category>
            <label>Totalmente en desacuerdo</label>
            <value>Meta4</value>
          </category>
        </fixed>
      </response>
    </question>
    <question>
      <subQuestion varName="Metacognicion2_Meta08">
        <text>Cuando empiezo a preocuparme no puedo parar</text>
      </subQuestion>
      <subQuestion varName="Metacognicion2_Meta09">
        <text>Podría llegar a enfermar de preocupación</text>
      </subQuestion>
      <subQuestion varName="Metacognicion2_Meta10">
        <text>No puedo ignorar los pensamientos que me preocupan</text>
      </subQuestion>
      <subQuestion varName="Metacognicion2_Meta11">
        <text>Mi preocupación podría volverme loco/a</text>
      </subQuestion>
      <subQuestion varName="Metacognicion2_Meta12">
        <text>Considero que preocuparme es peligroso para mi</text>
      </subQuestion>
      <subQuestion varName="Metacognicion2_Meta13">
        <text>No confío en mi memoria</text>
      </subQuestion>
      <subQuestion varName="Metacognicion2_Meta14">
        <text>Tengo mala memoria</text>
      </subQuestion>
      <subQuestion varName="Metacognicion2_Meta15">
        <text>Tengo poca confianza en mi memoria sobre hechos</text>
      </subQuestion>
      <subQuestion varName="Metacognicion2_Meta16">
        <text>Tengo poca confianza en mi memoria sobre lugares</text>
      </subQuestion>
      <response varName="Metacognicion2">
        <fixed>
          <category>
            <label>Totalmente de acuerdo</label>
            <value>Meta1</value>
          </category>
          <category>
            <label>Un poco de acuerdo</label>
            <value>Meta2</value>
          </category>
          <category>
            <label>Un poco en desacuerdo</label>
            <value>Meta3</value>
          </category>
          <category>
            <label>Totalmente en desacuerdo</label>
            <value>Meta4</value>
          </category>
        </fixed>
      </response>
    </question>
    <question>
      <subQuestion varName="Metacognicion3_Meta17">
        <text>Tengo poca confianza en mi memoria sobre palabras y nombres</text>
      </subQuestion>
      <subQuestion varName="Metacognicion3_Meta18">
        <text>Mi memoria me puede engañar a veces</text>
      </subQuestion>
      <subQuestion varName="Metacognicion3_Meta19">
        <text>Si no pudiera controlar mis pensamientos, yo no podría funcionar</text>
      </subQuestion>
      <subQuestion varName="Metacognicion3_Meta20">
        <text>No poder controlar mis pensamientos es una señal de debilidad</text>
      </subQuestion>
      <subQuestion varName="Metacognicion3_Meta21">
        <text>Debería controlar mis pensamientos todo el tiempo</text>
      </subQuestion>
      <subQuestion varName="Metacognicion3_Meta22">
        <text>Es malo tener ciertos pensamientos</text>
      </subQuestion>
      <subQuestion varName="Metacognicion3_Meta23">
        <text>Si yo no controlara un pensamiento preocupante y luego ocurriese, sería por mi culpa</text>
      </subQuestion>
      <response varName="Metacognicion3">
        <fixed>
          <category>
            <label>Totalmente de acuerdo</label>
            <value>Meta1</value>
          </category>
          <category>
            <label>Un poco de acuerdo</label>
            <value>Meta2</value>
          </category>
          <category>
            <label>Un poco en desacuerdo</label>
            <value>Meta3</value>
          </category>
          <category>
            <label>Totalmente en desacuerdo</label>
            <value>Meta4</value>
          </category>
        </fixed>
      </response>
    </question>
    <question>
      <subQuestion varName="Metacognicion4_Meta24">
        <text>Recibiré un castigo por no controlar ciertos pensamientos</text>
      </subQuestion>
      <subQuestion varName="Metacognicion4_Meta25">
        <text>Soy consciente constantemente de lo que pienso</text>
      </subQuestion>
      <subQuestion varName="Metacognicion4_Meta26">
        <text>Presto mucha atención a la manera en que mi mente funciona</text>
      </subQuestion>
      <subQuestion varName="Metacognicion4_Meta27">
        <text>Pienso mucho acerca de mis pensamientos</text>
      </subQuestion>
      <subQuestion varName="Metacognicion4_Meta28">
        <text>Examino constantemente mis pensamientos</text>
      </subQuestion>
      <subQuestion varName="Metacognicion4_Meta29">
        <text>Monitoreo mis pensamientos</text>
      </subQuestion>
      <subQuestion varName="Metacognicion4_Meta30">
        <text>Me doy cuenta de cómo funciona mi mente mientras pienso en cómo solucionar un problema</text>
      </subQuestion>
      <response varName="Metacognicion4">
        <fixed>
          <category>
            <label>Totalmente de acuerdo</label>
            <value>Meta1</value>
          </category>
          <category>
            <label>Un poco de acuerdo</label>
            <value>Meta2</value>
          </category>
          <category>
            <label>Un poco en desacuerdo</label>
            <value>Meta3</value>
          </category>
          <category>
            <label>Totalmente en desacuerdo</label>
            <value>Meta4</value>
          </category>
        </fixed>
      </response>
    </question>
  </section>
</questionnaire>
