<?xml version="1.0" encoding="UTF-8"?>
<questionnaire id="895386">
  <title>SASS</title>
  <investigator/>
  <dataCollector/>
  <section id="35">
    <sectionInfo>
      <position>title</position>
      <text>SASS1</text>
      <administration>self</administration>
    </sectionInfo>
    <question>
      <text>RUT (sin puntos, guión ni dígito verificador. Ejemplo si el rut es 17.736.727-1 escribir 17736727):</text>
      <response varName="RUT">
        <free>
          <format>integer</format>
          <length>8</length>
          <label/>
        </free>
      </response>
    </question>
    <question>
      <text>¿Tiene usted algún trabajo?</text>
      <response varName="Trabajo">
        <fixed>
          <category>
            <label>Sí</label>
            <value>Y</value>
          </category>
          <category>
            <label>No</label>
            <value>N</value>
          </category>
        </fixed>
      </response>
    </question>
    <question>
      <text>Si respondió [Si]:&#13;
&#13;
 &#13;
&#13;
1- ¿Qué tan interesado está en su trabajo?</text>
      <response varName="SASS01">
        <fixed>
          <category>
            <label>3 – Mucho</label>
            <value>S01p1</value>
          </category>
          <category>
            <label>2 – Medianamente</label>
            <value>S01p2</value>
          </category>
          <category>
            <label>1 – Poco</label>
            <value>S01p3</value>
          </category>
          <category>
            <label>0 – Nada</label>
            <value>S01p4</value>
          </category>
        </fixed>
      </response>
    </question>
    <question>
      <text>&lt;p&gt;Si respondió [No]&lt;/p&gt;&#13;
&#13;
2- ¿Qué tan interesado está en actividades relacionadas a su hogar?</text>
      <response varName="SASS02">
        <fixed>
          <category>
            <label>3 – Mucho</label>
            <value>S02p1</value>
          </category>
          <category>
            <label>2 – Medianamente</label>
            <value>S02p2</value>
          </category>
          <category>
            <label>1 – Poco</label>
            <value>S02p3</value>
          </category>
          <category>
            <label>0 – Nada</label>
            <value>S02p4</value>
          </category>
        </fixed>
      </response>
    </question>
    <question>
      <text>3- Realiza estas actividades con (trabajar o actividades del hogar dependiendo de respuesta anterior):</text>
      <response varName="SASS03">
        <fixed>
          <category>
            <label>3 – Mucho gusto</label>
            <value>S03p1</value>
          </category>
          <category>
            <label>2 – Algo de gusto</label>
            <value>S03p2</value>
          </category>
          <category>
            <label>1 – Un poco de gusto</label>
            <value>S03p3</value>
          </category>
          <category>
            <label>0 – Nada de gozo</label>
            <value>S03p4</value>
          </category>
        </fixed>
      </response>
    </question>
    <question>
      <text>4- ¿Está interesado en pasatiempos/ocio?</text>
      <response varName="SASS04">
        <fixed>
          <category>
            <label>3 – Mucho</label>
            <value>S04p1</value>
          </category>
          <category>
            <label>2 – Medianamente</label>
            <value>S04p2</value>
          </category>
          <category>
            <label>1 – Poco</label>
            <value>S04p3</value>
          </category>
          <category>
            <label>0 – Nada</label>
            <value>S04p4</value>
          </category>
        </fixed>
      </response>
    </question>
    <question>
      <text>5- La calidad de tu tiempo libre es:</text>
      <response varName="SASS05">
        <fixed>
          <category>
            <label>3 – Muy buena</label>
            <value>S05p1</value>
          </category>
          <category>
            <label>2 – Buena</label>
            <value>S05p2</value>
          </category>
          <category>
            <label>1 – Justa</label>
            <value>S05p3</value>
          </category>
          <category>
            <label>0 – Insatisfactoria</label>
            <value>S05p4</value>
          </category>
        </fixed>
      </response>
    </question>
    <question>
      <text>6- ¿Con qué frecuencia usted busca contacto con los miembros de su familia?:</text>
      <response varName="SASS06">
        <fixed>
          <category>
            <label>3 – Muy frecuente</label>
            <value>S06p1</value>
          </category>
          <category>
            <label>2 – Frecuentemente</label>
            <value>S06p2</value>
          </category>
          <category>
            <label>1 – Raramente</label>
            <value>S06p3</value>
          </category>
          <category>
            <label>0 – Nunca</label>
            <value>S06p4</value>
          </category>
        </fixed>
      </response>
    </question>
    <question>
      <text>7- El estado de relaciones de su familia es:</text>
      <response varName="SASS07">
        <fixed>
          <category>
            <label>3 – Muy bueno</label>
            <value>S07p1</value>
          </category>
          <category>
            <label>2 – Bueno</label>
            <value>S07p2</value>
          </category>
          <category>
            <label>1 – Justo</label>
            <value>S07p3</value>
          </category>
          <category>
            <label>0 – Insatisfactorio</label>
            <value>S07p4</value>
          </category>
        </fixed>
      </response>
    </question>
    <question>
      <text>8- Fuera de su familia, tiene relaciones con:</text>
      <response varName="SASS08">
        <fixed>
          <category>
            <label>3 – Muchas personas</label>
            <value>S08p1</value>
          </category>
          <category>
            <label>2 – Algunas personas</label>
            <value>S08p2</value>
          </category>
          <category>
            <label>1 – Pocas personas</label>
            <value>S08p3</value>
          </category>
          <category>
            <label>0 – Nadie</label>
            <value>S08p4</value>
          </category>
        </fixed>
      </response>
    </question>
    <question>
      <text>9- ¿Intenta formar relaciones con otras personas?:</text>
      <response varName="SASS09">
        <fixed>
          <category>
            <label>3 – Muy activamente</label>
            <value>S09p1</value>
          </category>
          <category>
            <label>2 – Activamente</label>
            <value>S09p2</value>
          </category>
          <category>
            <label>1 – Moderadamente</label>
            <value>S09p3</value>
          </category>
          <category>
            <label>0 – Pasivamente</label>
            <value>S09p4</value>
          </category>
        </fixed>
      </response>
    </question>
    <question>
      <text>10- ¿En general, cómo valora sus relaciones con otras personas?</text>
      <response varName="SASS10">
        <fixed>
          <category>
            <label>3 – Muy buena</label>
            <value>S10p1</value>
          </category>
          <category>
            <label>2 – Buena</label>
            <value>S10p2</value>
          </category>
          <category>
            <label>1 – Justa</label>
            <value>S10p3</value>
          </category>
          <category>
            <label>0 – Insatisfactoria</label>
            <value>S10p4</value>
          </category>
        </fixed>
      </response>
    </question>
    <question>
      <text>11- ¿Qué valor le otorga a sus relaciones con otras personas?</text>
      <response varName="SASS11">
        <fixed>
          <category>
            <label>3 – Gran valor</label>
            <value>S11p1</value>
          </category>
          <category>
            <label>2 – Algún valor</label>
            <value>S11p2</value>
          </category>
          <category>
            <label>1 – Poco valor</label>
            <value>S11p3</value>
          </category>
          <category>
            <label>0 – Ningún valor</label>
            <value>S11p4</value>
          </category>
        </fixed>
      </response>
    </question>
    <question>
      <text>12- ¿Qué tan a menudo las personas en su círculo social buscan tomar contacto con usted?</text>
      <response varName="SASS12">
        <fixed>
          <category>
            <label>3 – Muy a menudo</label>
            <value>S12p1</value>
          </category>
          <category>
            <label>2 – A menudo</label>
            <value>S12p2</value>
          </category>
          <category>
            <label>1 – Raramente</label>
            <value>S12p3</value>
          </category>
          <category>
            <label>0 – Nunca</label>
            <value>S12p4</value>
          </category>
        </fixed>
      </response>
    </question>
    <question>
      <text>13- ¿Se preocupa de las normas sociales, las buenas maneras, la cortesía, etc.?</text>
      <response varName="SASS13">
        <fixed>
          <category>
            <label>3 – Siempre</label>
            <value>S13p1</value>
          </category>
          <category>
            <label>2 – La mayor parte del tiempo</label>
            <value>S13p2</value>
          </category>
          <category>
            <label>1 – Raramente</label>
            <value>S13p3</value>
          </category>
          <category>
            <label>0 – Nunca</label>
            <value>S13p4</value>
          </category>
        </fixed>
      </response>
    </question>
    <question>
      <text>14- ¿Hasta qué punto está usted involucrado en la vida comunitaria (Club, etc.)</text>
      <response varName="SASS14">
        <fixed>
          <category>
            <label>3 – Completamente</label>
            <value>S14p1</value>
          </category>
          <category>
            <label>2 – Moderadamente</label>
            <value>S14p2</value>
          </category>
          <category>
            <label>1 – Levemente</label>
            <value>S14p3</value>
          </category>
          <category>
            <label>0 – Para nada</label>
            <value>S14p4</value>
          </category>
        </fixed>
      </response>
    </question>
    <question>
      <text>15- ¿Le gusta buscar información acerca de cosas, situaciones, y personas para mejorar su comprensión de ellos?:</text>
      <response varName="SASS15">
        <fixed>
          <category>
            <label>3 – Mucho</label>
            <value>S15p0</value>
          </category>
          <category>
            <label>2 – Moderadamente</label>
            <value>S15p1</value>
          </category>
          <category>
            <label>1 – No mucho</label>
            <value>S15p2</value>
          </category>
          <category>
            <label>0 – Para nada</label>
            <value>S15p3</value>
          </category>
        </fixed>
      </response>
    </question>
    <question>
      <text>16- ¿Está interesado en información científica, técnica o cultural?:</text>
      <response varName="SASS16">
        <fixed>
          <category>
            <label>3 – Mucho</label>
            <value>S16p1</value>
          </category>
          <category>
            <label>2 – Moderadamente</label>
            <value>S16p2</value>
          </category>
          <category>
            <label>1 – Levemente</label>
            <value>S16p3</value>
          </category>
          <category>
            <label>0 – Para Nada</label>
            <value>S16p4</value>
          </category>
        </fixed>
      </response>
    </question>
    <question>
      <text>17- ¿Con qué frecuencia tiene dificultad para expresar su opinión a las personas?</text>
      <response varName="SASS17">
        <fixed>
          <category>
            <label>0 – Siempre</label>
            <value>S17p1</value>
          </category>
          <category>
            <label>1 – A menudo</label>
            <value>S17p2</value>
          </category>
          <category>
            <label>2 – A veces</label>
            <value>S17p3</value>
          </category>
          <category>
            <label>3 – Nunca</label>
            <value>S17p4</value>
          </category>
        </fixed>
      </response>
    </question>
    <question>
      <text>18- ¿Con qué frecuencia se siente rechazado o excluido de su círculo?</text>
      <response varName="SASS18">
        <fixed>
          <category>
            <label>0 – Siempre</label>
            <value>S18p1</value>
          </category>
          <category>
            <label>1 – A menudo</label>
            <value>S18p2</value>
          </category>
          <category>
            <label>2 – A veces</label>
            <value>S18p3</value>
          </category>
          <category>
            <label>3 – Nunca</label>
            <value>S18p4</value>
          </category>
        </fixed>
      </response>
    </question>
    <question>
      <text>19- ¿Qué tan importante considera su apariencia física?</text>
      <response varName="SASS19">
        <fixed>
          <category>
            <label>3 – Mucho</label>
            <value>S19p1</value>
          </category>
          <category>
            <label>2 – Moderadamente</label>
            <value>S19p2</value>
          </category>
          <category>
            <label>1 – No mucho</label>
            <value>S19p3</value>
          </category>
          <category>
            <label>0 – Para nada</label>
            <value>S19p4</value>
          </category>
        </fixed>
      </response>
    </question>
    <question>
      <text>20- ¿En qué grado tiene dificultades para manejar sus recursos e ingresos económicos?</text>
      <response varName="SASS20">
        <fixed>
          <category>
            <label>0 – Siempre</label>
            <value>S20p1</value>
          </category>
          <category>
            <label>1 – A menudo</label>
            <value>S20p2</value>
          </category>
          <category>
            <label>2 – A veces</label>
            <value>S20p3</value>
          </category>
          <category>
            <label>3 – Nunca</label>
            <value>S20p4</value>
          </category>
        </fixed>
      </response>
    </question>
    <question>
      <text>21- ¿Se siente capaz de organizar su entorno de acuerdo a sus deseos y necesidades?</text>
      <response varName="SASS21">
        <fixed>
          <category>
            <label>3 – Muchísimo</label>
            <value>S21p1</value>
          </category>
          <category>
            <label>2 – Moderadamente</label>
            <value>S21p2</value>
          </category>
          <category>
            <label>1 – No mucho</label>
            <value>S21p3</value>
          </category>
          <category>
            <label>0 – Para nada</label>
            <value>S21p4</value>
          </category>
        </fixed>
      </response>
    </question>
  </section>
</questionnaire>
