<?xml version="1.0"?>
<queXF>
  <questionnaire>
    <id>895386</id>
    <section id="1">
      <label>SASS1</label>
      <title>Section A</title>
    </section>
    <page>
      <id>89538601</id>
      <tlx>283</tlx>
      <tly>283</tly>
      <trx>2197</trx>
      <try>283</try>
      <brx>2197</brx>
      <bry>3224</bry>
      <blx>283</blx>
      <bly>3224</bly>
      <rotation>0</rotation>
      <boxgroup>
        <type>4</type>
        <width>8</width>
        <varname>RUT</varname>
        <sortorder>1</sortorder>
        <label>RUT (sin puntos, gui&#xF3;n ni d&#xED;gito verificador. Ejemplo si el rut es 17.736.727-1 escribir 17736727):</label>
        <groupsection idref="1"/>
        <box>
          <tlx>1515</tlx>
          <tly>509</tly>
          <brx>1586</brx>
          <bry>603</bry>
          <value></value>
          <label></label>
        </box>
        <box>
          <tlx>1588</tlx>
          <tly>509</tly>
          <brx>1659</brx>
          <bry>603</bry>
          <value></value>
          <label></label>
        </box>
        <box>
          <tlx>1661</tlx>
          <tly>509</tly>
          <brx>1731</brx>
          <bry>603</bry>
          <value></value>
          <label></label>
        </box>
        <box>
          <tlx>1733</tlx>
          <tly>509</tly>
          <brx>1804</brx>
          <bry>603</bry>
          <value></value>
          <label></label>
        </box>
        <box>
          <tlx>1806</tlx>
          <tly>509</tly>
          <brx>1877</brx>
          <bry>603</bry>
          <value></value>
          <label></label>
        </box>
        <box>
          <tlx>1879</tlx>
          <tly>509</tly>
          <brx>1949</brx>
          <bry>603</bry>
          <value></value>
          <label></label>
        </box>
        <box>
          <tlx>1951</tlx>
          <tly>509</tly>
          <brx>2022</brx>
          <bry>603</bry>
          <value></value>
          <label></label>
        </box>
        <box>
          <tlx>2024</tlx>
          <tly>509</tly>
          <brx>2095</brx>
          <bry>603</bry>
          <value></value>
          <label></label>
        </box>
      </boxgroup>
      <boxgroup>
        <type>1</type>
        <width>1</width>
        <varname>Trabajo</varname>
        <sortorder>2</sortorder>
        <label>&#xBF;Tiene usted alg&#xFA;n trabajo? : </label>
        <groupsection idref="1"/>
        <box>
          <tlx>1967</tlx>
          <tly>725</tly>
          <brx>2026</brx>
          <bry>784</bry>
          <value>Y</value>
          <label>S&#xED;</label>
        </box>
        <box>
          <tlx>1967</tlx>
          <tly>831</tly>
          <brx>2026</brx>
          <bry>890</bry>
          <value>N</value>
          <label>No</label>
        </box>
      </boxgroup>
      <boxgroup>
        <type>1</type>
        <width>5</width>
        <varname>SASS01</varname>
        <sortorder>3</sortorder>
        <label>Si respondi&#xF3; [Si]:&#xD;
&#xD;
&#xA0;&#xD;
&#xD;
1- &#xBF;Qu&#xE9; tan interesado est&#xE1; en su trabajo? : </label>
        <groupsection idref="1"/>
        <box>
          <tlx>1967</tlx>
          <tly>1012</tly>
          <brx>2026</brx>
          <bry>1071</bry>
          <value>S01p1</value>
          <label>3 &#x2013; Mucho</label>
        </box>
        <box>
          <tlx>1967</tlx>
          <tly>1118</tly>
          <brx>2026</brx>
          <bry>1177</bry>
          <value>S01p2</value>
          <label>2 &#x2013; Medianamente</label>
        </box>
        <box>
          <tlx>1967</tlx>
          <tly>1224</tly>
          <brx>2026</brx>
          <bry>1283</bry>
          <value>S01p3</value>
          <label>1 &#x2013; Poco</label>
        </box>
        <box>
          <tlx>1967</tlx>
          <tly>1331</tly>
          <brx>2026</brx>
          <bry>1390</bry>
          <value>S01p4</value>
          <label>0 &#x2013; Nada</label>
        </box>
      </boxgroup>
      <boxgroup>
        <type>1</type>
        <width>5</width>
        <varname>SASS02</varname>
        <sortorder>4</sortorder>
        <label>&lt;p&gt;Si respondi&#xF3; [No]&lt;/p&gt;&#xD;
&#xD;
2- &#xBF;Qu&#xE9; tan interesado est&#xE1; en actividades relacionadas a su hogar? : </label>
        <groupsection idref="1"/>
        <box>
          <tlx>1967</tlx>
          <tly>1636</tly>
          <brx>2026</brx>
          <bry>1695</bry>
          <value>S02p1</value>
          <label>3 &#x2013; Mucho</label>
        </box>
        <box>
          <tlx>1967</tlx>
          <tly>1743</tly>
          <brx>2026</brx>
          <bry>1802</bry>
          <value>S02p2</value>
          <label>2 &#x2013; Medianamente</label>
        </box>
        <box>
          <tlx>1967</tlx>
          <tly>1849</tly>
          <brx>2026</brx>
          <bry>1908</bry>
          <value>S02p3</value>
          <label>1 &#x2013; Poco</label>
        </box>
        <box>
          <tlx>1967</tlx>
          <tly>1955</tly>
          <brx>2026</brx>
          <bry>2014</bry>
          <value>S02p4</value>
          <label>0 &#x2013; Nada</label>
        </box>
      </boxgroup>
      <boxgroup>
        <type>1</type>
        <width>5</width>
        <varname>SASS03</varname>
        <sortorder>5</sortorder>
        <label>3- Realiza estas actividades con (trabajar o actividades del hogar dependiendo de respuesta anterior): : </label>
        <groupsection idref="1"/>
        <box>
          <tlx>1967</tlx>
          <tly>2198</tly>
          <brx>2026</brx>
          <bry>2257</bry>
          <value>S03p1</value>
          <label>3 &#x2013; Mucho gusto</label>
        </box>
        <box>
          <tlx>1967</tlx>
          <tly>2305</tly>
          <brx>2026</brx>
          <bry>2364</bry>
          <value>S03p2</value>
          <label>2 &#x2013; Algo de gusto</label>
        </box>
        <box>
          <tlx>1967</tlx>
          <tly>2411</tly>
          <brx>2026</brx>
          <bry>2470</bry>
          <value>S03p3</value>
          <label>1 &#x2013; Un poco de gusto</label>
        </box>
        <box>
          <tlx>1967</tlx>
          <tly>2517</tly>
          <brx>2026</brx>
          <bry>2576</bry>
          <value>S03p4</value>
          <label>0 &#x2013; Nada de gozo</label>
        </box>
      </boxgroup>
      <boxgroup>
        <type>1</type>
        <width>5</width>
        <varname>SASS04</varname>
        <sortorder>6</sortorder>
        <label>4- &#xBF;Est&#xE1; interesado en pasatiempos/ocio? : </label>
        <groupsection idref="1"/>
        <box>
          <tlx>1967</tlx>
          <tly>2698</tly>
          <brx>2026</brx>
          <bry>2757</bry>
          <value>S04p1</value>
          <label>3 &#x2013; Mucho</label>
        </box>
        <box>
          <tlx>1967</tlx>
          <tly>2804</tly>
          <brx>2026</brx>
          <bry>2863</bry>
          <value>S04p2</value>
          <label>2 &#x2013; Medianamente</label>
        </box>
        <box>
          <tlx>1967</tlx>
          <tly>2910</tly>
          <brx>2026</brx>
          <bry>2969</bry>
          <value>S04p3</value>
          <label>1 &#x2013; Poco</label>
        </box>
        <box>
          <tlx>1967</tlx>
          <tly>3017</tly>
          <brx>2026</brx>
          <bry>3076</bry>
          <value>S04p4</value>
          <label>0 &#x2013; Nada</label>
        </box>
      </boxgroup>
    </page>
    <page>
      <id>89538602</id>
      <tlx>283</tlx>
      <tly>283</tly>
      <trx>2197</trx>
      <try>283</try>
      <brx>2197</brx>
      <bry>3224</bry>
      <blx>283</blx>
      <bly>3224</bly>
      <rotation>0</rotation>
      <boxgroup>
        <type>1</type>
        <width>5</width>
        <varname>SASS05</varname>
        <sortorder>7</sortorder>
        <label>5- La calidad de tu tiempo libre es: : </label>
        <groupsection idref="1"/>
        <box>
          <tlx>1967</tlx>
          <tly>257</tly>
          <brx>2026</brx>
          <bry>316</bry>
          <value>S05p1</value>
          <label>3 &#x2013; Muy buena</label>
        </box>
        <box>
          <tlx>1967</tlx>
          <tly>364</tly>
          <brx>2026</brx>
          <bry>423</bry>
          <value>S05p2</value>
          <label>2 &#x2013; Buena</label>
        </box>
        <box>
          <tlx>1967</tlx>
          <tly>470</tly>
          <brx>2026</brx>
          <bry>529</bry>
          <value>S05p3</value>
          <label>1 &#x2013; Justa</label>
        </box>
        <box>
          <tlx>1967</tlx>
          <tly>576</tly>
          <brx>2026</brx>
          <bry>635</bry>
          <value>S05p4</value>
          <label>0 &#x2013; Insatisfactoria</label>
        </box>
      </boxgroup>
      <boxgroup>
        <type>1</type>
        <width>5</width>
        <varname>SASS06</varname>
        <sortorder>8</sortorder>
        <label>6- &#xBF;Con qu&#xE9; frecuencia usted busca contacto con los miembros de su familia?: : </label>
        <groupsection idref="1"/>
        <box>
          <tlx>1967</tlx>
          <tly>819</tly>
          <brx>2026</brx>
          <bry>878</bry>
          <value>S06p1</value>
          <label>3 &#x2013; Muy frecuente</label>
        </box>
        <box>
          <tlx>1967</tlx>
          <tly>926</tly>
          <brx>2026</brx>
          <bry>985</bry>
          <value>S06p2</value>
          <label>2 &#x2013; Frecuentemente</label>
        </box>
        <box>
          <tlx>1967</tlx>
          <tly>1032</tly>
          <brx>2026</brx>
          <bry>1091</bry>
          <value>S06p3</value>
          <label>1 &#x2013; Raramente</label>
        </box>
        <box>
          <tlx>1967</tlx>
          <tly>1138</tly>
          <brx>2026</brx>
          <bry>1197</bry>
          <value>S06p4</value>
          <label>0 &#x2013; Nunca</label>
        </box>
      </boxgroup>
      <boxgroup>
        <type>1</type>
        <width>5</width>
        <varname>SASS07</varname>
        <sortorder>9</sortorder>
        <label>7- El estado de relaciones de su familia es: : </label>
        <groupsection idref="1"/>
        <box>
          <tlx>1967</tlx>
          <tly>1319</tly>
          <brx>2026</brx>
          <bry>1378</bry>
          <value>S07p1</value>
          <label>3 &#x2013; Muy bueno</label>
        </box>
        <box>
          <tlx>1967</tlx>
          <tly>1425</tly>
          <brx>2026</brx>
          <bry>1484</bry>
          <value>S07p2</value>
          <label>2 &#x2013; Bueno</label>
        </box>
        <box>
          <tlx>1967</tlx>
          <tly>1531</tly>
          <brx>2026</brx>
          <bry>1591</bry>
          <value>S07p3</value>
          <label>1 &#x2013; Justo</label>
        </box>
        <box>
          <tlx>1967</tlx>
          <tly>1638</tly>
          <brx>2026</brx>
          <bry>1697</bry>
          <value>S07p4</value>
          <label>0 &#x2013; Insatisfactorio</label>
        </box>
      </boxgroup>
      <boxgroup>
        <type>1</type>
        <width>5</width>
        <varname>SASS08</varname>
        <sortorder>10</sortorder>
        <label>8- Fuera de su familia, tiene relaciones con: : </label>
        <groupsection idref="1"/>
        <box>
          <tlx>1967</tlx>
          <tly>1818</tly>
          <brx>2026</brx>
          <bry>1877</bry>
          <value>S08p1</value>
          <label>3 &#x2013; Muchas personas</label>
        </box>
        <box>
          <tlx>1967</tlx>
          <tly>1925</tly>
          <brx>2026</brx>
          <bry>1984</bry>
          <value>S08p2</value>
          <label>2 &#x2013; Algunas personas</label>
        </box>
        <box>
          <tlx>1967</tlx>
          <tly>2031</tly>
          <brx>2026</brx>
          <bry>2090</bry>
          <value>S08p3</value>
          <label>1 &#x2013; Pocas personas</label>
        </box>
        <box>
          <tlx>1967</tlx>
          <tly>2137</tly>
          <brx>2026</brx>
          <bry>2196</bry>
          <value>S08p4</value>
          <label>0 &#x2013; Nadie</label>
        </box>
      </boxgroup>
      <boxgroup>
        <type>1</type>
        <width>5</width>
        <varname>SASS09</varname>
        <sortorder>11</sortorder>
        <label>9- &#xBF;Intenta formar relaciones con otras personas?: : </label>
        <groupsection idref="1"/>
        <box>
          <tlx>1967</tlx>
          <tly>2318</tly>
          <brx>2026</brx>
          <bry>2377</bry>
          <value>S09p1</value>
          <label>3 &#x2013; Muy activamente</label>
        </box>
        <box>
          <tlx>1967</tlx>
          <tly>2424</tly>
          <brx>2026</brx>
          <bry>2483</bry>
          <value>S09p2</value>
          <label>2 &#x2013; Activamente</label>
        </box>
        <box>
          <tlx>1967</tlx>
          <tly>2531</tly>
          <brx>2026</brx>
          <bry>2590</bry>
          <value>S09p3</value>
          <label>1 &#x2013; Moderadamente</label>
        </box>
        <box>
          <tlx>1967</tlx>
          <tly>2637</tly>
          <brx>2026</brx>
          <bry>2696</bry>
          <value>S09p4</value>
          <label>0 &#x2013; Pasivamente</label>
        </box>
      </boxgroup>
      <boxgroup>
        <type>1</type>
        <width>5</width>
        <varname>SASS10</varname>
        <sortorder>12</sortorder>
        <label>10- &#xBF;En general, c&#xF3;mo valora sus relaciones con otras personas? : </label>
        <groupsection idref="1"/>
        <box>
          <tlx>1967</tlx>
          <tly>2817</tly>
          <brx>2026</brx>
          <bry>2876</bry>
          <value>S10p1</value>
          <label>3 &#x2013; Muy buena</label>
        </box>
        <box>
          <tlx>1967</tlx>
          <tly>2924</tly>
          <brx>2026</brx>
          <bry>2983</bry>
          <value>S10p2</value>
          <label>2 &#x2013; Buena</label>
        </box>
        <box>
          <tlx>1967</tlx>
          <tly>3030</tly>
          <brx>2026</brx>
          <bry>3089</bry>
          <value>S10p3</value>
          <label>1 &#x2013; Justa</label>
        </box>
        <box>
          <tlx>1967</tlx>
          <tly>3136</tly>
          <brx>2026</brx>
          <bry>3195</bry>
          <value>S10p4</value>
          <label>0 &#x2013; Insatisfactoria</label>
        </box>
      </boxgroup>
    </page>
    <page>
      <id>89538603</id>
      <tlx>283</tlx>
      <tly>283</tly>
      <trx>2197</trx>
      <try>283</try>
      <brx>2197</brx>
      <bry>3224</bry>
      <blx>283</blx>
      <bly>3224</bly>
      <rotation>0</rotation>
      <boxgroup>
        <type>1</type>
        <width>5</width>
        <varname>SASS11</varname>
        <sortorder>13</sortorder>
        <label>11- &#xBF;Qu&#xE9; valor le otorga a sus relaciones con otras personas? : </label>
        <groupsection idref="1"/>
        <box>
          <tlx>1967</tlx>
          <tly>257</tly>
          <brx>2026</brx>
          <bry>316</bry>
          <value>S11p1</value>
          <label>3 &#x2013; Gran valor</label>
        </box>
        <box>
          <tlx>1967</tlx>
          <tly>364</tly>
          <brx>2026</brx>
          <bry>423</bry>
          <value>S11p2</value>
          <label>2 &#x2013; Alg&#xFA;n valor</label>
        </box>
        <box>
          <tlx>1967</tlx>
          <tly>470</tly>
          <brx>2026</brx>
          <bry>529</bry>
          <value>S11p3</value>
          <label>1 &#x2013; Poco valor</label>
        </box>
        <box>
          <tlx>1967</tlx>
          <tly>576</tly>
          <brx>2026</brx>
          <bry>635</bry>
          <value>S11p4</value>
          <label>0 &#x2013; Ning&#xFA;n valor</label>
        </box>
      </boxgroup>
      <boxgroup>
        <type>1</type>
        <width>5</width>
        <varname>SASS12</varname>
        <sortorder>14</sortorder>
        <label>12- &#xBF;Qu&#xE9; tan a menudo las personas en su c&#xED;rculo social buscan tomar contacto con usted? : </label>
        <groupsection idref="1"/>
        <box>
          <tlx>1967</tlx>
          <tly>819</tly>
          <brx>2026</brx>
          <bry>878</bry>
          <value>S12p1</value>
          <label>3 &#x2013; Muy a menudo</label>
        </box>
        <box>
          <tlx>1967</tlx>
          <tly>926</tly>
          <brx>2026</brx>
          <bry>985</bry>
          <value>S12p2</value>
          <label>2 &#x2013; A menudo</label>
        </box>
        <box>
          <tlx>1967</tlx>
          <tly>1032</tly>
          <brx>2026</brx>
          <bry>1091</bry>
          <value>S12p3</value>
          <label>1 &#x2013; Raramente</label>
        </box>
        <box>
          <tlx>1967</tlx>
          <tly>1138</tly>
          <brx>2026</brx>
          <bry>1197</bry>
          <value>S12p4</value>
          <label>0 &#x2013; Nunca</label>
        </box>
      </boxgroup>
      <boxgroup>
        <type>1</type>
        <width>5</width>
        <varname>SASS13</varname>
        <sortorder>15</sortorder>
        <label>13- &#xBF;Se preocupa de las normas sociales, las buenas maneras, la cortes&#xED;a, etc.? : </label>
        <groupsection idref="1"/>
        <box>
          <tlx>1967</tlx>
          <tly>1381</tly>
          <brx>2026</brx>
          <bry>1440</bry>
          <value>S13p1</value>
          <label>3 &#x2013; Siempre</label>
        </box>
        <box>
          <tlx>1967</tlx>
          <tly>1488</tly>
          <brx>2026</brx>
          <bry>1547</bry>
          <value>S13p2</value>
          <label>2 &#x2013; La mayor parte del tiempo</label>
        </box>
        <box>
          <tlx>1967</tlx>
          <tly>1594</tly>
          <brx>2026</brx>
          <bry>1653</bry>
          <value>S13p3</value>
          <label>1 &#x2013; Raramente</label>
        </box>
        <box>
          <tlx>1967</tlx>
          <tly>1700</tly>
          <brx>2026</brx>
          <bry>1759</bry>
          <value>S13p4</value>
          <label>0 &#x2013; Nunca</label>
        </box>
      </boxgroup>
      <boxgroup>
        <type>1</type>
        <width>5</width>
        <varname>SASS14</varname>
        <sortorder>16</sortorder>
        <label>14- &#xBF;Hasta qu&#xE9; punto est&#xE1; usted involucrado en la vida comunitaria (Club, etc.) : </label>
        <groupsection idref="1"/>
        <box>
          <tlx>1967</tlx>
          <tly>1943</tly>
          <brx>2026</brx>
          <bry>2002</bry>
          <value>S14p1</value>
          <label>3 &#x2013; Completamente</label>
        </box>
        <box>
          <tlx>1967</tlx>
          <tly>2050</tly>
          <brx>2026</brx>
          <bry>2109</bry>
          <value>S14p2</value>
          <label>2 &#x2013; Moderadamente</label>
        </box>
        <box>
          <tlx>1967</tlx>
          <tly>2156</tly>
          <brx>2026</brx>
          <bry>2215</bry>
          <value>S14p3</value>
          <label>1 &#x2013; Levemente</label>
        </box>
        <box>
          <tlx>1967</tlx>
          <tly>2262</tly>
          <brx>2026</brx>
          <bry>2321</bry>
          <value>S14p4</value>
          <label>0 &#x2013; Para nada</label>
        </box>
      </boxgroup>
      <boxgroup>
        <type>1</type>
        <width>5</width>
        <varname>SASS15</varname>
        <sortorder>17</sortorder>
        <label>15- &#xBF;Le gusta buscar informaci&#xF3;n acerca de cosas, situaciones, y personas para mejorar su comprensi&#xF3;n de ellos?: : </label>
        <groupsection idref="1"/>
        <box>
          <tlx>1967</tlx>
          <tly>2505</tly>
          <brx>2026</brx>
          <bry>2564</bry>
          <value>S15p0</value>
          <label>3 &#x2013; Mucho</label>
        </box>
        <box>
          <tlx>1967</tlx>
          <tly>2612</tly>
          <brx>2026</brx>
          <bry>2671</bry>
          <value>S15p1</value>
          <label>2 &#x2013; Moderadamente</label>
        </box>
        <box>
          <tlx>1967</tlx>
          <tly>2718</tly>
          <brx>2026</brx>
          <bry>2777</bry>
          <value>S15p2</value>
          <label>1 &#x2013; No mucho</label>
        </box>
        <box>
          <tlx>1967</tlx>
          <tly>2824</tly>
          <brx>2026</brx>
          <bry>2883</bry>
          <value>S15p3</value>
          <label>0 &#x2013; Para nada</label>
        </box>
      </boxgroup>
    </page>
    <page>
      <id>89538604</id>
      <tlx>283</tlx>
      <tly>283</tly>
      <trx>2197</trx>
      <try>283</try>
      <brx>2197</brx>
      <bry>3224</bry>
      <blx>283</blx>
      <bly>3224</bly>
      <rotation>0</rotation>
      <boxgroup>
        <type>1</type>
        <width>5</width>
        <varname>SASS16</varname>
        <sortorder>18</sortorder>
        <label>16- &#xBF;Est&#xE1; interesado en informaci&#xF3;n cient&#xED;fica, t&#xE9;cnica o cultural?: : </label>
        <groupsection idref="1"/>
        <box>
          <tlx>1967</tlx>
          <tly>257</tly>
          <brx>2026</brx>
          <bry>316</bry>
          <value>S16p1</value>
          <label>3 &#x2013; Mucho</label>
        </box>
        <box>
          <tlx>1967</tlx>
          <tly>364</tly>
          <brx>2026</brx>
          <bry>423</bry>
          <value>S16p2</value>
          <label>2 &#x2013; Moderadamente</label>
        </box>
        <box>
          <tlx>1967</tlx>
          <tly>470</tly>
          <brx>2026</brx>
          <bry>529</bry>
          <value>S16p3</value>
          <label>1 &#x2013; Levemente</label>
        </box>
        <box>
          <tlx>1967</tlx>
          <tly>576</tly>
          <brx>2026</brx>
          <bry>635</bry>
          <value>S16p4</value>
          <label>0 &#x2013; Para Nada</label>
        </box>
      </boxgroup>
      <boxgroup>
        <type>1</type>
        <width>5</width>
        <varname>SASS17</varname>
        <sortorder>19</sortorder>
        <label>17- &#xBF;Con qu&#xE9; frecuencia tiene dificultad para expresar su opini&#xF3;n a las personas? : </label>
        <groupsection idref="1"/>
        <box>
          <tlx>1967</tlx>
          <tly>819</tly>
          <brx>2026</brx>
          <bry>878</bry>
          <value>S17p1</value>
          <label>0 &#x2013; Siempre</label>
        </box>
        <box>
          <tlx>1967</tlx>
          <tly>926</tly>
          <brx>2026</brx>
          <bry>985</bry>
          <value>S17p2</value>
          <label>1 &#x2013; A menudo</label>
        </box>
        <box>
          <tlx>1967</tlx>
          <tly>1032</tly>
          <brx>2026</brx>
          <bry>1091</bry>
          <value>S17p3</value>
          <label>2 &#x2013; A veces</label>
        </box>
        <box>
          <tlx>1967</tlx>
          <tly>1138</tly>
          <brx>2026</brx>
          <bry>1197</bry>
          <value>S17p4</value>
          <label>3 &#x2013; Nunca</label>
        </box>
      </boxgroup>
      <boxgroup>
        <type>1</type>
        <width>5</width>
        <varname>SASS18</varname>
        <sortorder>20</sortorder>
        <label>18- &#xBF;Con qu&#xE9; frecuencia se siente rechazado o excluido de su c&#xED;rculo? : </label>
        <groupsection idref="1"/>
        <box>
          <tlx>1967</tlx>
          <tly>1319</tly>
          <brx>2026</brx>
          <bry>1378</bry>
          <value>S18p1</value>
          <label>0 &#x2013; Siempre</label>
        </box>
        <box>
          <tlx>1967</tlx>
          <tly>1425</tly>
          <brx>2026</brx>
          <bry>1484</bry>
          <value>S18p2</value>
          <label>1 &#x2013; A menudo</label>
        </box>
        <box>
          <tlx>1967</tlx>
          <tly>1531</tly>
          <brx>2026</brx>
          <bry>1591</bry>
          <value>S18p3</value>
          <label>2 &#x2013; A veces</label>
        </box>
        <box>
          <tlx>1967</tlx>
          <tly>1638</tly>
          <brx>2026</brx>
          <bry>1697</bry>
          <value>S18p4</value>
          <label>3 &#x2013; Nunca</label>
        </box>
      </boxgroup>
      <boxgroup>
        <type>1</type>
        <width>5</width>
        <varname>SASS19</varname>
        <sortorder>21</sortorder>
        <label>19- &#xBF;Qu&#xE9; tan importante considera su apariencia f&#xED;sica? : </label>
        <groupsection idref="1"/>
        <box>
          <tlx>1967</tlx>
          <tly>1818</tly>
          <brx>2026</brx>
          <bry>1877</bry>
          <value>S19p1</value>
          <label>3 &#x2013; Mucho</label>
        </box>
        <box>
          <tlx>1967</tlx>
          <tly>1925</tly>
          <brx>2026</brx>
          <bry>1984</bry>
          <value>S19p2</value>
          <label>2 &#x2013; Moderadamente</label>
        </box>
        <box>
          <tlx>1967</tlx>
          <tly>2031</tly>
          <brx>2026</brx>
          <bry>2090</bry>
          <value>S19p3</value>
          <label>1 &#x2013; No mucho</label>
        </box>
        <box>
          <tlx>1967</tlx>
          <tly>2137</tly>
          <brx>2026</brx>
          <bry>2196</bry>
          <value>S19p4</value>
          <label>0 &#x2013; Para nada</label>
        </box>
      </boxgroup>
      <boxgroup>
        <type>1</type>
        <width>5</width>
        <varname>SASS20</varname>
        <sortorder>22</sortorder>
        <label>20- &#xBF;En qu&#xE9; grado tiene dificultades para manejar sus recursos e ingresos econ&#xF3;micos? : </label>
        <groupsection idref="1"/>
        <box>
          <tlx>1967</tlx>
          <tly>2380</tly>
          <brx>2026</brx>
          <bry>2439</bry>
          <value>S20p1</value>
          <label>0 &#x2013; Siempre</label>
        </box>
        <box>
          <tlx>1967</tlx>
          <tly>2487</tly>
          <brx>2026</brx>
          <bry>2546</bry>
          <value>S20p2</value>
          <label>1 &#x2013; A menudo</label>
        </box>
        <box>
          <tlx>1967</tlx>
          <tly>2593</tly>
          <brx>2026</brx>
          <bry>2652</bry>
          <value>S20p3</value>
          <label>2 &#x2013; A veces</label>
        </box>
        <box>
          <tlx>1967</tlx>
          <tly>2699</tly>
          <brx>2026</brx>
          <bry>2758</bry>
          <value>S20p4</value>
          <label>3 &#x2013; Nunca</label>
        </box>
      </boxgroup>
    </page>
    <page>
      <id>89538605</id>
      <tlx>283</tlx>
      <tly>283</tly>
      <trx>2197</trx>
      <try>283</try>
      <brx>2197</brx>
      <bry>3224</bry>
      <blx>283</blx>
      <bly>3224</bly>
      <rotation>0</rotation>
      <boxgroup>
        <type>1</type>
        <width>5</width>
        <varname>SASS21</varname>
        <sortorder>23</sortorder>
        <label>21- &#xBF;Se siente capaz de organizar su entorno de acuerdo a sus deseos y necesidades? : </label>
        <groupsection idref="1"/>
        <box>
          <tlx>1967</tlx>
          <tly>320</tly>
          <brx>2026</brx>
          <bry>379</bry>
          <value>S21p1</value>
          <label>3 &#x2013; Much&#xED;simo</label>
        </box>
        <box>
          <tlx>1967</tlx>
          <tly>426</tly>
          <brx>2026</brx>
          <bry>485</bry>
          <value>S21p2</value>
          <label>2 &#x2013; Moderadamente</label>
        </box>
        <box>
          <tlx>1967</tlx>
          <tly>532</tly>
          <brx>2026</brx>
          <bry>592</bry>
          <value>S21p3</value>
          <label>1 &#x2013; No mucho</label>
        </box>
        <box>
          <tlx>1967</tlx>
          <tly>639</tly>
          <brx>2026</brx>
          <bry>698</bry>
          <value>S21p4</value>
          <label>0 &#x2013; Para nada</label>
        </box>
      </boxgroup>
    </page>
  </questionnaire>
</queXF>
