<?xml version="1.0"?>
<queXF>
  <questionnaire>
    <id>718477</id>
    <section id="1">
      <label>Preguntas</label>
      <title>Section A</title>
    </section>
    <page>
      <id>71847701</id>
      <tlx>283</tlx>
      <tly>283</tly>
      <trx>2197</trx>
      <try>283</try>
      <brx>2197</brx>
      <bry>3224</bry>
      <blx>283</blx>
      <bly>3224</bly>
      <rotation>0</rotation>
      <boxgroup>
        <type>4</type>
        <width>8</width>
        <varname>RUT</varname>
        <sortorder>1</sortorder>
        <label>RUT (sin puntos, gui&#xF3;n ni d&#xED;gito verificador. Ejemplo si el rut es 17.736.727-1 escribir 17736727):</label>
        <groupsection idref="1"/>
        <box>
          <tlx>1515</tlx>
          <tly>509</tly>
          <brx>1586</brx>
          <bry>603</bry>
          <value></value>
          <label></label>
        </box>
        <box>
          <tlx>1588</tlx>
          <tly>509</tly>
          <brx>1659</brx>
          <bry>603</bry>
          <value></value>
          <label></label>
        </box>
        <box>
          <tlx>1661</tlx>
          <tly>509</tly>
          <brx>1731</brx>
          <bry>603</bry>
          <value></value>
          <label></label>
        </box>
        <box>
          <tlx>1733</tlx>
          <tly>509</tly>
          <brx>1804</brx>
          <bry>603</bry>
          <value></value>
          <label></label>
        </box>
        <box>
          <tlx>1806</tlx>
          <tly>509</tly>
          <brx>1877</brx>
          <bry>603</bry>
          <value></value>
          <label></label>
        </box>
        <box>
          <tlx>1879</tlx>
          <tly>509</tly>
          <brx>1949</brx>
          <bry>603</bry>
          <value></value>
          <label></label>
        </box>
        <box>
          <tlx>1951</tlx>
          <tly>509</tly>
          <brx>2022</brx>
          <bry>603</bry>
          <value></value>
          <label></label>
        </box>
        <box>
          <tlx>2024</tlx>
          <tly>509</tly>
          <brx>2095</brx>
          <bry>603</bry>
          <value></value>
          <label></label>
        </box>
      </boxgroup>
      <boxgroup>
        <type>1</type>
        <width>1</width>
        <varname>Actividad01</varname>
        <sortorder>2</sortorder>
        <label>PARTE 1: ACTIVIDAD F&#xCD;SICA RELACIONADA CON EL TRABAJO&#xD;
&#xD;
&lt;p align="left" class="western" lang="en-US"&gt;La primera secci&#xF3;n es relacionada con su trabajo. Esto incluye trabajos con sueldo, agr&#xED;cola, trabajo voluntario, clases, y cualquier otra clase de trabajo no pago que usted hizo fuera de su casa. No incluya trabajo no pago que usted hizo en su casa, tal como limpiar la casa, trabajo en el jard&#xED;n, mantenimiento general, y el cuidado de su familia. Estas actividades ser&#xE1;n preguntadas en la parte 3.&lt;/p&gt;&#xD;
&#xD;
&lt;p align="left" class="western" lang="en-US"&gt;1. &#xBF;Tiene usted actualmente un trabajo o hace alg&#xFA;n trabajo no pago fuera de su casa?&lt;/p&gt; : </label>
        <groupsection idref="1"/>
        <box>
          <tlx>1967</tlx>
          <tly>1412</tly>
          <brx>2026</brx>
          <bry>1471</bry>
          <value>Y</value>
          <label>S&#xED;</label>
        </box>
        <box>
          <tlx>1967</tlx>
          <tly>1519</tly>
          <brx>2026</brx>
          <bry>1578</bry>
          <value>N</value>
          <label>No</label>
        </box>
      </boxgroup>
      <boxgroup>
        <type>4</type>
        <width>1</width>
        <varname>Actividad02</varname>
        <sortorder>3</sortorder>
        <label>&lt;p align="left" class="western" lang="en-US"&gt;Las siguientes preguntas se refieren a todas las actividades f&#xED;sicas que usted hizo en los &lt;b&gt;&#xFA;ltimos 7 d&#xED;as&lt;/b&gt; como parte de su trabajo pagado o no pagado. Esto no incluye ir y venir del trabajo. &lt;/p&gt;&#xD;
&#xD;
&lt;p class="western" lang="en-US" style="text-indent: -0.5in; text-align: justify; margin-left: 40px;"&gt;2. Durante los &lt;u&gt;&#xFA;ltimos 7 d&#xED;as&lt;/u&gt;, &#xBF;Cu&#xE1;ntos d&#xED;as realiz&#xF3; usted actividades f&#xED;sicas &lt;u&gt;vigorosas&lt;/u&gt; como levantar objetos pesados, excavar, construcci&#xF3;n pesada, o subir escaleras como parte de su trabajo? Piense solamente en esas actividades que usted hizo por lo menos 10 minutos continuos. (Escriba 0 si no ha realizado ninguna actividad f&#xED;sica vigorosa relacionada con el trabajo)&lt;/p&gt;</label>
        <groupsection idref="1"/>
        <box>
          <tlx>2024</tlx>
          <tly>2238</tly>
          <brx>2095</brx>
          <bry>2333</bry>
          <value></value>
          <label></label>
        </box>
      </boxgroup>
    </page>
    <page>
      <id>71847702</id>
      <tlx>283</tlx>
      <tly>283</tly>
      <trx>2197</trx>
      <try>283</try>
      <brx>2197</brx>
      <bry>3224</bry>
      <blx>283</blx>
      <bly>3224</bly>
      <rotation>0</rotation>
      <boxgroup>
        <type>4</type>
        <width>2</width>
        <varname>Actividad03</varname>
        <sortorder>4</sortorder>
        <label>&lt;p align="left" lang="en-US" style="margin-left: 0.5in; text-indent: -0.5in"&gt;3. &#xBF;Cu&#xE1;nto tiempo (en horas) usualmente le toma realizar actividades f&#xED;sicas &lt;u&gt;vigorosas&lt;/u&gt; en uno de esos d&#xED;as que las realiza como parte de su trabajo? &lt;/p&gt;&#xD;
&#xD;
&lt;p align="left" lang="en-US" style="margin-left: 0.5in; text-indent: -0.5in"&gt;Si es menos de 1 hora escriba -1. Si no realiza actividades f&#xED;sicas vigorosas escriba 0.&lt;/p&gt;&#xD;
&#xD;
&lt;p align="left" lang="en-US"&gt;&#xA0;&lt;/p&gt;</label>
        <groupsection idref="1"/>
        <box>
          <tlx>1951</tlx>
          <tly>671</tly>
          <brx>2022</brx>
          <bry>766</bry>
          <value></value>
          <label></label>
        </box>
        <box>
          <tlx>2024</tlx>
          <tly>671</tly>
          <brx>2095</brx>
          <bry>766</bry>
          <value></value>
          <label></label>
        </box>
      </boxgroup>
      <boxgroup>
        <type>4</type>
        <width>1</width>
        <varname>Actividad04</varname>
        <sortorder>5</sortorder>
        <label>&lt;p align="left" lang="en-US" style="margin-left: 0.5in; text-indent: -0.5in"&gt;4. Nuevamente, piense solamente en esas actividades que usted hizo por lo menos 10 minutos continuos. Durante &lt;u&gt;los &#xFA;ltimos 7 d&#xED;as, &lt;/u&gt;&#xBF;Cu&#xE1;ntos d&#xED;as hizo Usted actividades f&#xED;sicas&lt;u&gt; &lt;/u&gt;&lt;u&gt;moderadas &lt;/u&gt;como cargar cosas ligeras como&lt;u&gt; parte de su trabajo&lt;/u&gt;? Por favor no incluya caminar. &lt;/p&gt;&#xD;
&#xD;
&lt;p align="left" lang="en-US" style="margin-left: 0.5in; text-indent: -0.5in"&gt;Si no ha realizado actividad f&#xED;sica moderada relacionada con el trabajo escriba 0&lt;/p&gt;</label>
        <groupsection idref="1"/>
        <box>
          <tlx>2024</tlx>
          <tly>1239</tly>
          <brx>2095</brx>
          <bry>1333</bry>
          <value></value>
          <label></label>
        </box>
      </boxgroup>
      <boxgroup>
        <type>4</type>
        <width>2</width>
        <varname>Actividad05</varname>
        <sortorder>6</sortorder>
        <label>&lt;p align="left" class="western" lang="en-US" style="margin-left: 0.5in; text-indent: -0.5in"&gt;5. &#xBF;Cu&#xE1;nto tiempo en total (en horas) usualmente le toma realizar actividades f&#xED;sicas &lt;u&gt;moderadas&lt;/u&gt; en uno de esos d&#xED;as que las realiza como parte de su trabajo?&lt;/p&gt;&#xD;
&#xD;
&lt;p align="left" class="western" lang="en-US" style="margin-left: 0.5in; text-indent: -0.5in"&gt;Si es menos de 1 hora escriba -1&lt;/p&gt;&#xD;
&#xD;
&lt;p align="left" class="western" lang="en-US" style="margin-left: 0.5in; text-indent: -0.5in"&gt;Si no realiza actividades f&#xED;sicas moderadas escriba 0&lt;/p&gt;</label>
        <groupsection idref="1"/>
        <box>
          <tlx>1951</tlx>
          <tly>1806</tly>
          <brx>2022</brx>
          <bry>1901</bry>
          <value></value>
          <label></label>
        </box>
        <box>
          <tlx>2024</tlx>
          <tly>1806</tly>
          <brx>2095</brx>
          <bry>1901</bry>
          <value></value>
          <label></label>
        </box>
      </boxgroup>
      <boxgroup>
        <type>4</type>
        <width>1</width>
        <varname>Actividad06</varname>
        <sortorder>7</sortorder>
        <label>&lt;p align="left" lang="en-US" style="margin-left: 0.5in; text-indent: -0.5in"&gt;6. Durante los&lt;u&gt; &#xFA;ltimos 7 d&#xED;as&lt;/u&gt;, &#xBF;Cu&#xE1;ntos d&#xED;as camin&#xF3; usted por lo menos &lt;u&gt;10 minutos continuos&lt;/u&gt; como parte de su trabajo? Por favor no incluya ninguna caminata que usted hizo para desplazarse desde o hacia su trabajo. &lt;/p&gt;&#xD;
&#xD;
&lt;p align="left" lang="en-US" style="margin-left: 0.5in; text-indent: -0.5in"&gt;&#xA0;&lt;/p&gt;</label>
        <groupsection idref="1"/>
        <box>
          <tlx>2024</tlx>
          <tly>2311</tly>
          <brx>2095</brx>
          <bry>2406</bry>
          <value></value>
          <label></label>
        </box>
      </boxgroup>
      <boxgroup>
        <type>4</type>
        <width>2</width>
        <varname>Actividad07</varname>
        <sortorder>8</sortorder>
        <label>&lt;p align="left" lang="en-US" style="margin-left: 0.5in; text-indent: -0.5in"&gt;7. &#xBF;Cu&#xE1;nto tiempo en total (en horas) pas&#xF3; generalmente &lt;u&gt;caminado&lt;/u&gt; en uno de esos d&#xED;as como parte de su trabajo?&lt;/p&gt;&#xD;
&#xD;
&lt;p&gt;Si es menos de 1 hora escriba -1&lt;/p&gt;&#xD;
&#xD;
&lt;p&gt;SI no camin&#xF3; como parte de su trabajo escriba 0&lt;/p&gt;</label>
        <groupsection idref="1"/>
        <box>
          <tlx>1951</tlx>
          <tly>2816</tly>
          <brx>2022</brx>
          <bry>2910</bry>
          <value></value>
          <label></label>
        </box>
        <box>
          <tlx>2024</tlx>
          <tly>2816</tly>
          <brx>2095</brx>
          <bry>2910</bry>
          <value></value>
          <label></label>
        </box>
      </boxgroup>
    </page>
    <page>
      <id>71847703</id>
      <tlx>283</tlx>
      <tly>283</tly>
      <trx>2197</trx>
      <try>283</try>
      <brx>2197</brx>
      <bry>3224</bry>
      <blx>283</blx>
      <bly>3224</bly>
      <rotation>0</rotation>
      <boxgroup>
        <type>4</type>
        <width>1</width>
        <varname>Actividad08</varname>
        <sortorder>9</sortorder>
        <label>PARTE 2: ACTIVIDAD F&#xED;SICA RELACIONADA CON TRANSPORTE&#xD;
&#xD;
&lt;p align="left" lang="en-US"&gt;Estas preguntas se refieren a la forma como usted se desplaz&#xF3; de un lugar a otro, incluyendo lugares como el trabajo, las tiendas, el cine, entre otros.&lt;/p&gt;&#xD;
&#xD;
&lt;p align="left" class="western" lang="en-US"&gt;&#xA0;&lt;/p&gt;&#xD;
&#xD;
&lt;p align="left" lang="en-US" style="margin-left: 0.5in; text-indent: -0.5in"&gt;8. Durante los&lt;u&gt; &#xFA;ltimos 7 d&#xED;as&lt;/u&gt;, &#xBF;Cu&#xE1;ntos d&#xED;as &lt;u&gt;viaj&#xF3;&lt;/u&gt; usted en un veh&#xED;culo de motor como un bus, micro, auto o metro?&lt;/p&gt;&#xD;
&#xD;
&lt;p align="left" lang="en-US" style="margin-left: 0.5in; text-indent: -0.5in"&gt;Si no viaj&#xF3; en un veh&#xED;culo escriba 0&lt;/p&gt;</label>
        <groupsection idref="1"/>
        <box>
          <tlx>2024</tlx>
          <tly>984</tly>
          <brx>2095</brx>
          <bry>1078</bry>
          <value></value>
          <label></label>
        </box>
      </boxgroup>
      <boxgroup>
        <type>4</type>
        <width>2</width>
        <varname>Actividad09</varname>
        <sortorder>10</sortorder>
        <label>&lt;p align="left" class="western" lang="en-US" style="margin-left: 0.5in; text-indent: -0.5in"&gt;9. Usualmente, &#xBF;Cu&#xE1;nto tiempo (en horas) gast&#xF3; usted en uno de esos d&#xED;as &lt;u&gt;viajando&lt;/u&gt; en un metro, bus, autom&#xF3;vil, micro u otra clase de veh&#xED;culo a motor?&lt;/p&gt;&#xD;
&#xD;
&lt;p align="left" class="western" lang="en-US"&gt;Si fue menos de 1 hora escriba -1&lt;/p&gt;&#xD;
&#xD;
&lt;p align="left" class="western" lang="en-US"&gt;Si no gast&#xF3; tiempo viajando escriba 0&lt;/p&gt;</label>
        <groupsection idref="1"/>
        <box>
          <tlx>1951</tlx>
          <tly>1551</tly>
          <brx>2022</brx>
          <bry>1646</bry>
          <value></value>
          <label></label>
        </box>
        <box>
          <tlx>2024</tlx>
          <tly>1551</tly>
          <brx>2095</brx>
          <bry>1646</bry>
          <value></value>
          <label></label>
        </box>
      </boxgroup>
      <boxgroup>
        <type>4</type>
        <width>1</width>
        <varname>Actividad10</varname>
        <sortorder>11</sortorder>
        <label>&lt;p align="left" lang="en-US" style="margin-left: 0.5in; text-indent: -0.5in"&gt;10. Durante los &lt;u&gt;&#xFA;ltimos 7 d&#xED;as,&lt;/u&gt; &#xBF;Cu&#xE1;ntos d&#xED;as anduvo usted en &lt;u&gt;bicicleta&lt;/u&gt; por al menos 10 minutos continuos para ir de un lugar a otro? &lt;/p&gt;&#xD;
Si no anduvo en bicicleta escriba 0</label>
        <groupsection idref="1"/>
        <box>
          <tlx>2024</tlx>
          <tly>1931</tly>
          <brx>2095</brx>
          <bry>2026</bry>
          <value></value>
          <label></label>
        </box>
      </boxgroup>
      <boxgroup>
        <type>4</type>
        <width>2</width>
        <varname>Actividad11</varname>
        <sortorder>12</sortorder>
        <label>&lt;p align="left" lang="en-US" style="margin-left: 0.5in; text-indent: -0.5in"&gt;11. Usualmente, &#xBF;Cu&#xE1;nto tiempo (en horas) gast&#xF3; usted en uno de esos d&#xED;as andando en &lt;u&gt;bicicleta&lt;/u&gt; de un lugar a otro?&lt;/p&gt;&#xD;
&#xD;
&lt;p align="left" lang="en-US" style="margin-left: 0.5in; text-indent: -0.5in"&gt;Si es menos de 1 hora escriba -1&lt;/p&gt;&#xD;
&#xD;
&lt;p align="left" lang="en-US" style="margin-left: 0.5in; text-indent: -0.5in"&gt;Si no ha andado en bicicleta escriba 0&lt;/p&gt;</label>
        <groupsection idref="1"/>
        <box>
          <tlx>1951</tlx>
          <tly>2436</tly>
          <brx>2022</brx>
          <bry>2531</bry>
          <value></value>
          <label></label>
        </box>
        <box>
          <tlx>2024</tlx>
          <tly>2436</tly>
          <brx>2095</brx>
          <bry>2531</bry>
          <value></value>
          <label></label>
        </box>
      </boxgroup>
    </page>
    <page>
      <id>71847704</id>
      <tlx>283</tlx>
      <tly>283</tly>
      <trx>2197</trx>
      <try>283</try>
      <brx>2197</brx>
      <bry>3224</bry>
      <blx>283</blx>
      <bly>3224</bly>
      <rotation>0</rotation>
    </page>
    <page>
      <id>71847705</id>
      <tlx>283</tlx>
      <tly>283</tly>
      <trx>2197</trx>
      <try>283</try>
      <brx>2197</brx>
      <bry>3224</bry>
      <blx>283</blx>
      <bly>3224</bly>
      <rotation>0</rotation>
      <boxgroup>
        <type>4</type>
        <width>2</width>
        <varname>Actividad13</varname>
        <sortorder>13</sortorder>
        <label>&lt;p align="left" lang="en-US" style="margin-left: 0.5in; text-indent: -0.5in"&gt;13. Usualmente &#xBF;Cu&#xE1;nto tiempo gast&#xF3; usted (en horas) en uno de esos d&#xED;as &lt;u&gt;caminando&lt;/u&gt; de un lugar a otro?&lt;/p&gt;&#xD;
&#xD;
&lt;p&gt;Si es menos de 1 hora escriba -1&lt;/p&gt;&#xD;
&#xD;
&lt;p&gt;Si no ha caminado de un lugar a otro escriba 0&lt;/p&gt;</label>
        <groupsection idref="1"/>
        <box>
          <tlx>1951</tlx>
          <tly>546</tly>
          <brx>2022</brx>
          <bry>641</bry>
          <value></value>
          <label></label>
        </box>
        <box>
          <tlx>2024</tlx>
          <tly>546</tly>
          <brx>2095</brx>
          <bry>641</bry>
          <value></value>
          <label></label>
        </box>
      </boxgroup>
    </page>
    <page>
      <id>71847706</id>
      <tlx>283</tlx>
      <tly>283</tly>
      <trx>2197</trx>
      <try>283</try>
      <brx>2197</brx>
      <bry>3224</bry>
      <blx>283</blx>
      <bly>3224</bly>
      <rotation>0</rotation>
    </page>
    <page>
      <id>71847707</id>
      <tlx>283</tlx>
      <tly>283</tly>
      <trx>2197</trx>
      <try>283</try>
      <brx>2197</brx>
      <bry>3224</bry>
      <blx>283</blx>
      <bly>3224</bly>
      <rotation>0</rotation>
      <boxgroup>
        <type>4</type>
        <width>2</width>
        <varname>Actividad15</varname>
        <sortorder>14</sortorder>
        <label>&lt;p align="left" lang="en-US" style="margin-left: 0.5in; text-indent: -0.5in"&gt;15. Usualmente, &#xBF;Cu&#xE1;nto tiempo dedica usted (en horas) en uno de esos d&#xED;as haciendo &lt;u&gt;actividades f&#xED;sicas vigorosas&lt;/u&gt; en el jard&#xED;n o patio?&lt;/p&gt;&#xD;
&#xD;
&lt;p align="left" lang="en-US"&gt;Si es menos de 1 hora escriba -1&lt;/p&gt;&#xD;
SI no ocupa tiempo en actividades f&#xED;sicas vigorosas escriba 0</label>
        <groupsection idref="1"/>
        <box>
          <tlx>1951</tlx>
          <tly>546</tly>
          <brx>2022</brx>
          <bry>641</bry>
          <value></value>
          <label></label>
        </box>
        <box>
          <tlx>2024</tlx>
          <tly>546</tly>
          <brx>2095</brx>
          <bry>641</bry>
          <value></value>
          <label></label>
        </box>
      </boxgroup>
      <boxgroup>
        <type>4</type>
        <width>1</width>
        <varname>Actividad16</varname>
        <sortorder>15</sortorder>
        <label>&lt;p align="left" lang="en-US" style="margin-left: 0.5in; text-indent: -0.5in"&gt;16. Nuevamente, piense &#xFA;nicamente acerca de esas actividades f&#xED;sicas que hizo por lo menos 10 minutos continuos. Durante los &#xFA;ltimos 7 d&#xED;as, &#xBF;Cu&#xE1;ntos d&#xED;as hizo usted&lt;u&gt; actividades f&#xED;sicas moderadas t&lt;/u&gt;al como cargar objetos livianos, barrer, lavar ventanas, y rastrillar en el jard&#xED;n o patio?&lt;/p&gt;</label>
        <groupsection idref="1"/>
        <box>
          <tlx>2024</tlx>
          <tly>989</tly>
          <brx>2095</brx>
          <bry>1083</bry>
          <value></value>
          <label></label>
        </box>
      </boxgroup>
      <boxgroup>
        <type>4</type>
        <width>2</width>
        <varname>Actividad17</varname>
        <sortorder>16</sortorder>
        <label>&lt;p align="left" lang="en-US" style="margin-left: 0.5in; text-indent: -0.5in"&gt;17. Usualmente, &#xBF;Cu&#xE1;nto tiempo (en horas) dedica usted en uno de esos d&#xED;as haciendo &lt;u&gt;actividades f&#xED;sicas moderadas &lt;/u&gt;en el jard&#xED;n o patio?&lt;/p&gt;&#xD;
&#xD;
&lt;p align="left" lang="en-US"&gt;Si es menos de 1 hora escriba -1&lt;/p&gt;</label>
        <groupsection idref="1"/>
        <box>
          <tlx>1951</tlx>
          <tly>1369</tly>
          <brx>2022</brx>
          <bry>1463</bry>
          <value></value>
          <label></label>
        </box>
        <box>
          <tlx>2024</tlx>
          <tly>1369</tly>
          <brx>2095</brx>
          <bry>1463</bry>
          <value></value>
          <label></label>
        </box>
      </boxgroup>
    </page>
    <page>
      <id>71847708</id>
      <tlx>283</tlx>
      <tly>283</tly>
      <trx>2197</trx>
      <try>283</try>
      <brx>2197</brx>
      <bry>3224</bry>
      <blx>283</blx>
      <bly>3224</bly>
      <rotation>0</rotation>
    </page>
    <page>
      <id>71847709</id>
      <tlx>283</tlx>
      <tly>283</tly>
      <trx>2197</trx>
      <try>283</try>
      <brx>2197</brx>
      <bry>3224</bry>
      <blx>283</blx>
      <bly>3224</bly>
      <rotation>0</rotation>
      <boxgroup>
        <type>4</type>
        <width>2</width>
        <varname>Actividad19</varname>
        <sortorder>17</sortorder>
        <label>&lt;p align="left" lang="en-US" style="margin-left: 0.5in; text-indent: -0.5in"&gt;19. Usualmente, &#xBF;Cu&#xE1;nto tiempo (en horas) dedica usted en uno de esos d&#xED;as haciendo &lt;u&gt;actividades f&#xED;sicas moderadas&lt;/u&gt; dentro de su casa?&lt;/p&gt;&#xD;
&#xD;
&lt;p align="left" lang="en-US"&gt;Si es menos de 1 hora escriba -1&lt;/p&gt;</label>
        <groupsection idref="1"/>
        <box>
          <tlx>1951</tlx>
          <tly>421</tly>
          <brx>2022</brx>
          <bry>516</bry>
          <value></value>
          <label></label>
        </box>
        <box>
          <tlx>2024</tlx>
          <tly>421</tly>
          <brx>2095</brx>
          <bry>516</bry>
          <value></value>
          <label></label>
        </box>
      </boxgroup>
    </page>
    <page>
      <id>71847710</id>
      <tlx>283</tlx>
      <tly>283</tly>
      <trx>2197</trx>
      <try>283</try>
      <brx>2197</brx>
      <bry>3224</bry>
      <blx>283</blx>
      <bly>3224</bly>
      <rotation>0</rotation>
    </page>
    <page>
      <id>71847711</id>
      <tlx>283</tlx>
      <tly>283</tly>
      <trx>2197</trx>
      <try>283</try>
      <brx>2197</brx>
      <bry>3224</bry>
      <blx>283</blx>
      <bly>3224</bly>
      <rotation>0</rotation>
      <boxgroup>
        <type>4</type>
        <width>2</width>
        <varname>Actividad21</varname>
        <sortorder>18</sortorder>
        <label>&lt;p align="left" lang="en-US" style="margin-left: 0.5in; text-indent: -0.5in"&gt;21. Usualmente, &#xBF;Cu&#xE1;nto tiempo (en horas) gast&#xF3; usted en uno de esos d&#xED;as &lt;u&gt;caminando&lt;/u&gt; en su tiempo libre?&lt;/p&gt;&#xD;
Si es menos de 1 hora escriba -1</label>
        <groupsection idref="1"/>
        <box>
          <tlx>1951</tlx>
          <tly>421</tly>
          <brx>2022</brx>
          <bry>516</bry>
          <value></value>
          <label></label>
        </box>
        <box>
          <tlx>2024</tlx>
          <tly>421</tly>
          <brx>2095</brx>
          <bry>516</bry>
          <value></value>
          <label></label>
        </box>
      </boxgroup>
      <boxgroup>
        <type>4</type>
        <width>1</width>
        <varname>Actividad22</varname>
        <sortorder>19</sortorder>
        <label>&lt;p align="left" lang="en-US" style="margin-left: 0.5in; text-indent: -0.5in"&gt;22. Piense &#xFA;nicamente acerca de esas actividades f&#xED;sicas que hizo por lo menos 10 minutos continuos. Durante los&lt;u&gt; &#xFA;ltimos 7 d&#xED;as&lt;/u&gt;, &#xBF;Cu&#xE1;ntos d&#xED;as hizo usted &lt;u&gt;actividades f&#xED;sicas vigorosas&lt;/u&gt; tal como aer&#xF3;bica, correr, pedalear r&#xE1;pido en bicicleta, o nadar r&#xE1;pido en su tiempo libre? &lt;/p&gt;&#xD;
&#xD;
&lt;p align="left" lang="en-US"&gt;&#xA0;&lt;/p&gt;</label>
        <groupsection idref="1"/>
        <box>
          <tlx>2024</tlx>
          <tly>926</tly>
          <brx>2095</brx>
          <bry>1021</bry>
          <value></value>
          <label></label>
        </box>
      </boxgroup>
      <boxgroup>
        <type>4</type>
        <width>2</width>
        <varname>Actividad23</varname>
        <sortorder>20</sortorder>
        <label>&lt;p align="left" lang="en-US" style="margin-left: 0.5in; text-indent: -0.5in"&gt;23. Usualmente, &#xBF;Cu&#xE1;nto tiempo (en horas) dedica usted en uno de esos d&#xED;as haciendo&lt;u&gt; actividades f&#xED;sicas vigorosas &lt;/u&gt;en su tiempo libre?&lt;/p&gt;&#xD;
&#xD;
&lt;p align="left" lang="en-US"&gt;Si es menos de 1 hora escriba -1&lt;/p&gt;</label>
        <groupsection idref="1"/>
        <box>
          <tlx>1951</tlx>
          <tly>1306</tly>
          <brx>2022</brx>
          <bry>1401</bry>
          <value></value>
          <label></label>
        </box>
        <box>
          <tlx>2024</tlx>
          <tly>1306</tly>
          <brx>2095</brx>
          <bry>1401</bry>
          <value></value>
          <label></label>
        </box>
      </boxgroup>
      <boxgroup>
        <type>4</type>
        <width>1</width>
        <varname>Actividad24</varname>
        <sortorder>21</sortorder>
        <label>&lt;p align="left" lang="en-US" style="margin-left: 0.5in; text-indent: -0.5in"&gt;24. Nuevamente, piense &#xFA;nicamente acerca de esas actividades f&#xED;sicas que hizo por lo menos 10 minutos continuos. Durante los &#xFA;ltimos 7 d&#xED;as, &#xBF;Cu&#xE1;ntos d&#xED;as hizo usted &lt;u&gt;actividades f&#xED;sicas moderadas&lt;/u&gt; tal como pedalear en bicicleta a paso regular, nadar a paso regular, jugar dobles de tenis, en su tiempo libre?&lt;/p&gt;</label>
        <groupsection idref="1"/>
        <box>
          <tlx>2024</tlx>
          <tly>1749</tly>
          <brx>2095</brx>
          <bry>1843</bry>
          <value></value>
          <label></label>
        </box>
      </boxgroup>
      <boxgroup>
        <type>4</type>
        <width>2</width>
        <varname>Actividad25</varname>
        <sortorder>22</sortorder>
        <label>&lt;p align="left" lang="en-US" style="margin-left: 0.5in; text-indent: -0.5in"&gt;25. Usualmente, &#xBF;Cu&#xE1;nto tiempo (en horas) dedica usted en uno de esos d&#xED;as haciendo &lt;u&gt;actividades f&#xED;sicas moderadas&lt;/u&gt; en su tiempo libre?&lt;/p&gt;&#xD;
&#xD;
&lt;p align="left" lang="en-US" style="margin-left: 0.5in; text-indent: -0.5in"&gt;Si es menos de 1 hora escriba -1&lt;/p&gt;</label>
        <groupsection idref="1"/>
        <box>
          <tlx>1951</tlx>
          <tly>2128</tly>
          <brx>2022</brx>
          <bry>2223</bry>
          <value></value>
          <label></label>
        </box>
        <box>
          <tlx>2024</tlx>
          <tly>2128</tly>
          <brx>2095</brx>
          <bry>2223</bry>
          <value></value>
          <label></label>
        </box>
      </boxgroup>
    </page>
    <page>
      <id>71847712</id>
      <tlx>283</tlx>
      <tly>283</tly>
      <trx>2197</trx>
      <try>283</try>
      <brx>2197</brx>
      <bry>3224</bry>
      <blx>283</blx>
      <bly>3224</bly>
      <rotation>0</rotation>
    </page>
    <page>
      <id>71847713</id>
      <tlx>283</tlx>
      <tly>283</tly>
      <trx>2197</trx>
      <try>283</try>
      <brx>2197</brx>
      <bry>3224</bry>
      <blx>283</blx>
      <bly>3224</bly>
      <rotation>0</rotation>
      <boxgroup>
        <type>4</type>
        <width>2</width>
        <varname>Actividad27</varname>
        <sortorder>23</sortorder>
        <label>&lt;p align="left" lang="en-US" style="margin-left: 0.5in; text-indent: -0.5in"&gt;27. Durante los &#xFA;ltimos 7 d&#xED;as, &#xBF;Cu&#xE1;nto tiempo (en horas) permaneci&#xF3;&lt;u&gt; &lt;/u&gt;&lt;u&gt;sentado(a)&lt;/u&gt; en un d&#xED;a del fin de semana?&lt;/p&gt;&#xD;
Si es menos de 1 hora escriba -1</label>
        <groupsection idref="1"/>
        <box>
          <tlx>1951</tlx>
          <tly>421</tly>
          <brx>2022</brx>
          <bry>516</bry>
          <value></value>
          <label></label>
        </box>
        <box>
          <tlx>2024</tlx>
          <tly>421</tly>
          <brx>2095</brx>
          <bry>516</bry>
          <value></value>
          <label></label>
        </box>
      </boxgroup>
    </page>
  </questionnaire>
</queXF>
