<?xml version="1.0" encoding="UTF-8"?>
<questionnaire id="718477">
  <title>Actividad fisica</title>
  <investigator/>
  <dataCollector/>
  <section id="280">
    <sectionInfo>
      <position>title</position>
      <text>Preguntas</text>
      <administration>self</administration>
    </sectionInfo>
    <question>
      <text>RUT (sin puntos, guión ni dígito verificador. Ejemplo si el rut es 17.736.727-1 escribir 17736727):</text>
      <response varName="RUT">
        <free>
          <format>integer</format>
          <length>8</length>
          <label/>
        </free>
      </response>
    </question>
    <question>
      <text>PARTE 1: ACTIVIDAD FÍSICA RELACIONADA CON EL TRABAJO&#13;
&#13;
&lt;p align="left" class="western" lang="en-US"&gt;La primera sección es relacionada con su trabajo. Esto incluye trabajos con sueldo, agrícola, trabajo voluntario, clases, y cualquier otra clase de trabajo no pago que usted hizo fuera de su casa. No incluya trabajo no pago que usted hizo en su casa, tal como limpiar la casa, trabajo en el jardín, mantenimiento general, y el cuidado de su familia. Estas actividades serán preguntadas en la parte 3.&lt;/p&gt;&#13;
&#13;
&lt;p align="left" class="western" lang="en-US"&gt;1. ¿Tiene usted actualmente un trabajo o hace algún trabajo no pago fuera de su casa?&lt;/p&gt;</text>
      <response varName="Actividad01">
        <fixed>
          <category>
            <label>Sí</label>
            <value>Y</value>
          </category>
          <category>
            <label>No</label>
            <value>N</value>
          </category>
        </fixed>
      </response>
    </question>
    <question>
      <text>&lt;p align="left" class="western" lang="en-US"&gt;Las siguientes preguntas se refieren a todas las actividades físicas que usted hizo en los &lt;b&gt;últimos 7 días&lt;/b&gt; como parte de su trabajo pagado o no pagado. Esto no incluye ir y venir del trabajo. &lt;/p&gt;&#13;
&#13;
&lt;p class="western" lang="en-US" style="text-indent: -0.5in; text-align: justify; margin-left: 40px;"&gt;2. Durante los &lt;u&gt;últimos 7 días&lt;/u&gt;, ¿Cuántos días realizó usted actividades físicas &lt;u&gt;vigorosas&lt;/u&gt; como levantar objetos pesados, excavar, construcción pesada, o subir escaleras como parte de su trabajo? Piense solamente en esas actividades que usted hizo por lo menos 10 minutos continuos. (Escriba 0 si no ha realizado ninguna actividad física vigorosa relacionada con el trabajo)&lt;/p&gt;</text>
      <response varName="Actividad02">
        <free>
          <format>integer</format>
          <length>1</length>
          <label/>
        </free>
      </response>
    </question>
    <question>
      <text>&lt;p align="left" lang="en-US" style="margin-left: 0.5in; text-indent: -0.5in"&gt;3. ¿Cuánto tiempo (en horas) usualmente le toma realizar actividades físicas &lt;u&gt;vigorosas&lt;/u&gt; en uno de esos días que las realiza como parte de su trabajo? &lt;/p&gt;&#13;
&#13;
&lt;p align="left" lang="en-US" style="margin-left: 0.5in; text-indent: -0.5in"&gt;Si es menos de 1 hora escriba -1. Si no realiza actividades físicas vigorosas escriba 0.&lt;/p&gt;&#13;
&#13;
&lt;p align="left" lang="en-US"&gt; &lt;/p&gt;</text>
      <response varName="Actividad03">
        <free>
          <format>integer</format>
          <length>2</length>
          <label/>
        </free>
      </response>
    </question>
    <question>
      <text>&lt;p align="left" lang="en-US" style="margin-left: 0.5in; text-indent: -0.5in"&gt;4. Nuevamente, piense solamente en esas actividades que usted hizo por lo menos 10 minutos continuos. Durante &lt;u&gt;los últimos 7 días, &lt;/u&gt;¿Cuántos días hizo Usted actividades físicas&lt;u&gt; &lt;/u&gt;&lt;u&gt;moderadas &lt;/u&gt;como cargar cosas ligeras como&lt;u&gt; parte de su trabajo&lt;/u&gt;? Por favor no incluya caminar. &lt;/p&gt;&#13;
&#13;
&lt;p align="left" lang="en-US" style="margin-left: 0.5in; text-indent: -0.5in"&gt;Si no ha realizado actividad física moderada relacionada con el trabajo escriba 0&lt;/p&gt;</text>
      <response varName="Actividad04">
        <free>
          <format>integer</format>
          <length>1</length>
          <label/>
        </free>
      </response>
    </question>
    <question>
      <text>&lt;p align="left" class="western" lang="en-US" style="margin-left: 0.5in; text-indent: -0.5in"&gt;5. ¿Cuánto tiempo en total (en horas) usualmente le toma realizar actividades físicas &lt;u&gt;moderadas&lt;/u&gt; en uno de esos días que las realiza como parte de su trabajo?&lt;/p&gt;&#13;
&#13;
&lt;p align="left" class="western" lang="en-US" style="margin-left: 0.5in; text-indent: -0.5in"&gt;Si es menos de 1 hora escriba -1&lt;/p&gt;&#13;
&#13;
&lt;p align="left" class="western" lang="en-US" style="margin-left: 0.5in; text-indent: -0.5in"&gt;Si no realiza actividades físicas moderadas escriba 0&lt;/p&gt;</text>
      <response varName="Actividad05">
        <free>
          <format>integer</format>
          <length>2</length>
          <label/>
        </free>
      </response>
    </question>
    <question>
      <text>&lt;p align="left" lang="en-US" style="margin-left: 0.5in; text-indent: -0.5in"&gt;6. Durante los&lt;u&gt; últimos 7 días&lt;/u&gt;, ¿Cuántos días caminó usted por lo menos &lt;u&gt;10 minutos continuos&lt;/u&gt; como parte de su trabajo? Por favor no incluya ninguna caminata que usted hizo para desplazarse desde o hacia su trabajo. &lt;/p&gt;&#13;
&#13;
&lt;p align="left" lang="en-US" style="margin-left: 0.5in; text-indent: -0.5in"&gt; &lt;/p&gt;</text>
      <response varName="Actividad06">
        <free>
          <format>integer</format>
          <length>1</length>
          <label/>
        </free>
      </response>
    </question>
    <question>
      <text>&lt;p align="left" lang="en-US" style="margin-left: 0.5in; text-indent: -0.5in"&gt;7. ¿Cuánto tiempo en total (en horas) pasó generalmente &lt;u&gt;caminado&lt;/u&gt; en uno de esos días como parte de su trabajo?&lt;/p&gt;&#13;
&#13;
&lt;p&gt;Si es menos de 1 hora escriba -1&lt;/p&gt;&#13;
&#13;
&lt;p&gt;SI no caminó como parte de su trabajo escriba 0&lt;/p&gt;</text>
      <response varName="Actividad07">
        <free>
          <format>integer</format>
          <length>2</length>
          <label/>
        </free>
      </response>
    </question>
    <question>
      <text>PARTE 2: ACTIVIDAD FíSICA RELACIONADA CON TRANSPORTE&#13;
&#13;
&lt;p align="left" lang="en-US"&gt;Estas preguntas se refieren a la forma como usted se desplazó de un lugar a otro, incluyendo lugares como el trabajo, las tiendas, el cine, entre otros.&lt;/p&gt;&#13;
&#13;
&lt;p align="left" class="western" lang="en-US"&gt; &lt;/p&gt;&#13;
&#13;
&lt;p align="left" lang="en-US" style="margin-left: 0.5in; text-indent: -0.5in"&gt;8. Durante los&lt;u&gt; últimos 7 días&lt;/u&gt;, ¿Cuántos días &lt;u&gt;viajó&lt;/u&gt; usted en un vehículo de motor como un bus, micro, auto o metro?&lt;/p&gt;&#13;
&#13;
&lt;p align="left" lang="en-US" style="margin-left: 0.5in; text-indent: -0.5in"&gt;Si no viajó en un vehículo escriba 0&lt;/p&gt;</text>
      <response varName="Actividad08">
        <free>
          <format>integer</format>
          <length>1</length>
          <label/>
        </free>
      </response>
    </question>
    <question>
      <text>&lt;p align="left" class="western" lang="en-US" style="margin-left: 0.5in; text-indent: -0.5in"&gt;9. Usualmente, ¿Cuánto tiempo (en horas) gastó usted en uno de esos días &lt;u&gt;viajando&lt;/u&gt; en un metro, bus, automóvil, micro u otra clase de vehículo a motor?&lt;/p&gt;&#13;
&#13;
&lt;p align="left" class="western" lang="en-US"&gt;Si fue menos de 1 hora escriba -1&lt;/p&gt;&#13;
&#13;
&lt;p align="left" class="western" lang="en-US"&gt;Si no gastó tiempo viajando escriba 0&lt;/p&gt;</text>
      <response varName="Actividad09">
        <free>
          <format>integer</format>
          <length>2</length>
          <label/>
        </free>
      </response>
    </question>
    <question>
      <text>&lt;p align="left" lang="en-US" style="margin-left: 0.5in; text-indent: -0.5in"&gt;10. Durante los &lt;u&gt;últimos 7 días,&lt;/u&gt; ¿Cuántos días anduvo usted en &lt;u&gt;bicicleta&lt;/u&gt; por al menos 10 minutos continuos para ir de un lugar a otro? &lt;/p&gt;&#13;
Si no anduvo en bicicleta escriba 0</text>
      <response varName="Actividad10">
        <free>
          <format>integer</format>
          <length>1</length>
          <label/>
        </free>
      </response>
    </question>
    <question>
      <text>&lt;p align="left" lang="en-US" style="margin-left: 0.5in; text-indent: -0.5in"&gt;11. Usualmente, ¿Cuánto tiempo (en horas) gastó usted en uno de esos días andando en &lt;u&gt;bicicleta&lt;/u&gt; de un lugar a otro?&lt;/p&gt;&#13;
&#13;
&lt;p align="left" lang="en-US" style="margin-left: 0.5in; text-indent: -0.5in"&gt;Si es menos de 1 hora escriba -1&lt;/p&gt;&#13;
&#13;
&lt;p align="left" lang="en-US" style="margin-left: 0.5in; text-indent: -0.5in"&gt;Si no ha andado en bicicleta escriba 0&lt;/p&gt;</text>
      <response varName="Actividad11">
        <free>
          <format>integer</format>
          <length>2</length>
          <label/>
        </free>
      </response>
    </question>
    <question>
      <text>&lt;p align="left" class="western" lang="en-US" style="margin-left: 0.5in; text-indent: -0.5in; page-break-before: always"&gt;12. Durante los últimos 7 días, ¿Cuántos días &lt;u&gt;caminó&lt;/u&gt; usted por al menos 10 minutos continuos para ir de un sitio a otro? &lt;/p&gt;&#13;
&#13;
&lt;p align="left" class="western" lang="en-US"&gt; &lt;/p&gt;</text>
      <response varName="Actividad12">
        <free>
          <format>integer</format>
          <length>1</length>
          <label/>
        </free>
      </response>
    </question>
    <question>
      <text>&lt;p align="left" lang="en-US" style="margin-left: 0.5in; text-indent: -0.5in"&gt;13. Usualmente ¿Cuánto tiempo gastó usted (en horas) en uno de esos días &lt;u&gt;caminando&lt;/u&gt; de un lugar a otro?&lt;/p&gt;&#13;
&#13;
&lt;p&gt;Si es menos de 1 hora escriba -1&lt;/p&gt;&#13;
&#13;
&lt;p&gt;Si no ha caminado de un lugar a otro escriba 0&lt;/p&gt;</text>
      <response varName="Actividad13">
        <free>
          <format>integer</format>
          <length>2</length>
          <label/>
        </free>
      </response>
    </question>
    <question>
      <text>&lt;p align="left" class="western" lang="en-US" style="margin-left: 0.5in; text-indent: 0.5in; page-break-before: always"&gt;&lt;i&gt;&lt;b&gt;PARTE 3: &lt;/b&gt;&lt;/i&gt;&lt;i&gt;&lt;b&gt;TRABAJO DE LA CASA, MANTENIMIENTO DE LA CASA, Y CUIDADO DE LA FAMILIA&lt;/b&gt;&lt;/i&gt;&lt;/p&gt;&#13;
&#13;
&lt;p align="left" class="western" lang="en-US"&gt; &lt;/p&gt;&#13;
&#13;
&lt;p align="left" lang="en-US"&gt;Esta sección se refiere a algunas actividades físicas que usted hizo en los &lt;b&gt;últimos 7 días&lt;/b&gt; en y alrededor de su casa tal como como arreglo de la casa, jardinería, trabajo en el pasto, trabajo general de mantenimiento, y el cuidado de su familia.&lt;/p&gt;&#13;
&#13;
&lt;p align="left" lang="en-US"&gt; &lt;/p&gt;&#13;
&#13;
&lt;p align="left" lang="en-US" style="margin-left: 0.5in; text-indent: -0.5in"&gt;14. Piense únicamente acerca de esas actividades físicas que hizo por lo menos 10 minutos continuos. Durante los últimos 7 días, ¿Cuántos días hizo usted &lt;u&gt;actividades físicas vigorosas&lt;/u&gt; tal como levantar objetos pesados, cortar madera, palear nieve, o excavar en el jardín o patio?&lt;/p&gt;</text>
      <response varName="Actividad14">
        <free>
          <format>integer</format>
          <length>1</length>
          <label/>
        </free>
      </response>
    </question>
    <question>
      <text>&lt;p align="left" lang="en-US" style="margin-left: 0.5in; text-indent: -0.5in"&gt;15. Usualmente, ¿Cuánto tiempo dedica usted (en horas) en uno de esos días haciendo &lt;u&gt;actividades físicas vigorosas&lt;/u&gt; en el jardín o patio?&lt;/p&gt;&#13;
&#13;
&lt;p align="left" lang="en-US"&gt;Si es menos de 1 hora escriba -1&lt;/p&gt;&#13;
SI no ocupa tiempo en actividades físicas vigorosas escriba 0</text>
      <response varName="Actividad15">
        <free>
          <format>integer</format>
          <length>2</length>
          <label/>
        </free>
      </response>
    </question>
    <question>
      <text>&lt;p align="left" lang="en-US" style="margin-left: 0.5in; text-indent: -0.5in"&gt;16. Nuevamente, piense únicamente acerca de esas actividades físicas que hizo por lo menos 10 minutos continuos. Durante los últimos 7 días, ¿Cuántos días hizo usted&lt;u&gt; actividades físicas moderadas t&lt;/u&gt;al como cargar objetos livianos, barrer, lavar ventanas, y rastrillar en el jardín o patio?&lt;/p&gt;</text>
      <response varName="Actividad16">
        <free>
          <format>integer</format>
          <length>1</length>
          <label/>
        </free>
      </response>
    </question>
    <question>
      <text>&lt;p align="left" lang="en-US" style="margin-left: 0.5in; text-indent: -0.5in"&gt;17. Usualmente, ¿Cuánto tiempo (en horas) dedica usted en uno de esos días haciendo &lt;u&gt;actividades físicas moderadas &lt;/u&gt;en el jardín o patio?&lt;/p&gt;&#13;
&#13;
&lt;p align="left" lang="en-US"&gt;Si es menos de 1 hora escriba -1&lt;/p&gt;</text>
      <response varName="Actividad17">
        <free>
          <format>integer</format>
          <length>2</length>
          <label/>
        </free>
      </response>
    </question>
    <question>
      <text>&lt;p align="left" lang="en-US" style="margin-left: 0.5in; text-indent: -0.5in; page-break-before: always"&gt;18. Una vez más, piense únicamente acerca de esas actividades físicas que hizo por lo menos 10 minutos continuos.&lt;u&gt; Durante los últimos 7 días&lt;/u&gt;, ¿Cuántos días hizo usted &lt;u&gt;actividades físicas moderadas &lt;/u&gt;tal como cargar objetos livianos, lavar ventanas, estregar pisos y barrer dentro de su casa?&lt;/p&gt;</text>
      <response varName="Actividad18">
        <free>
          <format>integer</format>
          <length>1</length>
          <label/>
        </free>
      </response>
    </question>
    <question>
      <text>&lt;p align="left" lang="en-US" style="margin-left: 0.5in; text-indent: -0.5in"&gt;19. Usualmente, ¿Cuánto tiempo (en horas) dedica usted en uno de esos días haciendo &lt;u&gt;actividades físicas moderadas&lt;/u&gt; dentro de su casa?&lt;/p&gt;&#13;
&#13;
&lt;p align="left" lang="en-US"&gt;Si es menos de 1 hora escriba -1&lt;/p&gt;</text>
      <response varName="Actividad19">
        <free>
          <format>integer</format>
          <length>2</length>
          <label/>
        </free>
      </response>
    </question>
    <question>
      <text>&lt;p align="left" lang="en-US" style="margin-left: 0.5in; text-indent: 0.5in; page-break-before: always"&gt;&lt;i&gt;&lt;b&gt;PARTE 4: ACTIVIDADES F&lt;/b&gt;&lt;/i&gt;&lt;i&gt;&lt;b&gt;íSICAS DE RECREACIÓN, DEPORTE Y TIEMPO LIBRE&lt;/b&gt;&lt;/i&gt;&lt;/p&gt;&#13;
&#13;
&lt;p align="left" lang="en-US" style="margin-left: 0.5in; text-indent: -0.5in"&gt; &lt;/p&gt;&#13;
&#13;
&lt;p align="left" lang="en-US"&gt;Esta sección se refiere a todas aquellas actividades físicas que usted hizo en los &lt;b&gt;últimos 7 días&lt;/b&gt; únicamente por recreación, deporte, ejercicio o placer. Por favor no incluya ninguna de las actividades que ya haya mencionado.&lt;/p&gt;&#13;
&#13;
&lt;p align="left" lang="en-US"&gt; &lt;/p&gt;&#13;
&#13;
&lt;p align="left" lang="en-US" style="margin-left: 0.5in; text-indent: -0.5in"&gt;20. Sin contar cualquier caminata que ya haya usted mencionado, durante los&lt;u&gt; últimos 7 días&lt;/u&gt;, ¿Cuántos días &lt;u&gt;caminó&lt;/u&gt; usted por lo menos 10 minutos continuos en su tiempo libre? &lt;/p&gt;</text>
      <response varName="Actividad20">
        <free>
          <format>integer</format>
          <length>1</length>
          <label/>
        </free>
      </response>
    </question>
    <question>
      <text>&lt;p align="left" lang="en-US" style="margin-left: 0.5in; text-indent: -0.5in"&gt;21. Usualmente, ¿Cuánto tiempo (en horas) gastó usted en uno de esos días &lt;u&gt;caminando&lt;/u&gt; en su tiempo libre?&lt;/p&gt;&#13;
Si es menos de 1 hora escriba -1</text>
      <response varName="Actividad21">
        <free>
          <format>integer</format>
          <length>2</length>
          <label/>
        </free>
      </response>
    </question>
    <question>
      <text>&lt;p align="left" lang="en-US" style="margin-left: 0.5in; text-indent: -0.5in"&gt;22. Piense únicamente acerca de esas actividades físicas que hizo por lo menos 10 minutos continuos. Durante los&lt;u&gt; últimos 7 días&lt;/u&gt;, ¿Cuántos días hizo usted &lt;u&gt;actividades físicas vigorosas&lt;/u&gt; tal como aeróbica, correr, pedalear rápido en bicicleta, o nadar rápido en su tiempo libre? &lt;/p&gt;&#13;
&#13;
&lt;p align="left" lang="en-US"&gt; &lt;/p&gt;</text>
      <response varName="Actividad22">
        <free>
          <format>integer</format>
          <length>1</length>
          <label/>
        </free>
      </response>
    </question>
    <question>
      <text>&lt;p align="left" lang="en-US" style="margin-left: 0.5in; text-indent: -0.5in"&gt;23. Usualmente, ¿Cuánto tiempo (en horas) dedica usted en uno de esos días haciendo&lt;u&gt; actividades físicas vigorosas &lt;/u&gt;en su tiempo libre?&lt;/p&gt;&#13;
&#13;
&lt;p align="left" lang="en-US"&gt;Si es menos de 1 hora escriba -1&lt;/p&gt;</text>
      <response varName="Actividad23">
        <free>
          <format>integer</format>
          <length>2</length>
          <label/>
        </free>
      </response>
    </question>
    <question>
      <text>&lt;p align="left" lang="en-US" style="margin-left: 0.5in; text-indent: -0.5in"&gt;24. Nuevamente, piense únicamente acerca de esas actividades físicas que hizo por lo menos 10 minutos continuos. Durante los últimos 7 días, ¿Cuántos días hizo usted &lt;u&gt;actividades físicas moderadas&lt;/u&gt; tal como pedalear en bicicleta a paso regular, nadar a paso regular, jugar dobles de tenis, en su tiempo libre?&lt;/p&gt;</text>
      <response varName="Actividad24">
        <free>
          <format>integer</format>
          <length>1</length>
          <label/>
        </free>
      </response>
    </question>
    <question>
      <text>&lt;p align="left" lang="en-US" style="margin-left: 0.5in; text-indent: -0.5in"&gt;25. Usualmente, ¿Cuánto tiempo (en horas) dedica usted en uno de esos días haciendo &lt;u&gt;actividades físicas moderadas&lt;/u&gt; en su tiempo libre?&lt;/p&gt;&#13;
&#13;
&lt;p align="left" lang="en-US" style="margin-left: 0.5in; text-indent: -0.5in"&gt;Si es menos de 1 hora escriba -1&lt;/p&gt;</text>
      <response varName="Actividad25">
        <free>
          <format>integer</format>
          <length>2</length>
          <label/>
        </free>
      </response>
    </question>
    <question>
      <text>&lt;p align="left" lang="en-US" style="margin-left: 0.5in; text-indent: 0.5in; page-break-before: always"&gt;&lt;i&gt;&lt;b&gt;PARTE 5: &lt;/b&gt;&lt;/i&gt;&lt;i&gt;&lt;b&gt;TIEMPO DEDICADO A ESTAR SENTADO(A)&lt;/b&gt;&lt;/i&gt;&lt;/p&gt;&#13;
&#13;
&lt;p align="left" lang="en-US"&gt; &lt;/p&gt;&#13;
&#13;
&lt;p align="left" lang="en-US"&gt;Las últimas preguntas se refieren al tiempo que usted permanence sentado(a) en el trabajo, la casa, estudiando, y en su tiempo libre. Esto incluye tiempo sentado(a) en un escritorio, visitando amigos(as), leyendo o permanecer sentado(a) o acostado(a) mirando television. No incluya el tiempo que permanence sentado(a) en un vehículo de motor que ya haya mencionado anteriormente.&lt;/p&gt;&#13;
&#13;
&lt;p align="left" lang="en-US"&gt; &lt;/p&gt;&#13;
&#13;
&lt;p align="left" lang="en-US" style="margin-left: 0.5in; text-indent: -0.5in"&gt;26. Durante los últimos 7 días, ¿Cuánto tiempo (en horas) permaneció &lt;u&gt;sentado(a)&lt;/u&gt; en un día en la semana?&lt;/p&gt;&#13;
Si es menos de 1 hora escriba -1</text>
      <response varName="Actividad26">
        <free>
          <format>integer</format>
          <length>2</length>
          <label/>
        </free>
      </response>
    </question>
    <question>
      <text>&lt;p align="left" lang="en-US" style="margin-left: 0.5in; text-indent: -0.5in"&gt;27. Durante los últimos 7 días, ¿Cuánto tiempo (en horas) permaneció&lt;u&gt; &lt;/u&gt;&lt;u&gt;sentado(a)&lt;/u&gt; en un día del fin de semana?&lt;/p&gt;&#13;
Si es menos de 1 hora escriba -1</text>
      <response varName="Actividad27">
        <free>
          <format>integer</format>
          <length>2</length>
          <label/>
        </free>
      </response>
    </question>
  </section>
</questionnaire>
