<?xml version="1.0"?>
<queXF>
  <questionnaire>
    <id>674249</id>
    <section id="1">
      <label>Preguntas</label>
      <title>Section A</title>
    </section>
    <page>
      <id>67424901</id>
      <tlx>283</tlx>
      <tly>283</tly>
      <trx>2197</trx>
      <try>283</try>
      <brx>2197</brx>
      <bry>3224</bry>
      <blx>283</blx>
      <bly>3224</bly>
      <rotation>0</rotation>
      <boxgroup>
        <type>4</type>
        <width>8</width>
        <varname>RUT</varname>
        <sortorder>1</sortorder>
        <label>RUT (sin puntos, gui&#xF3;n ni d&#xED;gito verificador. Ejemplo si el rut es 17.736.727-1 escribir 17736727):</label>
        <groupsection idref="1"/>
        <box>
          <tlx>1515</tlx>
          <tly>509</tly>
          <brx>1586</brx>
          <bry>603</bry>
          <value></value>
          <label></label>
        </box>
        <box>
          <tlx>1588</tlx>
          <tly>509</tly>
          <brx>1659</brx>
          <bry>603</bry>
          <value></value>
          <label></label>
        </box>
        <box>
          <tlx>1661</tlx>
          <tly>509</tly>
          <brx>1731</brx>
          <bry>603</bry>
          <value></value>
          <label></label>
        </box>
        <box>
          <tlx>1733</tlx>
          <tly>509</tly>
          <brx>1804</brx>
          <bry>603</bry>
          <value></value>
          <label></label>
        </box>
        <box>
          <tlx>1806</tlx>
          <tly>509</tly>
          <brx>1877</brx>
          <bry>603</bry>
          <value></value>
          <label></label>
        </box>
        <box>
          <tlx>1879</tlx>
          <tly>509</tly>
          <brx>1949</brx>
          <bry>603</bry>
          <value></value>
          <label></label>
        </box>
        <box>
          <tlx>1951</tlx>
          <tly>509</tly>
          <brx>2022</brx>
          <bry>603</bry>
          <value></value>
          <label></label>
        </box>
        <box>
          <tlx>2024</tlx>
          <tly>509</tly>
          <brx>2095</brx>
          <bry>603</bry>
          <value></value>
          <label></label>
        </box>
      </boxgroup>
      <boxgroup>
        <type>1</type>
        <width>3</width>
        <varname>BS_BS01</varname>
        <sortorder>2</sortorder>
        <label>A continuaci&#xF3;n encontrar&#xE1; una lista de afirmaciones en torno a los sentimientos o pensamientos que tiene sobre su vida en sociedad. Marque la respuesta que m&#xE1;s lo identifica. : Siento que soy parte importante de mi comunidad.</label>
        <groupsection idref="1"/>
        <box>
          <tlx>1352</tlx>
          <tly>977</tly>
          <brx>1411</brx>
          <bry>1036</bry>
          <value>BS1</value>
          <label>Totalmente en desacuerdo</label>
        </box>
        <box>
          <tlx>1506</tlx>
          <tly>977</tly>
          <brx>1565</brx>
          <bry>1036</bry>
          <value>BS2</value>
          <label>Un poco en desacuerdo</label>
        </box>
        <box>
          <tlx>1659</tlx>
          <tly>977</tly>
          <brx>1719</brx>
          <bry>1036</bry>
          <value>BS3</value>
          <label>Ni de acuerdo ni en desacuerdo</label>
        </box>
        <box>
          <tlx>1813</tlx>
          <tly>977</tly>
          <brx>1872</brx>
          <bry>1036</bry>
          <value>BS4</value>
          <label>Un poco de acuerdo</label>
        </box>
        <box>
          <tlx>1967</tlx>
          <tly>977</tly>
          <brx>2026</brx>
          <bry>1036</bry>
          <value>BS5</value>
          <label>Totalmente de acuerdo</label>
        </box>
      </boxgroup>
      <boxgroup>
        <type>1</type>
        <width>3</width>
        <varname>BS_BS02</varname>
        <sortorder>3</sortorder>
        <label>A continuaci&#xF3;n encontrar&#xE1; una lista de afirmaciones en torno a los sentimientos o pensamientos que tiene sobre su vida en sociedad. Marque la respuesta que m&#xE1;s lo identifica. : Creo que la gente me valora como persona.</label>
        <groupsection idref="1"/>
        <box>
          <tlx>1352</tlx>
          <tly>1101</tly>
          <brx>1411</brx>
          <bry>1160</bry>
          <value>BS1</value>
          <label>Totalmente en desacuerdo</label>
        </box>
        <box>
          <tlx>1506</tlx>
          <tly>1101</tly>
          <brx>1565</brx>
          <bry>1160</bry>
          <value>BS2</value>
          <label>Un poco en desacuerdo</label>
        </box>
        <box>
          <tlx>1659</tlx>
          <tly>1101</tly>
          <brx>1719</brx>
          <bry>1160</bry>
          <value>BS3</value>
          <label>Ni de acuerdo ni en desacuerdo</label>
        </box>
        <box>
          <tlx>1813</tlx>
          <tly>1101</tly>
          <brx>1872</brx>
          <bry>1160</bry>
          <value>BS4</value>
          <label>Un poco de acuerdo</label>
        </box>
        <box>
          <tlx>1967</tlx>
          <tly>1101</tly>
          <brx>2026</brx>
          <bry>1160</bry>
          <value>BS5</value>
          <label>Totalmente de acuerdo</label>
        </box>
      </boxgroup>
      <boxgroup>
        <type>1</type>
        <width>3</width>
        <varname>BS_BS03</varname>
        <sortorder>4</sortorder>
        <label>A continuaci&#xF3;n encontrar&#xE1; una lista de afirmaciones en torno a los sentimientos o pensamientos que tiene sobre su vida en sociedad. Marque la respuesta que m&#xE1;s lo identifica. : Si tengo algo que decir, creo que la mayor&#xED;a de la gente me escuchar&#xED;a.</label>
        <groupsection idref="1"/>
        <box>
          <tlx>1352</tlx>
          <tly>1225</tly>
          <brx>1411</brx>
          <bry>1284</bry>
          <value>BS1</value>
          <label>Totalmente en desacuerdo</label>
        </box>
        <box>
          <tlx>1506</tlx>
          <tly>1225</tly>
          <brx>1565</brx>
          <bry>1284</bry>
          <value>BS2</value>
          <label>Un poco en desacuerdo</label>
        </box>
        <box>
          <tlx>1659</tlx>
          <tly>1225</tly>
          <brx>1719</brx>
          <bry>1284</bry>
          <value>BS3</value>
          <label>Ni de acuerdo ni en desacuerdo</label>
        </box>
        <box>
          <tlx>1813</tlx>
          <tly>1225</tly>
          <brx>1872</brx>
          <bry>1284</bry>
          <value>BS4</value>
          <label>Un poco de acuerdo</label>
        </box>
        <box>
          <tlx>1967</tlx>
          <tly>1225</tly>
          <brx>2026</brx>
          <bry>1284</bry>
          <value>BS5</value>
          <label>Totalmente de acuerdo</label>
        </box>
      </boxgroup>
      <boxgroup>
        <type>1</type>
        <width>3</width>
        <varname>BS_BS04</varname>
        <sortorder>5</sortorder>
        <label>A continuaci&#xF3;n encontrar&#xE1; una lista de afirmaciones en torno a los sentimientos o pensamientos que tiene sobre su vida en sociedad. Marque la respuesta que m&#xE1;s lo identifica. : Me siento cercano a otra gente.</label>
        <groupsection idref="1"/>
        <box>
          <tlx>1352</tlx>
          <tly>1349</tly>
          <brx>1411</brx>
          <bry>1408</bry>
          <value>BS1</value>
          <label>Totalmente en desacuerdo</label>
        </box>
        <box>
          <tlx>1506</tlx>
          <tly>1349</tly>
          <brx>1565</brx>
          <bry>1408</bry>
          <value>BS2</value>
          <label>Un poco en desacuerdo</label>
        </box>
        <box>
          <tlx>1659</tlx>
          <tly>1349</tly>
          <brx>1719</brx>
          <bry>1408</bry>
          <value>BS3</value>
          <label>Ni de acuerdo ni en desacuerdo</label>
        </box>
        <box>
          <tlx>1813</tlx>
          <tly>1349</tly>
          <brx>1872</brx>
          <bry>1408</bry>
          <value>BS4</value>
          <label>Un poco de acuerdo</label>
        </box>
        <box>
          <tlx>1967</tlx>
          <tly>1349</tly>
          <brx>2026</brx>
          <bry>1408</bry>
          <value>BS5</value>
          <label>Totalmente de acuerdo</label>
        </box>
      </boxgroup>
      <boxgroup>
        <type>1</type>
        <width>3</width>
        <varname>BS_BS05</varname>
        <sortorder>6</sortorder>
        <label>A continuaci&#xF3;n encontrar&#xE1; una lista de afirmaciones en torno a los sentimientos o pensamientos que tiene sobre su vida en sociedad. Marque la respuesta que m&#xE1;s lo identifica. : Si tuviera algo que decir, pienso que la gente no se lo tomar&#xED;a en serio.</label>
        <groupsection idref="1"/>
        <box>
          <tlx>1352</tlx>
          <tly>1473</tly>
          <brx>1411</brx>
          <bry>1532</bry>
          <value>BS1</value>
          <label>Totalmente en desacuerdo</label>
        </box>
        <box>
          <tlx>1506</tlx>
          <tly>1473</tly>
          <brx>1565</brx>
          <bry>1532</bry>
          <value>BS2</value>
          <label>Un poco en desacuerdo</label>
        </box>
        <box>
          <tlx>1659</tlx>
          <tly>1473</tly>
          <brx>1719</brx>
          <bry>1532</bry>
          <value>BS3</value>
          <label>Ni de acuerdo ni en desacuerdo</label>
        </box>
        <box>
          <tlx>1813</tlx>
          <tly>1473</tly>
          <brx>1872</brx>
          <bry>1532</bry>
          <value>BS4</value>
          <label>Un poco de acuerdo</label>
        </box>
        <box>
          <tlx>1967</tlx>
          <tly>1473</tly>
          <brx>2026</brx>
          <bry>1532</bry>
          <value>BS5</value>
          <label>Totalmente de acuerdo</label>
        </box>
      </boxgroup>
      <boxgroup>
        <type>1</type>
        <width>3</width>
        <varname>BS_BS06</varname>
        <sortorder>7</sortorder>
        <label>A continuaci&#xF3;n encontrar&#xE1; una lista de afirmaciones en torno a los sentimientos o pensamientos que tiene sobre su vida en sociedad. Marque la respuesta que m&#xE1;s lo identifica. : No me siento pertenecer a ning&#xFA;n grupo social.</label>
        <groupsection idref="1"/>
        <box>
          <tlx>1352</tlx>
          <tly>1597</tly>
          <brx>1411</brx>
          <bry>1656</bry>
          <value>BS1</value>
          <label>Totalmente en desacuerdo</label>
        </box>
        <box>
          <tlx>1506</tlx>
          <tly>1597</tly>
          <brx>1565</brx>
          <bry>1656</bry>
          <value>BS2</value>
          <label>Un poco en desacuerdo</label>
        </box>
        <box>
          <tlx>1659</tlx>
          <tly>1597</tly>
          <brx>1719</brx>
          <bry>1656</bry>
          <value>BS3</value>
          <label>Ni de acuerdo ni en desacuerdo</label>
        </box>
        <box>
          <tlx>1813</tlx>
          <tly>1597</tly>
          <brx>1872</brx>
          <bry>1656</bry>
          <value>BS4</value>
          <label>Un poco de acuerdo</label>
        </box>
        <box>
          <tlx>1967</tlx>
          <tly>1597</tly>
          <brx>2026</brx>
          <bry>1656</bry>
          <value>BS5</value>
          <label>Totalmente de acuerdo</label>
        </box>
      </boxgroup>
      <boxgroup>
        <type>1</type>
        <width>3</width>
        <varname>BS_BS07</varname>
        <sortorder>8</sortorder>
        <label>A continuaci&#xF3;n encontrar&#xE1; una lista de afirmaciones en torno a los sentimientos o pensamientos que tiene sobre su vida en sociedad. Marque la respuesta que m&#xE1;s lo identifica. : La sociedad en la que vivo es una fuente de bienestar.</label>
        <groupsection idref="1"/>
        <box>
          <tlx>1352</tlx>
          <tly>1721</tly>
          <brx>1411</brx>
          <bry>1780</bry>
          <value>BS1</value>
          <label>Totalmente en desacuerdo</label>
        </box>
        <box>
          <tlx>1506</tlx>
          <tly>1721</tly>
          <brx>1565</brx>
          <bry>1780</bry>
          <value>BS2</value>
          <label>Un poco en desacuerdo</label>
        </box>
        <box>
          <tlx>1659</tlx>
          <tly>1721</tly>
          <brx>1719</brx>
          <bry>1780</bry>
          <value>BS3</value>
          <label>Ni de acuerdo ni en desacuerdo</label>
        </box>
        <box>
          <tlx>1813</tlx>
          <tly>1721</tly>
          <brx>1872</brx>
          <bry>1780</bry>
          <value>BS4</value>
          <label>Un poco de acuerdo</label>
        </box>
        <box>
          <tlx>1967</tlx>
          <tly>1721</tly>
          <brx>2026</brx>
          <bry>1780</bry>
          <value>BS5</value>
          <label>Totalmente de acuerdo</label>
        </box>
      </boxgroup>
      <boxgroup>
        <type>1</type>
        <width>3</width>
        <varname>BS_BS08</varname>
        <sortorder>9</sortorder>
        <label>A continuaci&#xF3;n encontrar&#xE1; una lista de afirmaciones en torno a los sentimientos o pensamientos que tiene sobre su vida en sociedad. Marque la respuesta que m&#xE1;s lo identifica. : Creo que la gente no es de fiar.</label>
        <groupsection idref="1"/>
        <box>
          <tlx>1352</tlx>
          <tly>1845</tly>
          <brx>1411</brx>
          <bry>1904</bry>
          <value>BS1</value>
          <label>Totalmente en desacuerdo</label>
        </box>
        <box>
          <tlx>1506</tlx>
          <tly>1845</tly>
          <brx>1565</brx>
          <bry>1904</bry>
          <value>BS2</value>
          <label>Un poco en desacuerdo</label>
        </box>
        <box>
          <tlx>1659</tlx>
          <tly>1845</tly>
          <brx>1719</brx>
          <bry>1904</bry>
          <value>BS3</value>
          <label>Ni de acuerdo ni en desacuerdo</label>
        </box>
        <box>
          <tlx>1813</tlx>
          <tly>1845</tly>
          <brx>1872</brx>
          <bry>1904</bry>
          <value>BS4</value>
          <label>Un poco de acuerdo</label>
        </box>
        <box>
          <tlx>1967</tlx>
          <tly>1845</tly>
          <brx>2026</brx>
          <bry>1904</bry>
          <value>BS5</value>
          <label>Totalmente de acuerdo</label>
        </box>
      </boxgroup>
      <boxgroup>
        <type>1</type>
        <width>3</width>
        <varname>BS_BS09</varname>
        <sortorder>10</sortorder>
        <label>A continuaci&#xF3;n encontrar&#xE1; una lista de afirmaciones en torno a los sentimientos o pensamientos que tiene sobre su vida en sociedad. Marque la respuesta que m&#xE1;s lo identifica. : Creo que las personas s&#xF3;lo piensan en s&#xED; mismas.</label>
        <groupsection idref="1"/>
        <box>
          <tlx>1352</tlx>
          <tly>1969</tly>
          <brx>1411</brx>
          <bry>2028</bry>
          <value>BS1</value>
          <label>Totalmente en desacuerdo</label>
        </box>
        <box>
          <tlx>1506</tlx>
          <tly>1969</tly>
          <brx>1565</brx>
          <bry>2028</bry>
          <value>BS2</value>
          <label>Un poco en desacuerdo</label>
        </box>
        <box>
          <tlx>1659</tlx>
          <tly>1969</tly>
          <brx>1719</brx>
          <bry>2028</bry>
          <value>BS3</value>
          <label>Ni de acuerdo ni en desacuerdo</label>
        </box>
        <box>
          <tlx>1813</tlx>
          <tly>1969</tly>
          <brx>1872</brx>
          <bry>2028</bry>
          <value>BS4</value>
          <label>Un poco de acuerdo</label>
        </box>
        <box>
          <tlx>1967</tlx>
          <tly>1969</tly>
          <brx>2026</brx>
          <bry>2028</bry>
          <value>BS5</value>
          <label>Totalmente de acuerdo</label>
        </box>
      </boxgroup>
      <boxgroup>
        <type>1</type>
        <width>3</width>
        <varname>BS_BS10</varname>
        <sortorder>11</sortorder>
        <label>A continuaci&#xF3;n encontrar&#xE1; una lista de afirmaciones en torno a los sentimientos o pensamientos que tiene sobre su vida en sociedad. Marque la respuesta que m&#xE1;s lo identifica. : Creo que no se debe confiar en la gente.</label>
        <groupsection idref="1"/>
        <box>
          <tlx>1352</tlx>
          <tly>2093</tly>
          <brx>1411</brx>
          <bry>2152</bry>
          <value>BS1</value>
          <label>Totalmente en desacuerdo</label>
        </box>
        <box>
          <tlx>1506</tlx>
          <tly>2093</tly>
          <brx>1565</brx>
          <bry>2152</bry>
          <value>BS2</value>
          <label>Un poco en desacuerdo</label>
        </box>
        <box>
          <tlx>1659</tlx>
          <tly>2093</tly>
          <brx>1719</brx>
          <bry>2152</bry>
          <value>BS3</value>
          <label>Ni de acuerdo ni en desacuerdo</label>
        </box>
        <box>
          <tlx>1813</tlx>
          <tly>2093</tly>
          <brx>1872</brx>
          <bry>2152</bry>
          <value>BS4</value>
          <label>Un poco de acuerdo</label>
        </box>
        <box>
          <tlx>1967</tlx>
          <tly>2093</tly>
          <brx>2026</brx>
          <bry>2152</bry>
          <value>BS5</value>
          <label>Totalmente de acuerdo</label>
        </box>
      </boxgroup>
      <boxgroup>
        <type>1</type>
        <width>3</width>
        <varname>BS_BS11</varname>
        <sortorder>12</sortorder>
        <label>A continuaci&#xF3;n encontrar&#xE1; una lista de afirmaciones en torno a los sentimientos o pensamientos que tiene sobre su vida en sociedad. Marque la respuesta que m&#xE1;s lo identifica. : Creo que la gente es ego&#xED;sta.</label>
        <groupsection idref="1"/>
        <box>
          <tlx>1352</tlx>
          <tly>2217</tly>
          <brx>1411</brx>
          <bry>2276</bry>
          <value>BS1</value>
          <label>Totalmente en desacuerdo</label>
        </box>
        <box>
          <tlx>1506</tlx>
          <tly>2217</tly>
          <brx>1565</brx>
          <bry>2276</bry>
          <value>BS2</value>
          <label>Un poco en desacuerdo</label>
        </box>
        <box>
          <tlx>1659</tlx>
          <tly>2217</tly>
          <brx>1719</brx>
          <bry>2276</bry>
          <value>BS3</value>
          <label>Ni de acuerdo ni en desacuerdo</label>
        </box>
        <box>
          <tlx>1813</tlx>
          <tly>2217</tly>
          <brx>1872</brx>
          <bry>2276</bry>
          <value>BS4</value>
          <label>Un poco de acuerdo</label>
        </box>
        <box>
          <tlx>1967</tlx>
          <tly>2217</tly>
          <brx>2026</brx>
          <bry>2276</bry>
          <value>BS5</value>
          <label>Totalmente de acuerdo</label>
        </box>
      </boxgroup>
      <boxgroup>
        <type>1</type>
        <width>3</width>
        <varname>BS2_BS12</varname>
        <sortorder>13</sortorder>
        <label>Hoy en d&#xED;a, la gente es cada vez m&#xE1;s deshonesta.</label>
        <groupsection idref="1"/>
        <box>
          <tlx>1352</tlx>
          <tly>2533</tly>
          <brx>1411</brx>
          <bry>2593</bry>
          <value>BS1</value>
          <label>Totalmente en desacuerdo</label>
        </box>
        <box>
          <tlx>1506</tlx>
          <tly>2533</tly>
          <brx>1565</brx>
          <bry>2593</bry>
          <value>BS2</value>
          <label>Un poco en desacuerdo</label>
        </box>
        <box>
          <tlx>1659</tlx>
          <tly>2533</tly>
          <brx>1719</brx>
          <bry>2593</bry>
          <value>BS3</value>
          <label>Ni de acuerdo ni en desacuerdo</label>
        </box>
        <box>
          <tlx>1813</tlx>
          <tly>2533</tly>
          <brx>1872</brx>
          <bry>2593</bry>
          <value>BS4</value>
          <label>Un poco de acuerdo</label>
        </box>
        <box>
          <tlx>1967</tlx>
          <tly>2533</tly>
          <brx>2026</brx>
          <bry>2593</bry>
          <value>BS5</value>
          <label>Totalmente de acuerdo</label>
        </box>
      </boxgroup>
      <boxgroup>
        <type>1</type>
        <width>3</width>
        <varname>BS2_BS13</varname>
        <sortorder>14</sortorder>
        <label>Las personas no se preocupan de los problemas de otros.</label>
        <groupsection idref="1"/>
        <box>
          <tlx>1352</tlx>
          <tly>2657</tly>
          <brx>1411</brx>
          <bry>2717</bry>
          <value>BS1</value>
          <label>Totalmente en desacuerdo</label>
        </box>
        <box>
          <tlx>1506</tlx>
          <tly>2657</tly>
          <brx>1565</brx>
          <bry>2717</bry>
          <value>BS2</value>
          <label>Un poco en desacuerdo</label>
        </box>
        <box>
          <tlx>1659</tlx>
          <tly>2657</tly>
          <brx>1719</brx>
          <bry>2717</bry>
          <value>BS3</value>
          <label>Ni de acuerdo ni en desacuerdo</label>
        </box>
        <box>
          <tlx>1813</tlx>
          <tly>2657</tly>
          <brx>1872</brx>
          <bry>2717</bry>
          <value>BS4</value>
          <label>Un poco de acuerdo</label>
        </box>
        <box>
          <tlx>1967</tlx>
          <tly>2657</tly>
          <brx>2026</brx>
          <bry>2717</bry>
          <value>BS5</value>
          <label>Totalmente de acuerdo</label>
        </box>
      </boxgroup>
      <boxgroup>
        <type>1</type>
        <width>3</width>
        <varname>BS2_BS14</varname>
        <sortorder>15</sortorder>
        <label>Creo que las personas son amables.</label>
        <groupsection idref="1"/>
        <box>
          <tlx>1352</tlx>
          <tly>2781</tly>
          <brx>1411</brx>
          <bry>2841</bry>
          <value>BS1</value>
          <label>Totalmente en desacuerdo</label>
        </box>
        <box>
          <tlx>1506</tlx>
          <tly>2781</tly>
          <brx>1565</brx>
          <bry>2841</bry>
          <value>BS2</value>
          <label>Un poco en desacuerdo</label>
        </box>
        <box>
          <tlx>1659</tlx>
          <tly>2781</tly>
          <brx>1719</brx>
          <bry>2841</bry>
          <value>BS3</value>
          <label>Ni de acuerdo ni en desacuerdo</label>
        </box>
        <box>
          <tlx>1813</tlx>
          <tly>2781</tly>
          <brx>1872</brx>
          <bry>2841</bry>
          <value>BS4</value>
          <label>Un poco de acuerdo</label>
        </box>
        <box>
          <tlx>1967</tlx>
          <tly>2781</tly>
          <brx>2026</brx>
          <bry>2841</bry>
          <value>BS5</value>
          <label>Totalmente de acuerdo</label>
        </box>
      </boxgroup>
      <boxgroup>
        <type>1</type>
        <width>3</width>
        <varname>BS2_BS15</varname>
        <sortorder>16</sortorder>
        <label>Las personas no esperan nada a cambio cuando hacen un favor.</label>
        <groupsection idref="1"/>
        <box>
          <tlx>1352</tlx>
          <tly>2906</tly>
          <brx>1411</brx>
          <bry>2965</bry>
          <value>BS1</value>
          <label>Totalmente en desacuerdo</label>
        </box>
        <box>
          <tlx>1506</tlx>
          <tly>2906</tly>
          <brx>1565</brx>
          <bry>2965</bry>
          <value>BS2</value>
          <label>Un poco en desacuerdo</label>
        </box>
        <box>
          <tlx>1659</tlx>
          <tly>2906</tly>
          <brx>1719</brx>
          <bry>2965</bry>
          <value>BS3</value>
          <label>Ni de acuerdo ni en desacuerdo</label>
        </box>
        <box>
          <tlx>1813</tlx>
          <tly>2906</tly>
          <brx>1872</brx>
          <bry>2965</bry>
          <value>BS4</value>
          <label>Un poco de acuerdo</label>
        </box>
        <box>
          <tlx>1967</tlx>
          <tly>2906</tly>
          <brx>2026</brx>
          <bry>2965</bry>
          <value>BS5</value>
          <label>Totalmente de acuerdo</label>
        </box>
      </boxgroup>
      <boxgroup>
        <type>1</type>
        <width>3</width>
        <varname>BS2_BS16</varname>
        <sortorder>17</sortorder>
        <label>Creo que puedo aportar algo al mundo.</label>
        <groupsection idref="1"/>
        <box>
          <tlx>1352</tlx>
          <tly>3030</tly>
          <brx>1411</brx>
          <bry>3089</bry>
          <value>BS1</value>
          <label>Totalmente en desacuerdo</label>
        </box>
        <box>
          <tlx>1506</tlx>
          <tly>3030</tly>
          <brx>1565</brx>
          <bry>3089</bry>
          <value>BS2</value>
          <label>Un poco en desacuerdo</label>
        </box>
        <box>
          <tlx>1659</tlx>
          <tly>3030</tly>
          <brx>1719</brx>
          <bry>3089</bry>
          <value>BS3</value>
          <label>Ni de acuerdo ni en desacuerdo</label>
        </box>
        <box>
          <tlx>1813</tlx>
          <tly>3030</tly>
          <brx>1872</brx>
          <bry>3089</bry>
          <value>BS4</value>
          <label>Un poco de acuerdo</label>
        </box>
        <box>
          <tlx>1967</tlx>
          <tly>3030</tly>
          <brx>2026</brx>
          <bry>3089</bry>
          <value>BS5</value>
          <label>Totalmente de acuerdo</label>
        </box>
      </boxgroup>
      <boxgroup>
        <type>1</type>
        <width>3</width>
        <varname>BS2_BS17</varname>
        <sortorder>18</sortorder>
        <label>No tengo nada importante que ofrecer a la sociedad.</label>
        <groupsection idref="1"/>
        <box>
          <tlx>1352</tlx>
          <tly>3154</tly>
          <brx>1411</brx>
          <bry>3213</bry>
          <value>BS1</value>
          <label>Totalmente en desacuerdo</label>
        </box>
        <box>
          <tlx>1506</tlx>
          <tly>3154</tly>
          <brx>1565</brx>
          <bry>3213</bry>
          <value>BS2</value>
          <label>Un poco en desacuerdo</label>
        </box>
        <box>
          <tlx>1659</tlx>
          <tly>3154</tly>
          <brx>1719</brx>
          <bry>3213</bry>
          <value>BS3</value>
          <label>Ni de acuerdo ni en desacuerdo</label>
        </box>
        <box>
          <tlx>1813</tlx>
          <tly>3154</tly>
          <brx>1872</brx>
          <bry>3213</bry>
          <value>BS4</value>
          <label>Un poco de acuerdo</label>
        </box>
        <box>
          <tlx>1967</tlx>
          <tly>3154</tly>
          <brx>2026</brx>
          <bry>3213</bry>
          <value>BS5</value>
          <label>Totalmente de acuerdo</label>
        </box>
      </boxgroup>
    </page>
    <page>
      <id>67424902</id>
      <tlx>283</tlx>
      <tly>283</tly>
      <trx>2197</trx>
      <try>283</try>
      <brx>2197</brx>
      <bry>3224</bry>
      <blx>283</blx>
      <bly>3224</bly>
      <rotation>0</rotation>
      <boxgroup>
        <type>1</type>
        <width>3</width>
        <varname>BS2_BS18</varname>
        <sortorder>19</sortorder>
        <label>Mis actividades diarias no aportan nada que valga la pena a la sociedad.</label>
        <groupsection idref="1"/>
        <box>
          <tlx>1352</tlx>
          <tly>322</tly>
          <brx>1411</brx>
          <bry>381</bry>
          <value>BS1</value>
          <label>Totalmente en desacuerdo</label>
        </box>
        <box>
          <tlx>1506</tlx>
          <tly>322</tly>
          <brx>1565</brx>
          <bry>381</bry>
          <value>BS2</value>
          <label>Un poco en desacuerdo</label>
        </box>
        <box>
          <tlx>1659</tlx>
          <tly>322</tly>
          <brx>1719</brx>
          <bry>381</bry>
          <value>BS3</value>
          <label>Ni de acuerdo ni en desacuerdo</label>
        </box>
        <box>
          <tlx>1813</tlx>
          <tly>322</tly>
          <brx>1872</brx>
          <bry>381</bry>
          <value>BS4</value>
          <label>Un poco de acuerdo</label>
        </box>
        <box>
          <tlx>1967</tlx>
          <tly>322</tly>
          <brx>2026</brx>
          <bry>381</bry>
          <value>BS5</value>
          <label>Totalmente de acuerdo</label>
        </box>
      </boxgroup>
      <boxgroup>
        <type>1</type>
        <width>3</width>
        <varname>BS2_BS19</varname>
        <sortorder>20</sortorder>
        <label>No tengo ni el tiempo ni la energ&#xED;a para aportar algo a la sociedad.</label>
        <groupsection idref="1"/>
        <box>
          <tlx>1352</tlx>
          <tly>446</tly>
          <brx>1411</brx>
          <bry>505</bry>
          <value>BS1</value>
          <label>Totalmente en desacuerdo</label>
        </box>
        <box>
          <tlx>1506</tlx>
          <tly>446</tly>
          <brx>1565</brx>
          <bry>505</bry>
          <value>BS2</value>
          <label>Un poco en desacuerdo</label>
        </box>
        <box>
          <tlx>1659</tlx>
          <tly>446</tly>
          <brx>1719</brx>
          <bry>505</bry>
          <value>BS3</value>
          <label>Ni de acuerdo ni en desacuerdo</label>
        </box>
        <box>
          <tlx>1813</tlx>
          <tly>446</tly>
          <brx>1872</brx>
          <bry>505</bry>
          <value>BS4</value>
          <label>Un poco de acuerdo</label>
        </box>
        <box>
          <tlx>1967</tlx>
          <tly>446</tly>
          <brx>2026</brx>
          <bry>505</bry>
          <value>BS5</value>
          <label>Totalmente de acuerdo</label>
        </box>
      </boxgroup>
      <boxgroup>
        <type>1</type>
        <width>3</width>
        <varname>BS2_BS20</varname>
        <sortorder>21</sortorder>
        <label>Pienso que lo que hago es importante para la sociedad.</label>
        <groupsection idref="1"/>
        <box>
          <tlx>1352</tlx>
          <tly>570</tly>
          <brx>1411</brx>
          <bry>629</bry>
          <value>BS1</value>
          <label>Totalmente en desacuerdo</label>
        </box>
        <box>
          <tlx>1506</tlx>
          <tly>570</tly>
          <brx>1565</brx>
          <bry>629</bry>
          <value>BS2</value>
          <label>Un poco en desacuerdo</label>
        </box>
        <box>
          <tlx>1659</tlx>
          <tly>570</tly>
          <brx>1719</brx>
          <bry>629</bry>
          <value>BS3</value>
          <label>Ni de acuerdo ni en desacuerdo</label>
        </box>
        <box>
          <tlx>1813</tlx>
          <tly>570</tly>
          <brx>1872</brx>
          <bry>629</bry>
          <value>BS4</value>
          <label>Un poco de acuerdo</label>
        </box>
        <box>
          <tlx>1967</tlx>
          <tly>570</tly>
          <brx>2026</brx>
          <bry>629</bry>
          <value>BS5</value>
          <label>Totalmente de acuerdo</label>
        </box>
      </boxgroup>
      <boxgroup>
        <type>1</type>
        <width>3</width>
        <varname>BS2_BS21</varname>
        <sortorder>22</sortorder>
        <label>Lo que hago tiene alguna influencia sobre otras personas.</label>
        <groupsection idref="1"/>
        <box>
          <tlx>1352</tlx>
          <tly>694</tly>
          <brx>1411</brx>
          <bry>753</bry>
          <value>BS1</value>
          <label>Totalmente en desacuerdo</label>
        </box>
        <box>
          <tlx>1506</tlx>
          <tly>694</tly>
          <brx>1565</brx>
          <bry>753</bry>
          <value>BS2</value>
          <label>Un poco en desacuerdo</label>
        </box>
        <box>
          <tlx>1659</tlx>
          <tly>694</tly>
          <brx>1719</brx>
          <bry>753</bry>
          <value>BS3</value>
          <label>Ni de acuerdo ni en desacuerdo</label>
        </box>
        <box>
          <tlx>1813</tlx>
          <tly>694</tly>
          <brx>1872</brx>
          <bry>753</bry>
          <value>BS4</value>
          <label>Un poco de acuerdo</label>
        </box>
        <box>
          <tlx>1967</tlx>
          <tly>694</tly>
          <brx>2026</brx>
          <bry>753</bry>
          <value>BS5</value>
          <label>Totalmente de acuerdo</label>
        </box>
      </boxgroup>
      <boxgroup>
        <type>1</type>
        <width>3</width>
        <varname>BS2_BS22</varname>
        <sortorder>23</sortorder>
        <label>Para m&#xED; el progreso social es algo que no existe.</label>
        <groupsection idref="1"/>
        <box>
          <tlx>1352</tlx>
          <tly>818</tly>
          <brx>1411</brx>
          <bry>877</bry>
          <value>BS1</value>
          <label>Totalmente en desacuerdo</label>
        </box>
        <box>
          <tlx>1506</tlx>
          <tly>818</tly>
          <brx>1565</brx>
          <bry>877</bry>
          <value>BS2</value>
          <label>Un poco en desacuerdo</label>
        </box>
        <box>
          <tlx>1659</tlx>
          <tly>818</tly>
          <brx>1719</brx>
          <bry>877</bry>
          <value>BS3</value>
          <label>Ni de acuerdo ni en desacuerdo</label>
        </box>
        <box>
          <tlx>1813</tlx>
          <tly>818</tly>
          <brx>1872</brx>
          <bry>877</bry>
          <value>BS4</value>
          <label>Un poco de acuerdo</label>
        </box>
        <box>
          <tlx>1967</tlx>
          <tly>818</tly>
          <brx>2026</brx>
          <bry>877</bry>
          <value>BS5</value>
          <label>Totalmente de acuerdo</label>
        </box>
      </boxgroup>
      <boxgroup>
        <type>1</type>
        <width>3</width>
        <varname>BS3_BS23</varname>
        <sortorder>24</sortorder>
        <label>La sociedad no ofrece incentivos para gente como yo.</label>
        <groupsection idref="1"/>
        <box>
          <tlx>1352</tlx>
          <tly>1134</tly>
          <brx>1411</brx>
          <bry>1193</bry>
          <value>BS1</value>
          <label>Totalmente en desacuerdo</label>
        </box>
        <box>
          <tlx>1506</tlx>
          <tly>1134</tly>
          <brx>1565</brx>
          <bry>1193</bry>
          <value>BS2</value>
          <label>Un poco en desacuerdo</label>
        </box>
        <box>
          <tlx>1659</tlx>
          <tly>1134</tly>
          <brx>1719</brx>
          <bry>1193</bry>
          <value>BS3</value>
          <label>Ni de acuerdo ni en desacuerdo</label>
        </box>
        <box>
          <tlx>1813</tlx>
          <tly>1134</tly>
          <brx>1872</brx>
          <bry>1193</bry>
          <value>BS4</value>
          <label>Un poco de acuerdo</label>
        </box>
        <box>
          <tlx>1967</tlx>
          <tly>1134</tly>
          <brx>2026</brx>
          <bry>1193</bry>
          <value>BS5</value>
          <label>Totalmente de acuerdo</label>
        </box>
      </boxgroup>
      <boxgroup>
        <type>1</type>
        <width>3</width>
        <varname>BS3_BS24</varname>
        <sortorder>25</sortorder>
        <label>Veo que la sociedad est&#xE1; en continuo desarrollo.</label>
        <groupsection idref="1"/>
        <box>
          <tlx>1352</tlx>
          <tly>1258</tly>
          <brx>1411</brx>
          <bry>1317</bry>
          <value>BS1</value>
          <label>Totalmente en desacuerdo</label>
        </box>
        <box>
          <tlx>1506</tlx>
          <tly>1258</tly>
          <brx>1565</brx>
          <bry>1317</bry>
          <value>BS2</value>
          <label>Un poco en desacuerdo</label>
        </box>
        <box>
          <tlx>1659</tlx>
          <tly>1258</tly>
          <brx>1719</brx>
          <bry>1317</bry>
          <value>BS3</value>
          <label>Ni de acuerdo ni en desacuerdo</label>
        </box>
        <box>
          <tlx>1813</tlx>
          <tly>1258</tly>
          <brx>1872</brx>
          <bry>1317</bry>
          <value>BS4</value>
          <label>Un poco de acuerdo</label>
        </box>
        <box>
          <tlx>1967</tlx>
          <tly>1258</tly>
          <brx>2026</brx>
          <bry>1317</bry>
          <value>BS5</value>
          <label>Totalmente de acuerdo</label>
        </box>
      </boxgroup>
      <boxgroup>
        <type>1</type>
        <width>3</width>
        <varname>BS3_BS25</varname>
        <sortorder>26</sortorder>
        <label>No creo que instituciones como la justicia o el gobierno mejoren mi vida.</label>
        <groupsection idref="1"/>
        <box>
          <tlx>1352</tlx>
          <tly>1382</tly>
          <brx>1411</brx>
          <bry>1441</bry>
          <value>BS1</value>
          <label>Totalmente en desacuerdo</label>
        </box>
        <box>
          <tlx>1506</tlx>
          <tly>1382</tly>
          <brx>1565</brx>
          <bry>1441</bry>
          <value>BS2</value>
          <label>Un poco en desacuerdo</label>
        </box>
        <box>
          <tlx>1659</tlx>
          <tly>1382</tly>
          <brx>1719</brx>
          <bry>1441</bry>
          <value>BS3</value>
          <label>Ni de acuerdo ni en desacuerdo</label>
        </box>
        <box>
          <tlx>1813</tlx>
          <tly>1382</tly>
          <brx>1872</brx>
          <bry>1441</bry>
          <value>BS4</value>
          <label>Un poco de acuerdo</label>
        </box>
        <box>
          <tlx>1967</tlx>
          <tly>1382</tly>
          <brx>2026</brx>
          <bry>1441</bry>
          <value>BS5</value>
          <label>Totalmente de acuerdo</label>
        </box>
      </boxgroup>
      <boxgroup>
        <type>1</type>
        <width>3</width>
        <varname>BS3_BS26</varname>
        <sortorder>27</sortorder>
        <label>La sociedad ya no progresa.</label>
        <groupsection idref="1"/>
        <box>
          <tlx>1352</tlx>
          <tly>1506</tly>
          <brx>1411</brx>
          <bry>1565</bry>
          <value>BS1</value>
          <label>Totalmente en desacuerdo</label>
        </box>
        <box>
          <tlx>1506</tlx>
          <tly>1506</tly>
          <brx>1565</brx>
          <bry>1565</bry>
          <value>BS2</value>
          <label>Un poco en desacuerdo</label>
        </box>
        <box>
          <tlx>1659</tlx>
          <tly>1506</tly>
          <brx>1719</brx>
          <bry>1565</bry>
          <value>BS3</value>
          <label>Ni de acuerdo ni en desacuerdo</label>
        </box>
        <box>
          <tlx>1813</tlx>
          <tly>1506</tly>
          <brx>1872</brx>
          <bry>1565</bry>
          <value>BS4</value>
          <label>Un poco de acuerdo</label>
        </box>
        <box>
          <tlx>1967</tlx>
          <tly>1506</tly>
          <brx>2026</brx>
          <bry>1565</bry>
          <value>BS5</value>
          <label>Totalmente de acuerdo</label>
        </box>
      </boxgroup>
      <boxgroup>
        <type>1</type>
        <width>3</width>
        <varname>BS3_BS27</varname>
        <sortorder>28</sortorder>
        <label>El mundo es cada vez un lugar mejor para la gente.</label>
        <groupsection idref="1"/>
        <box>
          <tlx>1352</tlx>
          <tly>1630</tly>
          <brx>1411</brx>
          <bry>1689</bry>
          <value>BS1</value>
          <label>Totalmente en desacuerdo</label>
        </box>
        <box>
          <tlx>1506</tlx>
          <tly>1630</tly>
          <brx>1565</brx>
          <bry>1689</bry>
          <value>BS2</value>
          <label>Un poco en desacuerdo</label>
        </box>
        <box>
          <tlx>1659</tlx>
          <tly>1630</tly>
          <brx>1719</brx>
          <bry>1689</bry>
          <value>BS3</value>
          <label>Ni de acuerdo ni en desacuerdo</label>
        </box>
        <box>
          <tlx>1813</tlx>
          <tly>1630</tly>
          <brx>1872</brx>
          <bry>1689</bry>
          <value>BS4</value>
          <label>Un poco de acuerdo</label>
        </box>
        <box>
          <tlx>1967</tlx>
          <tly>1630</tly>
          <brx>2026</brx>
          <bry>1689</bry>
          <value>BS5</value>
          <label>Totalmente de acuerdo</label>
        </box>
      </boxgroup>
      <boxgroup>
        <type>1</type>
        <width>3</width>
        <varname>BS3_BS28</varname>
        <sortorder>29</sortorder>
        <label>No entiendo lo que est&#xE1; pasando en el mundo.</label>
        <groupsection idref="1"/>
        <box>
          <tlx>1352</tlx>
          <tly>1754</tly>
          <brx>1411</brx>
          <bry>1813</bry>
          <value>BS1</value>
          <label>Totalmente en desacuerdo</label>
        </box>
        <box>
          <tlx>1506</tlx>
          <tly>1754</tly>
          <brx>1565</brx>
          <bry>1813</bry>
          <value>BS2</value>
          <label>Un poco en desacuerdo</label>
        </box>
        <box>
          <tlx>1659</tlx>
          <tly>1754</tly>
          <brx>1719</brx>
          <bry>1813</bry>
          <value>BS3</value>
          <label>Ni de acuerdo ni en desacuerdo</label>
        </box>
        <box>
          <tlx>1813</tlx>
          <tly>1754</tly>
          <brx>1872</brx>
          <bry>1813</bry>
          <value>BS4</value>
          <label>Un poco de acuerdo</label>
        </box>
        <box>
          <tlx>1967</tlx>
          <tly>1754</tly>
          <brx>2026</brx>
          <bry>1813</bry>
          <value>BS5</value>
          <label>Totalmente de acuerdo</label>
        </box>
      </boxgroup>
      <boxgroup>
        <type>1</type>
        <width>3</width>
        <varname>BS3_BS29</varname>
        <sortorder>30</sortorder>
        <label>El mundo es demasiado complejo para m&#xED;.</label>
        <groupsection idref="1"/>
        <box>
          <tlx>1352</tlx>
          <tly>1878</tly>
          <brx>1411</brx>
          <bry>1938</bry>
          <value>BS1</value>
          <label>Totalmente en desacuerdo</label>
        </box>
        <box>
          <tlx>1506</tlx>
          <tly>1878</tly>
          <brx>1565</brx>
          <bry>1938</bry>
          <value>BS2</value>
          <label>Un poco en desacuerdo</label>
        </box>
        <box>
          <tlx>1659</tlx>
          <tly>1878</tly>
          <brx>1719</brx>
          <bry>1938</bry>
          <value>BS3</value>
          <label>Ni de acuerdo ni en desacuerdo</label>
        </box>
        <box>
          <tlx>1813</tlx>
          <tly>1878</tly>
          <brx>1872</brx>
          <bry>1938</bry>
          <value>BS4</value>
          <label>Un poco de acuerdo</label>
        </box>
        <box>
          <tlx>1967</tlx>
          <tly>1878</tly>
          <brx>2026</brx>
          <bry>1938</bry>
          <value>BS5</value>
          <label>Totalmente de acuerdo</label>
        </box>
      </boxgroup>
      <boxgroup>
        <type>1</type>
        <width>3</width>
        <varname>BS3_BS30</varname>
        <sortorder>31</sortorder>
        <label>No merece la pena esforzarse en intentar comprender el mundo en el que vivo.</label>
        <groupsection idref="1"/>
        <box>
          <tlx>1352</tlx>
          <tly>2002</tly>
          <brx>1411</brx>
          <bry>2062</bry>
          <value>BS1</value>
          <label>Totalmente en desacuerdo</label>
        </box>
        <box>
          <tlx>1506</tlx>
          <tly>2002</tly>
          <brx>1565</brx>
          <bry>2062</bry>
          <value>BS2</value>
          <label>Un poco en desacuerdo</label>
        </box>
        <box>
          <tlx>1659</tlx>
          <tly>2002</tly>
          <brx>1719</brx>
          <bry>2062</bry>
          <value>BS3</value>
          <label>Ni de acuerdo ni en desacuerdo</label>
        </box>
        <box>
          <tlx>1813</tlx>
          <tly>2002</tly>
          <brx>1872</brx>
          <bry>2062</bry>
          <value>BS4</value>
          <label>Un poco de acuerdo</label>
        </box>
        <box>
          <tlx>1967</tlx>
          <tly>2002</tly>
          <brx>2026</brx>
          <bry>2062</bry>
          <value>BS5</value>
          <label>Totalmente de acuerdo</label>
        </box>
      </boxgroup>
      <boxgroup>
        <type>1</type>
        <width>3</width>
        <varname>BS3_BS31</varname>
        <sortorder>32</sortorder>
        <label>Muchas culturas son tan extra&#xF1;as que no puedo comprenderlas.</label>
        <groupsection idref="1"/>
        <box>
          <tlx>1352</tlx>
          <tly>2126</tly>
          <brx>1411</brx>
          <bry>2186</bry>
          <value>BS1</value>
          <label>Totalmente en desacuerdo</label>
        </box>
        <box>
          <tlx>1506</tlx>
          <tly>2126</tly>
          <brx>1565</brx>
          <bry>2186</bry>
          <value>BS2</value>
          <label>Un poco en desacuerdo</label>
        </box>
        <box>
          <tlx>1659</tlx>
          <tly>2126</tly>
          <brx>1719</brx>
          <bry>2186</bry>
          <value>BS3</value>
          <label>Ni de acuerdo ni en desacuerdo</label>
        </box>
        <box>
          <tlx>1813</tlx>
          <tly>2126</tly>
          <brx>1872</brx>
          <bry>2186</bry>
          <value>BS4</value>
          <label>Un poco de acuerdo</label>
        </box>
        <box>
          <tlx>1967</tlx>
          <tly>2126</tly>
          <brx>2026</brx>
          <bry>2186</bry>
          <value>BS5</value>
          <label>Totalmente de acuerdo</label>
        </box>
      </boxgroup>
      <boxgroup>
        <type>1</type>
        <width>3</width>
        <varname>BS3_BS32</varname>
        <sortorder>33</sortorder>
        <label>Los cient&#xED;ficos son los &#xFA;nicos que pueden entender c&#xF3;mo funciona el mundo.</label>
        <groupsection idref="1"/>
        <box>
          <tlx>1352</tlx>
          <tly>2250</tly>
          <brx>1411</brx>
          <bry>2310</bry>
          <value>BS1</value>
          <label>Totalmente en desacuerdo</label>
        </box>
        <box>
          <tlx>1506</tlx>
          <tly>2250</tly>
          <brx>1565</brx>
          <bry>2310</bry>
          <value>BS2</value>
          <label>Un poco en desacuerdo</label>
        </box>
        <box>
          <tlx>1659</tlx>
          <tly>2250</tly>
          <brx>1719</brx>
          <bry>2310</bry>
          <value>BS3</value>
          <label>Ni de acuerdo ni en desacuerdo</label>
        </box>
        <box>
          <tlx>1813</tlx>
          <tly>2250</tly>
          <brx>1872</brx>
          <bry>2310</bry>
          <value>BS4</value>
          <label>Un poco de acuerdo</label>
        </box>
        <box>
          <tlx>1967</tlx>
          <tly>2250</tly>
          <brx>2026</brx>
          <bry>2310</bry>
          <value>BS5</value>
          <label>Totalmente de acuerdo</label>
        </box>
      </boxgroup>
      <boxgroup>
        <type>1</type>
        <width>3</width>
        <varname>BS3_BS33</varname>
        <sortorder>34</sortorder>
        <label>Me resulta f&#xE1;cil predecir lo que puede suceder en el futuro.</label>
        <groupsection idref="1"/>
        <box>
          <tlx>1352</tlx>
          <tly>2375</tly>
          <brx>1411</brx>
          <bry>2434</bry>
          <value>BS1</value>
          <label>Totalmente en desacuerdo</label>
        </box>
        <box>
          <tlx>1506</tlx>
          <tly>2375</tly>
          <brx>1565</brx>
          <bry>2434</bry>
          <value>BS2</value>
          <label>Un poco en desacuerdo</label>
        </box>
        <box>
          <tlx>1659</tlx>
          <tly>2375</tly>
          <brx>1719</brx>
          <bry>2434</bry>
          <value>BS3</value>
          <label>Ni de acuerdo ni en desacuerdo</label>
        </box>
        <box>
          <tlx>1813</tlx>
          <tly>2375</tly>
          <brx>1872</brx>
          <bry>2434</bry>
          <value>BS4</value>
          <label>Un poco de acuerdo</label>
        </box>
        <box>
          <tlx>1967</tlx>
          <tly>2375</tly>
          <brx>2026</brx>
          <bry>2434</bry>
          <value>BS5</value>
          <label>Totalmente de acuerdo</label>
        </box>
      </boxgroup>
    </page>
  </questionnaire>
</queXF>
