<?xml version="1.0" encoding="UTF-8"?>
<questionnaire id="674249">
  <title>Bienestar Social</title>
  <investigator/>
  <dataCollector/>
  <section id="216">
    <sectionInfo>
      <position>title</position>
      <text>Preguntas</text>
      <administration>self</administration>
    </sectionInfo>
    <question>
      <text>RUT (sin puntos, guión ni dígito verificador. Ejemplo si el rut es 17.736.727-1 escribir 17736727):</text>
      <response varName="RUT">
        <free>
          <format>integer</format>
          <length>8</length>
          <label/>
        </free>
      </response>
    </question>
    <question>
      <text>A continuación encontrará una lista de afirmaciones en torno a los sentimientos o pensamientos que tiene sobre su vida en sociedad. Marque la respuesta que más lo identifica.</text>
      <subQuestion varName="BS_BS01">
        <text>Siento que soy parte importante de mi comunidad.</text>
      </subQuestion>
      <subQuestion varName="BS_BS02">
        <text>Creo que la gente me valora como persona.</text>
      </subQuestion>
      <subQuestion varName="BS_BS03">
        <text>Si tengo algo que decir, creo que la mayoría de la gente me escucharía.</text>
      </subQuestion>
      <subQuestion varName="BS_BS04">
        <text>Me siento cercano a otra gente.</text>
      </subQuestion>
      <subQuestion varName="BS_BS05">
        <text>Si tuviera algo que decir, pienso que la gente no se lo tomaría en serio.</text>
      </subQuestion>
      <subQuestion varName="BS_BS06">
        <text>No me siento pertenecer a ningún grupo social.</text>
      </subQuestion>
      <subQuestion varName="BS_BS07">
        <text>La sociedad en la que vivo es una fuente de bienestar.</text>
      </subQuestion>
      <subQuestion varName="BS_BS08">
        <text>Creo que la gente no es de fiar.</text>
      </subQuestion>
      <subQuestion varName="BS_BS09">
        <text>Creo que las personas sólo piensan en sí mismas.</text>
      </subQuestion>
      <subQuestion varName="BS_BS10">
        <text>Creo que no se debe confiar en la gente.</text>
      </subQuestion>
      <subQuestion varName="BS_BS11">
        <text>Creo que la gente es egoísta.</text>
      </subQuestion>
      <response varName="BS">
        <fixed>
          <category>
            <label>Totalmente en desacuerdo</label>
            <value>BS1</value>
          </category>
          <category>
            <label>Un poco en desacuerdo</label>
            <value>BS2</value>
          </category>
          <category>
            <label>Ni de acuerdo ni en desacuerdo</label>
            <value>BS3</value>
          </category>
          <category>
            <label>Un poco de acuerdo</label>
            <value>BS4</value>
          </category>
          <category>
            <label>Totalmente de acuerdo</label>
            <value>BS5</value>
          </category>
        </fixed>
      </response>
    </question>
    <question>
      <subQuestion varName="BS2_BS12">
        <text>Hoy en día, la gente es cada vez más deshonesta.</text>
      </subQuestion>
      <subQuestion varName="BS2_BS13">
        <text>Las personas no se preocupan de los problemas de otros.</text>
      </subQuestion>
      <subQuestion varName="BS2_BS14">
        <text>Creo que las personas son amables.</text>
      </subQuestion>
      <subQuestion varName="BS2_BS15">
        <text>Las personas no esperan nada a cambio cuando hacen un favor.</text>
      </subQuestion>
      <subQuestion varName="BS2_BS16">
        <text>Creo que puedo aportar algo al mundo.</text>
      </subQuestion>
      <subQuestion varName="BS2_BS17">
        <text>No tengo nada importante que ofrecer a la sociedad.</text>
      </subQuestion>
      <subQuestion varName="BS2_BS18">
        <text>Mis actividades diarias no aportan nada que valga la pena a la sociedad.</text>
      </subQuestion>
      <subQuestion varName="BS2_BS19">
        <text>No tengo ni el tiempo ni la energía para aportar algo a la sociedad.</text>
      </subQuestion>
      <subQuestion varName="BS2_BS20">
        <text>Pienso que lo que hago es importante para la sociedad.</text>
      </subQuestion>
      <subQuestion varName="BS2_BS21">
        <text>Lo que hago tiene alguna influencia sobre otras personas.</text>
      </subQuestion>
      <subQuestion varName="BS2_BS22">
        <text>Para mí el progreso social es algo que no existe.</text>
      </subQuestion>
      <response varName="BS2">
        <fixed>
          <category>
            <label>Totalmente en desacuerdo</label>
            <value>BS1</value>
          </category>
          <category>
            <label>Un poco en desacuerdo</label>
            <value>BS2</value>
          </category>
          <category>
            <label>Ni de acuerdo ni en desacuerdo</label>
            <value>BS3</value>
          </category>
          <category>
            <label>Un poco de acuerdo</label>
            <value>BS4</value>
          </category>
          <category>
            <label>Totalmente de acuerdo</label>
            <value>BS5</value>
          </category>
        </fixed>
      </response>
    </question>
    <question>
      <subQuestion varName="BS3_BS23">
        <text>La sociedad no ofrece incentivos para gente como yo.</text>
      </subQuestion>
      <subQuestion varName="BS3_BS24">
        <text>Veo que la sociedad está en continuo desarrollo.</text>
      </subQuestion>
      <subQuestion varName="BS3_BS25">
        <text>No creo que instituciones como la justicia o el gobierno mejoren mi vida.</text>
      </subQuestion>
      <subQuestion varName="BS3_BS26">
        <text>La sociedad ya no progresa.</text>
      </subQuestion>
      <subQuestion varName="BS3_BS27">
        <text>El mundo es cada vez un lugar mejor para la gente.</text>
      </subQuestion>
      <subQuestion varName="BS3_BS28">
        <text>No entiendo lo que está pasando en el mundo.</text>
      </subQuestion>
      <subQuestion varName="BS3_BS29">
        <text>El mundo es demasiado complejo para mí.</text>
      </subQuestion>
      <subQuestion varName="BS3_BS30">
        <text>No merece la pena esforzarse en intentar comprender el mundo en el que vivo.</text>
      </subQuestion>
      <subQuestion varName="BS3_BS31">
        <text>Muchas culturas son tan extrañas que no puedo comprenderlas.</text>
      </subQuestion>
      <subQuestion varName="BS3_BS32">
        <text>Los científicos son los únicos que pueden entender cómo funciona el mundo.</text>
      </subQuestion>
      <subQuestion varName="BS3_BS33">
        <text>Me resulta fácil predecir lo que puede suceder en el futuro.</text>
      </subQuestion>
      <response varName="BS3">
        <fixed>
          <category>
            <label>Totalmente en desacuerdo</label>
            <value>BS1</value>
          </category>
          <category>
            <label>Un poco en desacuerdo</label>
            <value>BS2</value>
          </category>
          <category>
            <label>Ni de acuerdo ni en desacuerdo</label>
            <value>BS3</value>
          </category>
          <category>
            <label>Un poco de acuerdo</label>
            <value>BS4</value>
          </category>
          <category>
            <label>Totalmente de acuerdo</label>
            <value>BS5</value>
          </category>
        </fixed>
      </response>
    </question>
  </section>
</questionnaire>
