<?xml version="1.0"?>
<queXF>
  <questionnaire>
    <id>984161</id>
    <section id="1">
      <label>Preguntas</label>
      <title>Section A</title>
    </section>
    <page>
      <id>98416101</id>
      <tlx>283</tlx>
      <tly>283</tly>
      <trx>2197</trx>
      <try>283</try>
      <brx>2197</brx>
      <bry>3224</bry>
      <blx>283</blx>
      <bly>3224</bly>
      <rotation>0</rotation>
      <boxgroup>
        <type>4</type>
        <width>8</width>
        <varname>RUT</varname>
        <sortorder>1</sortorder>
        <label>RUT (sin puntos, gui&#xF3;n ni d&#xED;gito verificador. Ejemplo si el rut es 17.736.727-1 escribir 17736727):</label>
        <groupsection idref="1"/>
        <box>
          <tlx>1515</tlx>
          <tly>712</tly>
          <brx>1586</brx>
          <bry>806</bry>
          <value></value>
          <label></label>
        </box>
        <box>
          <tlx>1588</tlx>
          <tly>712</tly>
          <brx>1659</brx>
          <bry>806</bry>
          <value></value>
          <label></label>
        </box>
        <box>
          <tlx>1661</tlx>
          <tly>712</tly>
          <brx>1731</brx>
          <bry>806</bry>
          <value></value>
          <label></label>
        </box>
        <box>
          <tlx>1733</tlx>
          <tly>712</tly>
          <brx>1804</brx>
          <bry>806</bry>
          <value></value>
          <label></label>
        </box>
        <box>
          <tlx>1806</tlx>
          <tly>712</tly>
          <brx>1877</brx>
          <bry>806</bry>
          <value></value>
          <label></label>
        </box>
        <box>
          <tlx>1879</tlx>
          <tly>712</tly>
          <brx>1949</brx>
          <bry>806</bry>
          <value></value>
          <label></label>
        </box>
        <box>
          <tlx>1951</tlx>
          <tly>712</tly>
          <brx>2022</brx>
          <bry>806</bry>
          <value></value>
          <label></label>
        </box>
        <box>
          <tlx>2024</tlx>
          <tly>712</tly>
          <brx>2095</brx>
          <bry>806</bry>
          <value></value>
          <label></label>
        </box>
      </boxgroup>
      <boxgroup>
        <type>1</type>
        <width>5</width>
        <varname>GHQ01</varname>
        <sortorder>2</sortorder>
        <label>1. &#xBF;Ha podido concentrarse bien en lo que hac&#xED;a? : </label>
        <groupsection idref="1"/>
        <box>
          <tlx>1967</tlx>
          <tly>928</tly>
          <brx>2026</brx>
          <bry>987</bry>
          <value>G01p1</value>
          <label>a) Mejor que lo habitual</label>
        </box>
        <box>
          <tlx>1967</tlx>
          <tly>1034</tly>
          <brx>2026</brx>
          <bry>1093</bry>
          <value>G01p2</value>
          <label>b) Igual que lo habitual</label>
        </box>
        <box>
          <tlx>1967</tlx>
          <tly>1141</tly>
          <brx>2026</brx>
          <bry>1200</bry>
          <value>G01p3</value>
          <label>c) menos que lo habitual</label>
        </box>
        <box>
          <tlx>1967</tlx>
          <tly>1247</tly>
          <brx>2026</brx>
          <bry>1306</bry>
          <value>G01p4</value>
          <label>d) Mucho menos que lo habitual</label>
        </box>
      </boxgroup>
      <boxgroup>
        <type>1</type>
        <width>5</width>
        <varname>GHQ02</varname>
        <sortorder>3</sortorder>
        <label>2.&#xBF;Sus preocupaciones le han hecho perder mucho sue&#xF1;o? : </label>
        <groupsection idref="1"/>
        <box>
          <tlx>1967</tlx>
          <tly>1428</tly>
          <brx>2026</brx>
          <bry>1487</bry>
          <value>G02p0</value>
          <label>a) No, en lo absoluto</label>
        </box>
        <box>
          <tlx>1967</tlx>
          <tly>1534</tly>
          <brx>2026</brx>
          <bry>1593</bry>
          <value>G02p1</value>
          <label>b) No m&#xE1;s que lo habitual</label>
        </box>
        <box>
          <tlx>1967</tlx>
          <tly>1640</tly>
          <brx>2026</brx>
          <bry>1699</bry>
          <value>G02p2</value>
          <label>c) Algo m&#xE1;s que lo habitual</label>
        </box>
        <box>
          <tlx>1967</tlx>
          <tly>1746</tly>
          <brx>2026</brx>
          <bry>1805</bry>
          <value>G02p3</value>
          <label>d) Mucho m&#xE1;s que lo habitual</label>
        </box>
      </boxgroup>
      <boxgroup>
        <type>1</type>
        <width>5</width>
        <varname>GHQ03</varname>
        <sortorder>4</sortorder>
        <label>3. &#xBF;Ha sentido que est&#xE1; desempe&#xF1;ando un papel &#xFA;til en la vida? : </label>
        <groupsection idref="1"/>
        <box>
          <tlx>1967</tlx>
          <tly>1927</tly>
          <brx>2026</brx>
          <bry>1986</bry>
          <value>G03p0</value>
          <label>a) M&#xE1;s &#xFA;til que lo habitual</label>
        </box>
        <box>
          <tlx>1967</tlx>
          <tly>2033</tly>
          <brx>2026</brx>
          <bry>2092</bry>
          <value>G03p1</value>
          <label>b) Igual que lo habitual</label>
        </box>
        <box>
          <tlx>1967</tlx>
          <tly>2140</tly>
          <brx>2026</brx>
          <bry>2199</bry>
          <value>G03p2</value>
          <label>c) menos &#xFA;til que lo habitual</label>
        </box>
        <box>
          <tlx>1967</tlx>
          <tly>2246</tly>
          <brx>2026</brx>
          <bry>2305</bry>
          <value>G03p3</value>
          <label>d) Mucho menos &#xFA;til que lo habitual</label>
        </box>
      </boxgroup>
      <boxgroup>
        <type>1</type>
        <width>5</width>
        <varname>GHQ04</varname>
        <sortorder>5</sortorder>
        <label>4. &#xBF;Se ha sentido capaz de tomar decisiones? : </label>
        <groupsection idref="1"/>
        <box>
          <tlx>1967</tlx>
          <tly>2427</tly>
          <brx>2026</brx>
          <bry>2486</bry>
          <value>G04p0</value>
          <label>a) M&#xE1;s que lo habitual</label>
        </box>
        <box>
          <tlx>1967</tlx>
          <tly>2533</tly>
          <brx>2026</brx>
          <bry>2592</bry>
          <value>G04p1</value>
          <label>b) Igual que lo habitual</label>
        </box>
        <box>
          <tlx>1967</tlx>
          <tly>2639</tly>
          <brx>2026</brx>
          <bry>2698</bry>
          <value>G04p2</value>
          <label>c) Menos que lo habitual</label>
        </box>
        <box>
          <tlx>1967</tlx>
          <tly>2745</tly>
          <brx>2026</brx>
          <bry>2804</bry>
          <value>G04p3</value>
          <label>d) Mucho menos que lo habitual</label>
        </box>
      </boxgroup>
      <boxgroup>
        <type>1</type>
        <width>5</width>
        <varname>GHQ05</varname>
        <sortorder>6</sortorder>
        <label>5. &#xBF;Se ha notado constantemente agobiado y en tensi&#xF3;n? : </label>
        <groupsection idref="1"/>
        <box>
          <tlx>1967</tlx>
          <tly>2926</tly>
          <brx>2026</brx>
          <bry>2985</bry>
          <value>G05p0</value>
          <label>a) No, en lo absoluto</label>
        </box>
        <box>
          <tlx>1967</tlx>
          <tly>3032</tly>
          <brx>2026</brx>
          <bry>3091</bry>
          <value>G05p1</value>
          <label>b) No m&#xE1;s que lo habitual</label>
        </box>
        <box>
          <tlx>1967</tlx>
          <tly>3139</tly>
          <brx>2026</brx>
          <bry>3198</bry>
          <value>G05p2</value>
          <label>c) Algo m&#xE1;s que lo habitual</label>
        </box>
        <box>
          <tlx>1967</tlx>
          <tly>3245</tly>
          <brx>2026</brx>
          <bry>3304</bry>
          <value>G05p3</value>
          <label>d) Mucho m&#xE1;s que lo habitual</label>
        </box>
      </boxgroup>
    </page>
    <page>
      <id>98416102</id>
      <tlx>283</tlx>
      <tly>283</tly>
      <trx>2197</trx>
      <try>283</try>
      <brx>2197</brx>
      <bry>3224</bry>
      <blx>283</blx>
      <bly>3224</bly>
      <rotation>0</rotation>
      <boxgroup>
        <type>1</type>
        <width>5</width>
        <varname>GHQ06</varname>
        <sortorder>7</sortorder>
        <label>6. &#xBF;Ha tenido la sensaci&#xF3;n de que no puede superar sus dificultades? : </label>
        <groupsection idref="1"/>
        <box>
          <tlx>1967</tlx>
          <tly>257</tly>
          <brx>2026</brx>
          <bry>316</bry>
          <value>G06p0</value>
          <label>a) No, en absoluto</label>
        </box>
        <box>
          <tlx>1967</tlx>
          <tly>364</tly>
          <brx>2026</brx>
          <bry>423</bry>
          <value>G06p1</value>
          <label>b) No m&#xE1;s que lo habitual</label>
        </box>
        <box>
          <tlx>1967</tlx>
          <tly>470</tly>
          <brx>2026</brx>
          <bry>529</bry>
          <value>G06p2</value>
          <label>c) Algo m&#xE1;s que lo habitual</label>
        </box>
        <box>
          <tlx>1967</tlx>
          <tly>576</tly>
          <brx>2026</brx>
          <bry>635</bry>
          <value>G06p3</value>
          <label>d) Mucho m&#xE1;s que lo habitual</label>
        </box>
      </boxgroup>
      <boxgroup>
        <type>1</type>
        <width>5</width>
        <varname>GHQ07</varname>
        <sortorder>8</sortorder>
        <label>7. &#xBF;Ha sido capaz de disfrutar de sus actividades normales de cada d&#xED;a? : </label>
        <groupsection idref="1"/>
        <box>
          <tlx>1967</tlx>
          <tly>819</tly>
          <brx>2026</brx>
          <bry>878</bry>
          <value>G07p0</value>
          <label>a) M&#xE1;s que lo habitual</label>
        </box>
        <box>
          <tlx>1967</tlx>
          <tly>926</tly>
          <brx>2026</brx>
          <bry>985</bry>
          <value>G07p1</value>
          <label>b) Igual que lo habitual</label>
        </box>
        <box>
          <tlx>1967</tlx>
          <tly>1032</tly>
          <brx>2026</brx>
          <bry>1091</bry>
          <value>G07p2</value>
          <label>c) Menos que lo habitual</label>
        </box>
        <box>
          <tlx>1967</tlx>
          <tly>1138</tly>
          <brx>2026</brx>
          <bry>1197</bry>
          <value>G07p3</value>
          <label>d) Mucho menos que lo habitual</label>
        </box>
      </boxgroup>
      <boxgroup>
        <type>1</type>
        <width>5</width>
        <varname>GHQ08</varname>
        <sortorder>9</sortorder>
        <label>8. &#xBF;Ha sido capaz de hacer frente adecuadamente a sus problemas? : </label>
        <groupsection idref="1"/>
        <box>
          <tlx>1967</tlx>
          <tly>1319</tly>
          <brx>2026</brx>
          <bry>1378</bry>
          <value>G08p0</value>
          <label>a) M&#xE1;s que lo habitual</label>
        </box>
        <box>
          <tlx>1967</tlx>
          <tly>1425</tly>
          <brx>2026</brx>
          <bry>1484</bry>
          <value>G08p1</value>
          <label>b) Igual que lo habitual</label>
        </box>
        <box>
          <tlx>1967</tlx>
          <tly>1531</tly>
          <brx>2026</brx>
          <bry>1591</bry>
          <value>G08p2</value>
          <label>c) Menos que lo habitual</label>
        </box>
        <box>
          <tlx>1967</tlx>
          <tly>1638</tly>
          <brx>2026</brx>
          <bry>1697</bry>
          <value>G08p3</value>
          <label>d) Mucho menos que lo habitual</label>
        </box>
      </boxgroup>
      <boxgroup>
        <type>1</type>
        <width>5</width>
        <varname>GHQ09</varname>
        <sortorder>10</sortorder>
        <label>9. &#xBF;Se ha sentido poco feliz o deprimido? : </label>
        <groupsection idref="1"/>
        <box>
          <tlx>1967</tlx>
          <tly>1818</tly>
          <brx>2026</brx>
          <bry>1877</bry>
          <value>G09p0</value>
          <label>a) No, en absoluto</label>
        </box>
        <box>
          <tlx>1967</tlx>
          <tly>1925</tly>
          <brx>2026</brx>
          <bry>1984</bry>
          <value>G09p1</value>
          <label>b) No m&#xE1;s que lo habitual</label>
        </box>
        <box>
          <tlx>1967</tlx>
          <tly>2031</tly>
          <brx>2026</brx>
          <bry>2090</bry>
          <value>G09p2</value>
          <label>c) Algo m&#xE1;s que lo habitual</label>
        </box>
        <box>
          <tlx>1967</tlx>
          <tly>2137</tly>
          <brx>2026</brx>
          <bry>2196</bry>
          <value>G09p3</value>
          <label>d) Mucho m&#xE1;s que lo habitual</label>
        </box>
      </boxgroup>
      <boxgroup>
        <type>1</type>
        <width>5</width>
        <varname>GHQ10</varname>
        <sortorder>11</sortorder>
        <label>10. &#xBF;Ha perdido confianza en s&#xED; mismo? : </label>
        <groupsection idref="1"/>
        <box>
          <tlx>1967</tlx>
          <tly>2318</tly>
          <brx>2026</brx>
          <bry>2377</bry>
          <value>G10p1</value>
          <label>a) No, en absoluto</label>
        </box>
        <box>
          <tlx>1967</tlx>
          <tly>2424</tly>
          <brx>2026</brx>
          <bry>2483</bry>
          <value>G10p2</value>
          <label>b) No m&#xE1;s que lo habitual</label>
        </box>
        <box>
          <tlx>1967</tlx>
          <tly>2531</tly>
          <brx>2026</brx>
          <bry>2590</bry>
          <value>G10p3</value>
          <label>c) Algo m&#xE1;s que lo habitual</label>
        </box>
        <box>
          <tlx>1967</tlx>
          <tly>2637</tly>
          <brx>2026</brx>
          <bry>2696</bry>
          <value>G10p4</value>
          <label>d) Mucho m&#xE1;s que lo habitual</label>
        </box>
      </boxgroup>
      <boxgroup>
        <type>1</type>
        <width>5</width>
        <varname>GHQ11</varname>
        <sortorder>12</sortorder>
        <label>11. &#xBF;Ha pensado que usted es una persona que no vale para nada? : </label>
        <groupsection idref="1"/>
        <box>
          <tlx>1967</tlx>
          <tly>2817</tly>
          <brx>2026</brx>
          <bry>2876</bry>
          <value>G11p1</value>
          <label>a) No, en absoluto</label>
        </box>
        <box>
          <tlx>1967</tlx>
          <tly>2924</tly>
          <brx>2026</brx>
          <bry>2983</bry>
          <value>G11p2</value>
          <label>b) No m&#xE1;s que lo habitual</label>
        </box>
        <box>
          <tlx>1967</tlx>
          <tly>3030</tly>
          <brx>2026</brx>
          <bry>3089</bry>
          <value>G11p3</value>
          <label>c) Algo m&#xE1;s que lo habitual</label>
        </box>
        <box>
          <tlx>1967</tlx>
          <tly>3136</tly>
          <brx>2026</brx>
          <bry>3195</bry>
          <value>G11p4</value>
          <label>d) Mucho m&#xE1;s que lo habitual</label>
        </box>
      </boxgroup>
    </page>
    <page>
      <id>98416103</id>
      <tlx>283</tlx>
      <tly>283</tly>
      <trx>2197</trx>
      <try>283</try>
      <brx>2197</brx>
      <bry>3224</bry>
      <blx>283</blx>
      <bly>3224</bly>
      <rotation>0</rotation>
      <boxgroup>
        <type>1</type>
        <width>5</width>
        <varname>GHQ12</varname>
        <sortorder>13</sortorder>
        <label>12. &#xBF;Se siente razonablemente feliz considerando todas las circunstancias? : </label>
        <groupsection idref="1"/>
        <box>
          <tlx>1967</tlx>
          <tly>320</tly>
          <brx>2026</brx>
          <bry>379</bry>
          <value>G12p1</value>
          <label>a) M&#xE1;s que lo habitual</label>
        </box>
        <box>
          <tlx>1967</tlx>
          <tly>426</tly>
          <brx>2026</brx>
          <bry>485</bry>
          <value>G12p2</value>
          <label>b) Igual que lo habitual</label>
        </box>
        <box>
          <tlx>1967</tlx>
          <tly>532</tly>
          <brx>2026</brx>
          <bry>592</bry>
          <value>G12p3</value>
          <label>c) Menos que lo habitual</label>
        </box>
        <box>
          <tlx>1967</tlx>
          <tly>639</tly>
          <brx>2026</brx>
          <bry>698</bry>
          <value>G12p4</value>
          <label>d) Mucho menos que lo habitual</label>
        </box>
      </boxgroup>
    </page>
  </questionnaire>
</queXF>
