<?xml version="1.0" encoding="UTF-8"?>
<questionnaire id="984161">
  <title>GHQ-12</title>
  <investigator/>
  <dataCollector/>
  <section id="36">
    <sectionInfo>
      <position>title</position>
      <text>Preguntas</text>
      <administration>self</administration>
    </sectionInfo>
    <sectionInfo>
      <position>before</position>
      <text>Nos gustaría saber si tiene algún problema médico y cómo ha estado de salud en general, durante las últimas semanas.&#13;
&#13;
Recuerde que sólo debe responder sobre los problemas recientes y los que tiene ahora, NO sobre las que tuvo en el pasado.&#13;
&#13;
 &#13;
&#13;
&lt;p&gt;Últimamente:&lt;/p&gt;</text>
      <administration>self</administration>
    </sectionInfo>
    <question>
      <text>RUT (sin puntos, guión ni dígito verificador. Ejemplo si el rut es 17.736.727-1 escribir 17736727):</text>
      <response varName="RUT">
        <free>
          <format>integer</format>
          <length>8</length>
          <label/>
        </free>
      </response>
    </question>
    <question>
      <text>1. ¿Ha podido concentrarse bien en lo que hacía?</text>
      <response varName="GHQ01">
        <fixed>
          <category>
            <label>a) Mejor que lo habitual</label>
            <value>G01p1</value>
          </category>
          <category>
            <label>b) Igual que lo habitual</label>
            <value>G01p2</value>
          </category>
          <category>
            <label>c) menos que lo habitual</label>
            <value>G01p3</value>
          </category>
          <category>
            <label>d) Mucho menos que lo habitual</label>
            <value>G01p4</value>
          </category>
        </fixed>
      </response>
    </question>
    <question>
      <text>2.¿Sus preocupaciones le han hecho perder mucho sueño?</text>
      <response varName="GHQ02">
        <fixed>
          <category>
            <label>a) No, en lo absoluto</label>
            <value>G02p0</value>
          </category>
          <category>
            <label>b) No más que lo habitual</label>
            <value>G02p1</value>
          </category>
          <category>
            <label>c) Algo más que lo habitual</label>
            <value>G02p2</value>
          </category>
          <category>
            <label>d) Mucho más que lo habitual</label>
            <value>G02p3</value>
          </category>
        </fixed>
      </response>
    </question>
    <question>
      <text>3. ¿Ha sentido que está desempeñando un papel útil en la vida?</text>
      <response varName="GHQ03">
        <fixed>
          <category>
            <label>a) Más útil que lo habitual</label>
            <value>G03p0</value>
          </category>
          <category>
            <label>b) Igual que lo habitual</label>
            <value>G03p1</value>
          </category>
          <category>
            <label>c) menos útil que lo habitual</label>
            <value>G03p2</value>
          </category>
          <category>
            <label>d) Mucho menos útil que lo habitual</label>
            <value>G03p3</value>
          </category>
        </fixed>
      </response>
    </question>
    <question>
      <text>4. ¿Se ha sentido capaz de tomar decisiones?</text>
      <response varName="GHQ04">
        <fixed>
          <category>
            <label>a) Más que lo habitual</label>
            <value>G04p0</value>
          </category>
          <category>
            <label>b) Igual que lo habitual</label>
            <value>G04p1</value>
          </category>
          <category>
            <label>c) Menos que lo habitual</label>
            <value>G04p2</value>
          </category>
          <category>
            <label>d) Mucho menos que lo habitual</label>
            <value>G04p3</value>
          </category>
        </fixed>
      </response>
    </question>
    <question>
      <text>5. ¿Se ha notado constantemente agobiado y en tensión?</text>
      <response varName="GHQ05">
        <fixed>
          <category>
            <label>a) No, en lo absoluto</label>
            <value>G05p0</value>
          </category>
          <category>
            <label>b) No más que lo habitual</label>
            <value>G05p1</value>
          </category>
          <category>
            <label>c) Algo más que lo habitual</label>
            <value>G05p2</value>
          </category>
          <category>
            <label>d) Mucho más que lo habitual</label>
            <value>G05p3</value>
          </category>
        </fixed>
      </response>
    </question>
    <question>
      <text>6. ¿Ha tenido la sensación de que no puede superar sus dificultades?</text>
      <response varName="GHQ06">
        <fixed>
          <category>
            <label>a) No, en absoluto</label>
            <value>G06p0</value>
          </category>
          <category>
            <label>b) No más que lo habitual</label>
            <value>G06p1</value>
          </category>
          <category>
            <label>c) Algo más que lo habitual</label>
            <value>G06p2</value>
          </category>
          <category>
            <label>d) Mucho más que lo habitual</label>
            <value>G06p3</value>
          </category>
        </fixed>
      </response>
    </question>
    <question>
      <text>7. ¿Ha sido capaz de disfrutar de sus actividades normales de cada día?</text>
      <response varName="GHQ07">
        <fixed>
          <category>
            <label>a) Más que lo habitual</label>
            <value>G07p0</value>
          </category>
          <category>
            <label>b) Igual que lo habitual</label>
            <value>G07p1</value>
          </category>
          <category>
            <label>c) Menos que lo habitual</label>
            <value>G07p2</value>
          </category>
          <category>
            <label>d) Mucho menos que lo habitual</label>
            <value>G07p3</value>
          </category>
        </fixed>
      </response>
    </question>
    <question>
      <text>8. ¿Ha sido capaz de hacer frente adecuadamente a sus problemas?</text>
      <response varName="GHQ08">
        <fixed>
          <category>
            <label>a) Más que lo habitual</label>
            <value>G08p0</value>
          </category>
          <category>
            <label>b) Igual que lo habitual</label>
            <value>G08p1</value>
          </category>
          <category>
            <label>c) Menos que lo habitual</label>
            <value>G08p2</value>
          </category>
          <category>
            <label>d) Mucho menos que lo habitual</label>
            <value>G08p3</value>
          </category>
        </fixed>
      </response>
    </question>
    <question>
      <text>9. ¿Se ha sentido poco feliz o deprimido?</text>
      <response varName="GHQ09">
        <fixed>
          <category>
            <label>a) No, en absoluto</label>
            <value>G09p0</value>
          </category>
          <category>
            <label>b) No más que lo habitual</label>
            <value>G09p1</value>
          </category>
          <category>
            <label>c) Algo más que lo habitual</label>
            <value>G09p2</value>
          </category>
          <category>
            <label>d) Mucho más que lo habitual</label>
            <value>G09p3</value>
          </category>
        </fixed>
      </response>
    </question>
    <question>
      <text>10. ¿Ha perdido confianza en sí mismo?</text>
      <response varName="GHQ10">
        <fixed>
          <category>
            <label>a) No, en absoluto</label>
            <value>G10p1</value>
          </category>
          <category>
            <label>b) No más que lo habitual</label>
            <value>G10p2</value>
          </category>
          <category>
            <label>c) Algo más que lo habitual</label>
            <value>G10p3</value>
          </category>
          <category>
            <label>d) Mucho más que lo habitual</label>
            <value>G10p4</value>
          </category>
        </fixed>
      </response>
    </question>
    <question>
      <text>11. ¿Ha pensado que usted es una persona que no vale para nada?</text>
      <response varName="GHQ11">
        <fixed>
          <category>
            <label>a) No, en absoluto</label>
            <value>G11p1</value>
          </category>
          <category>
            <label>b) No más que lo habitual</label>
            <value>G11p2</value>
          </category>
          <category>
            <label>c) Algo más que lo habitual</label>
            <value>G11p3</value>
          </category>
          <category>
            <label>d) Mucho más que lo habitual</label>
            <value>G11p4</value>
          </category>
        </fixed>
      </response>
    </question>
    <question>
      <text>12. ¿Se siente razonablemente feliz considerando todas las circunstancias?</text>
      <response varName="GHQ12">
        <fixed>
          <category>
            <label>a) Más que lo habitual</label>
            <value>G12p1</value>
          </category>
          <category>
            <label>b) Igual que lo habitual</label>
            <value>G12p2</value>
          </category>
          <category>
            <label>c) Menos que lo habitual</label>
            <value>G12p3</value>
          </category>
          <category>
            <label>d) Mucho menos que lo habitual</label>
            <value>G12p4</value>
          </category>
        </fixed>
      </response>
    </question>
  </section>
</questionnaire>
