<?xml version="1.0"?>
<queXF>
  <questionnaire>
    <id>472983</id>
    <section id="1">
      <label>Preguntas</label>
      <title>Section A</title>
    </section>
    <page>
      <id>47298301</id>
      <tlx>283</tlx>
      <tly>283</tly>
      <trx>2197</trx>
      <try>283</try>
      <brx>2197</brx>
      <bry>3224</bry>
      <blx>283</blx>
      <bly>3224</bly>
      <rotation>0</rotation>
      <boxgroup>
        <type>4</type>
        <width>8</width>
        <varname>RUT</varname>
        <sortorder>1</sortorder>
        <label>RUT (sin puntos, gui&#xF3;n ni d&#xED;gito verificador. Ejemplo si el rut es 17.736.727-1 escribir 17736727):</label>
        <groupsection idref="1"/>
        <box>
          <tlx>1515</tlx>
          <tly>509</tly>
          <brx>1586</brx>
          <bry>603</bry>
          <value></value>
          <label></label>
        </box>
        <box>
          <tlx>1588</tlx>
          <tly>509</tly>
          <brx>1659</brx>
          <bry>603</bry>
          <value></value>
          <label></label>
        </box>
        <box>
          <tlx>1661</tlx>
          <tly>509</tly>
          <brx>1731</brx>
          <bry>603</bry>
          <value></value>
          <label></label>
        </box>
        <box>
          <tlx>1733</tlx>
          <tly>509</tly>
          <brx>1804</brx>
          <bry>603</bry>
          <value></value>
          <label></label>
        </box>
        <box>
          <tlx>1806</tlx>
          <tly>509</tly>
          <brx>1877</brx>
          <bry>603</bry>
          <value></value>
          <label></label>
        </box>
        <box>
          <tlx>1879</tlx>
          <tly>509</tly>
          <brx>1949</brx>
          <bry>603</bry>
          <value></value>
          <label></label>
        </box>
        <box>
          <tlx>1951</tlx>
          <tly>509</tly>
          <brx>2022</brx>
          <bry>603</bry>
          <value></value>
          <label></label>
        </box>
        <box>
          <tlx>2024</tlx>
          <tly>509</tly>
          <brx>2095</brx>
          <bry>603</bry>
          <value></value>
          <label></label>
        </box>
      </boxgroup>
      <boxgroup>
        <type>1</type>
        <width>5</width>
        <varname>IRI1_IRI01</varname>
        <sortorder>2</sortorder>
        <label>&lt;p&gt;Las siguientes declaraciones indagan sobre sus pensamientos y sentimientos en una variedad de situaciones. Para cada &#xED;tem, indique cu&#xE1;n bien la declaraci&#xF3;n lo/a describe.&lt;/p&gt;&#xD;
&#xD;
&lt;p&gt;No me describe bien A &#x2015; B &#x2015; C &#x2015; D &#x2015; E Me describe muy bien. &lt;/p&gt; : Con cierta frecuencia sue&#xF1;o despierto y fantaseo sobre cosas que podr&#xED;an pasarme .</label>
        <groupsection idref="1"/>
        <box>
          <tlx>1352</tlx>
          <tly>1102</tly>
          <brx>1411</brx>
          <bry>1161</bry>
          <value>IRI01</value>
          <label>A- No me describe bien</label>
        </box>
        <box>
          <tlx>1506</tlx>
          <tly>1102</tly>
          <brx>1565</brx>
          <bry>1161</bry>
          <value>IRI02</value>
          <label>B</label>
        </box>
        <box>
          <tlx>1659</tlx>
          <tly>1102</tly>
          <brx>1719</brx>
          <bry>1161</bry>
          <value>IRI03</value>
          <label>C</label>
        </box>
        <box>
          <tlx>1813</tlx>
          <tly>1102</tly>
          <brx>1872</brx>
          <bry>1161</bry>
          <value>IRI04</value>
          <label>D</label>
        </box>
        <box>
          <tlx>1967</tlx>
          <tly>1102</tly>
          <brx>2026</brx>
          <bry>1161</bry>
          <value>IRI05</value>
          <label>E - Me describe muy bien</label>
        </box>
      </boxgroup>
      <boxgroup>
        <type>1</type>
        <width>5</width>
        <varname>IRI1_IRI02</varname>
        <sortorder>3</sortorder>
        <label>&lt;p&gt;Las siguientes declaraciones indagan sobre sus pensamientos y sentimientos en una variedad de situaciones. Para cada &#xED;tem, indique cu&#xE1;n bien la declaraci&#xF3;n lo/a describe.&lt;/p&gt;&#xD;
&#xD;
&lt;p&gt;No me describe bien A &#x2015; B &#x2015; C &#x2015; D &#x2015; E Me describe muy bien. &lt;/p&gt; : A menudo tengo sentimientos de compasi&#xF3;n y preocupaci&#xF3;n hacia gente menos afortunada que yo.</label>
        <groupsection idref="1"/>
        <box>
          <tlx>1352</tlx>
          <tly>1226</tly>
          <brx>1411</brx>
          <bry>1285</bry>
          <value>IRI01</value>
          <label>A- No me describe bien</label>
        </box>
        <box>
          <tlx>1506</tlx>
          <tly>1226</tly>
          <brx>1565</brx>
          <bry>1285</bry>
          <value>IRI02</value>
          <label>B</label>
        </box>
        <box>
          <tlx>1659</tlx>
          <tly>1226</tly>
          <brx>1719</brx>
          <bry>1285</bry>
          <value>IRI03</value>
          <label>C</label>
        </box>
        <box>
          <tlx>1813</tlx>
          <tly>1226</tly>
          <brx>1872</brx>
          <bry>1285</bry>
          <value>IRI04</value>
          <label>D</label>
        </box>
        <box>
          <tlx>1967</tlx>
          <tly>1226</tly>
          <brx>2026</brx>
          <bry>1285</bry>
          <value>IRI05</value>
          <label>E - Me describe muy bien</label>
        </box>
      </boxgroup>
      <boxgroup>
        <type>1</type>
        <width>5</width>
        <varname>IRI1_IRI03</varname>
        <sortorder>4</sortorder>
        <label>&lt;p&gt;Las siguientes declaraciones indagan sobre sus pensamientos y sentimientos en una variedad de situaciones. Para cada &#xED;tem, indique cu&#xE1;n bien la declaraci&#xF3;n lo/a describe.&lt;/p&gt;&#xD;
&#xD;
&lt;p&gt;No me describe bien A &#x2015; B &#x2015; C &#x2015; D &#x2015; E Me describe muy bien. &lt;/p&gt; : A veces encuentro dif&#xED;cil ver las cosas desde el punto de vista de otros.</label>
        <groupsection idref="1"/>
        <box>
          <tlx>1352</tlx>
          <tly>1350</tly>
          <brx>1411</brx>
          <bry>1409</bry>
          <value>IRI01</value>
          <label>A- No me describe bien</label>
        </box>
        <box>
          <tlx>1506</tlx>
          <tly>1350</tly>
          <brx>1565</brx>
          <bry>1409</bry>
          <value>IRI02</value>
          <label>B</label>
        </box>
        <box>
          <tlx>1659</tlx>
          <tly>1350</tly>
          <brx>1719</brx>
          <bry>1409</bry>
          <value>IRI03</value>
          <label>C</label>
        </box>
        <box>
          <tlx>1813</tlx>
          <tly>1350</tly>
          <brx>1872</brx>
          <bry>1409</bry>
          <value>IRI04</value>
          <label>D</label>
        </box>
        <box>
          <tlx>1967</tlx>
          <tly>1350</tly>
          <brx>2026</brx>
          <bry>1409</bry>
          <value>IRI05</value>
          <label>E - Me describe muy bien</label>
        </box>
      </boxgroup>
      <boxgroup>
        <type>1</type>
        <width>5</width>
        <varname>IRI1_IRI04</varname>
        <sortorder>5</sortorder>
        <label>&lt;p&gt;Las siguientes declaraciones indagan sobre sus pensamientos y sentimientos en una variedad de situaciones. Para cada &#xED;tem, indique cu&#xE1;n bien la declaraci&#xF3;n lo/a describe.&lt;/p&gt;&#xD;
&#xD;
&lt;p&gt;No me describe bien A &#x2015; B &#x2015; C &#x2015; D &#x2015; E Me describe muy bien. &lt;/p&gt; : A veces no me dan mucha l&#xE1;stima otras personas cuando tienen problemas.</label>
        <groupsection idref="1"/>
        <box>
          <tlx>1352</tlx>
          <tly>1474</tly>
          <brx>1411</brx>
          <bry>1533</bry>
          <value>IRI01</value>
          <label>A- No me describe bien</label>
        </box>
        <box>
          <tlx>1506</tlx>
          <tly>1474</tly>
          <brx>1565</brx>
          <bry>1533</bry>
          <value>IRI02</value>
          <label>B</label>
        </box>
        <box>
          <tlx>1659</tlx>
          <tly>1474</tly>
          <brx>1719</brx>
          <bry>1533</bry>
          <value>IRI03</value>
          <label>C</label>
        </box>
        <box>
          <tlx>1813</tlx>
          <tly>1474</tly>
          <brx>1872</brx>
          <bry>1533</bry>
          <value>IRI04</value>
          <label>D</label>
        </box>
        <box>
          <tlx>1967</tlx>
          <tly>1474</tly>
          <brx>2026</brx>
          <bry>1533</bry>
          <value>IRI05</value>
          <label>E - Me describe muy bien</label>
        </box>
      </boxgroup>
      <boxgroup>
        <type>1</type>
        <width>5</width>
        <varname>IRI1_IRI05</varname>
        <sortorder>6</sortorder>
        <label>&lt;p&gt;Las siguientes declaraciones indagan sobre sus pensamientos y sentimientos en una variedad de situaciones. Para cada &#xED;tem, indique cu&#xE1;n bien la declaraci&#xF3;n lo/a describe.&lt;/p&gt;&#xD;
&#xD;
&lt;p&gt;No me describe bien A &#x2015; B &#x2015; C &#x2015; D &#x2015; E Me describe muy bien. &lt;/p&gt; : Realmente me siento &#x201C;metido/a&#x201D; en los sentimientos de los personajes de una novela.</label>
        <groupsection idref="1"/>
        <box>
          <tlx>1352</tlx>
          <tly>1598</tly>
          <brx>1411</brx>
          <bry>1657</bry>
          <value>IRI01</value>
          <label>A- No me describe bien</label>
        </box>
        <box>
          <tlx>1506</tlx>
          <tly>1598</tly>
          <brx>1565</brx>
          <bry>1657</bry>
          <value>IRI02</value>
          <label>B</label>
        </box>
        <box>
          <tlx>1659</tlx>
          <tly>1598</tly>
          <brx>1719</brx>
          <bry>1657</bry>
          <value>IRI03</value>
          <label>C</label>
        </box>
        <box>
          <tlx>1813</tlx>
          <tly>1598</tly>
          <brx>1872</brx>
          <bry>1657</bry>
          <value>IRI04</value>
          <label>D</label>
        </box>
        <box>
          <tlx>1967</tlx>
          <tly>1598</tly>
          <brx>2026</brx>
          <bry>1657</bry>
          <value>IRI05</value>
          <label>E - Me describe muy bien</label>
        </box>
      </boxgroup>
      <boxgroup>
        <type>1</type>
        <width>5</width>
        <varname>IRI1_IRI06</varname>
        <sortorder>7</sortorder>
        <label>&lt;p&gt;Las siguientes declaraciones indagan sobre sus pensamientos y sentimientos en una variedad de situaciones. Para cada &#xED;tem, indique cu&#xE1;n bien la declaraci&#xF3;n lo/a describe.&lt;/p&gt;&#xD;
&#xD;
&lt;p&gt;No me describe bien A &#x2015; B &#x2015; C &#x2015; D &#x2015; E Me describe muy bien. &lt;/p&gt; : En situaciones de emergencia, me siento aprensivo e inc&#xF3;modo.</label>
        <groupsection idref="1"/>
        <box>
          <tlx>1352</tlx>
          <tly>1722</tly>
          <brx>1411</brx>
          <bry>1781</bry>
          <value>IRI01</value>
          <label>A- No me describe bien</label>
        </box>
        <box>
          <tlx>1506</tlx>
          <tly>1722</tly>
          <brx>1565</brx>
          <bry>1781</bry>
          <value>IRI02</value>
          <label>B</label>
        </box>
        <box>
          <tlx>1659</tlx>
          <tly>1722</tly>
          <brx>1719</brx>
          <bry>1781</bry>
          <value>IRI03</value>
          <label>C</label>
        </box>
        <box>
          <tlx>1813</tlx>
          <tly>1722</tly>
          <brx>1872</brx>
          <bry>1781</bry>
          <value>IRI04</value>
          <label>D</label>
        </box>
        <box>
          <tlx>1967</tlx>
          <tly>1722</tly>
          <brx>2026</brx>
          <bry>1781</bry>
          <value>IRI05</value>
          <label>E - Me describe muy bien</label>
        </box>
      </boxgroup>
      <boxgroup>
        <type>1</type>
        <width>5</width>
        <varname>IRI1_IRI07</varname>
        <sortorder>8</sortorder>
        <label>&lt;p&gt;Las siguientes declaraciones indagan sobre sus pensamientos y sentimientos en una variedad de situaciones. Para cada &#xED;tem, indique cu&#xE1;n bien la declaraci&#xF3;n lo/a describe.&lt;/p&gt;&#xD;
&#xD;
&lt;p&gt;No me describe bien A &#x2015; B &#x2015; C &#x2015; D &#x2015; E Me describe muy bien. &lt;/p&gt; : Generalmente soy objetivo cuando veo una pel&#xED;cula o una obra de teatro y no me suelo &#x201C;meter&#x201D; completamente en ella.</label>
        <groupsection idref="1"/>
        <box>
          <tlx>1352</tlx>
          <tly>1846</tly>
          <brx>1411</brx>
          <bry>1905</bry>
          <value>IRI01</value>
          <label>A- No me describe bien</label>
        </box>
        <box>
          <tlx>1506</tlx>
          <tly>1846</tly>
          <brx>1565</brx>
          <bry>1905</bry>
          <value>IRI02</value>
          <label>B</label>
        </box>
        <box>
          <tlx>1659</tlx>
          <tly>1846</tly>
          <brx>1719</brx>
          <bry>1905</bry>
          <value>IRI03</value>
          <label>C</label>
        </box>
        <box>
          <tlx>1813</tlx>
          <tly>1846</tly>
          <brx>1872</brx>
          <bry>1905</bry>
          <value>IRI04</value>
          <label>D</label>
        </box>
        <box>
          <tlx>1967</tlx>
          <tly>1846</tly>
          <brx>2026</brx>
          <bry>1905</bry>
          <value>IRI05</value>
          <label>E - Me describe muy bien</label>
        </box>
      </boxgroup>
      <boxgroup>
        <type>1</type>
        <width>5</width>
        <varname>IRI1_IRI08</varname>
        <sortorder>9</sortorder>
        <label>&lt;p&gt;Las siguientes declaraciones indagan sobre sus pensamientos y sentimientos en una variedad de situaciones. Para cada &#xED;tem, indique cu&#xE1;n bien la declaraci&#xF3;n lo/a describe.&lt;/p&gt;&#xD;
&#xD;
&lt;p&gt;No me describe bien A &#x2015; B &#x2015; C &#x2015; D &#x2015; E Me describe muy bien. &lt;/p&gt; : En un desacuerdo con otros, trato de ver las cosas desde el punto de vista de los dem&#xE1;s antes de tomar una decisi&#xF3;n. .</label>
        <groupsection idref="1"/>
        <box>
          <tlx>1352</tlx>
          <tly>1970</tly>
          <brx>1411</brx>
          <bry>2029</bry>
          <value>IRI01</value>
          <label>A- No me describe bien</label>
        </box>
        <box>
          <tlx>1506</tlx>
          <tly>1970</tly>
          <brx>1565</brx>
          <bry>2029</bry>
          <value>IRI02</value>
          <label>B</label>
        </box>
        <box>
          <tlx>1659</tlx>
          <tly>1970</tly>
          <brx>1719</brx>
          <bry>2029</bry>
          <value>IRI03</value>
          <label>C</label>
        </box>
        <box>
          <tlx>1813</tlx>
          <tly>1970</tly>
          <brx>1872</brx>
          <bry>2029</bry>
          <value>IRI04</value>
          <label>D</label>
        </box>
        <box>
          <tlx>1967</tlx>
          <tly>1970</tly>
          <brx>2026</brx>
          <bry>2029</bry>
          <value>IRI05</value>
          <label>E - Me describe muy bien</label>
        </box>
      </boxgroup>
      <boxgroup>
        <type>1</type>
        <width>5</width>
        <varname>IRI1_IRI09</varname>
        <sortorder>10</sortorder>
        <label>&lt;p&gt;Las siguientes declaraciones indagan sobre sus pensamientos y sentimientos en una variedad de situaciones. Para cada &#xED;tem, indique cu&#xE1;n bien la declaraci&#xF3;n lo/a describe.&lt;/p&gt;&#xD;
&#xD;
&lt;p&gt;No me describe bien A &#x2015; B &#x2015; C &#x2015; D &#x2015; E Me describe muy bien. &lt;/p&gt; : Cuando veo que se aprovechan de alguien, siento necesidad de protegerle.</label>
        <groupsection idref="1"/>
        <box>
          <tlx>1352</tlx>
          <tly>2094</tly>
          <brx>1411</brx>
          <bry>2153</bry>
          <value>IRI01</value>
          <label>A- No me describe bien</label>
        </box>
        <box>
          <tlx>1506</tlx>
          <tly>2094</tly>
          <brx>1565</brx>
          <bry>2153</bry>
          <value>IRI02</value>
          <label>B</label>
        </box>
        <box>
          <tlx>1659</tlx>
          <tly>2094</tly>
          <brx>1719</brx>
          <bry>2153</bry>
          <value>IRI03</value>
          <label>C</label>
        </box>
        <box>
          <tlx>1813</tlx>
          <tly>2094</tly>
          <brx>1872</brx>
          <bry>2153</bry>
          <value>IRI04</value>
          <label>D</label>
        </box>
        <box>
          <tlx>1967</tlx>
          <tly>2094</tly>
          <brx>2026</brx>
          <bry>2153</bry>
          <value>IRI05</value>
          <label>E - Me describe muy bien</label>
        </box>
      </boxgroup>
      <boxgroup>
        <type>1</type>
        <width>5</width>
        <varname>IRI1_IRI10</varname>
        <sortorder>11</sortorder>
        <label>&lt;p&gt;Las siguientes declaraciones indagan sobre sus pensamientos y sentimientos en una variedad de situaciones. Para cada &#xED;tem, indique cu&#xE1;n bien la declaraci&#xF3;n lo/a describe.&lt;/p&gt;&#xD;
&#xD;
&lt;p&gt;No me describe bien A &#x2015; B &#x2015; C &#x2015; D &#x2015; E Me describe muy bien. &lt;/p&gt; : A veces me siento indefenso/a cuando estoy en medio de una situaci&#xF3;n muy emotiva.</label>
        <groupsection idref="1"/>
        <box>
          <tlx>1352</tlx>
          <tly>2218</tly>
          <brx>1411</brx>
          <bry>2277</bry>
          <value>IRI01</value>
          <label>A- No me describe bien</label>
        </box>
        <box>
          <tlx>1506</tlx>
          <tly>2218</tly>
          <brx>1565</brx>
          <bry>2277</bry>
          <value>IRI02</value>
          <label>B</label>
        </box>
        <box>
          <tlx>1659</tlx>
          <tly>2218</tly>
          <brx>1719</brx>
          <bry>2277</bry>
          <value>IRI03</value>
          <label>C</label>
        </box>
        <box>
          <tlx>1813</tlx>
          <tly>2218</tly>
          <brx>1872</brx>
          <bry>2277</bry>
          <value>IRI04</value>
          <label>D</label>
        </box>
        <box>
          <tlx>1967</tlx>
          <tly>2218</tly>
          <brx>2026</brx>
          <bry>2277</bry>
          <value>IRI05</value>
          <label>E - Me describe muy bien</label>
        </box>
      </boxgroup>
      <boxgroup>
        <type>1</type>
        <width>5</width>
        <varname>IRI2_IRI11</varname>
        <sortorder>12</sortorder>
        <label>A veces intento comprender mejor a mis amigos imaginando c&#xF3;mo ven las cosas desde su perspectiva.</label>
        <groupsection idref="1"/>
        <box>
          <tlx>1352</tlx>
          <tly>2534</tly>
          <brx>1411</brx>
          <bry>2594</bry>
          <value>IRI01</value>
          <label>A- No me describe bien</label>
        </box>
        <box>
          <tlx>1506</tlx>
          <tly>2534</tly>
          <brx>1565</brx>
          <bry>2594</bry>
          <value>IRI02</value>
          <label>B</label>
        </box>
        <box>
          <tlx>1659</tlx>
          <tly>2534</tly>
          <brx>1719</brx>
          <bry>2594</bry>
          <value>IRI03</value>
          <label>C</label>
        </box>
        <box>
          <tlx>1813</tlx>
          <tly>2534</tly>
          <brx>1872</brx>
          <bry>2594</bry>
          <value>IRI04</value>
          <label>D</label>
        </box>
        <box>
          <tlx>1967</tlx>
          <tly>2534</tly>
          <brx>2026</brx>
          <bry>2594</bry>
          <value>IRI05</value>
          <label>E - Me describe muy bien</label>
        </box>
      </boxgroup>
      <boxgroup>
        <type>1</type>
        <width>5</width>
        <varname>IRI2_IRI12</varname>
        <sortorder>13</sortorder>
        <label>Es raro que yo me &#x201C;meta&#x201D; mucho en un buen libro o en una pel&#xED;cula.</label>
        <groupsection idref="1"/>
        <box>
          <tlx>1352</tlx>
          <tly>2658</tly>
          <brx>1411</brx>
          <bry>2718</bry>
          <value>IRI01</value>
          <label>A- No me describe bien</label>
        </box>
        <box>
          <tlx>1506</tlx>
          <tly>2658</tly>
          <brx>1565</brx>
          <bry>2718</bry>
          <value>IRI02</value>
          <label>B</label>
        </box>
        <box>
          <tlx>1659</tlx>
          <tly>2658</tly>
          <brx>1719</brx>
          <bry>2718</bry>
          <value>IRI03</value>
          <label>C</label>
        </box>
        <box>
          <tlx>1813</tlx>
          <tly>2658</tly>
          <brx>1872</brx>
          <bry>2718</bry>
          <value>IRI04</value>
          <label>D</label>
        </box>
        <box>
          <tlx>1967</tlx>
          <tly>2658</tly>
          <brx>2026</brx>
          <bry>2718</bry>
          <value>IRI05</value>
          <label>E - Me describe muy bien</label>
        </box>
      </boxgroup>
      <boxgroup>
        <type>1</type>
        <width>5</width>
        <varname>IRI2_IRI13</varname>
        <sortorder>14</sortorder>
        <label>Cuando veo que alguien se hace da&#xF1;o, tiendo a permanecer tranquilo.</label>
        <groupsection idref="1"/>
        <box>
          <tlx>1352</tlx>
          <tly>2782</tly>
          <brx>1411</brx>
          <bry>2842</bry>
          <value>IRI01</value>
          <label>A- No me describe bien</label>
        </box>
        <box>
          <tlx>1506</tlx>
          <tly>2782</tly>
          <brx>1565</brx>
          <bry>2842</bry>
          <value>IRI02</value>
          <label>B</label>
        </box>
        <box>
          <tlx>1659</tlx>
          <tly>2782</tly>
          <brx>1719</brx>
          <bry>2842</bry>
          <value>IRI03</value>
          <label>C</label>
        </box>
        <box>
          <tlx>1813</tlx>
          <tly>2782</tly>
          <brx>1872</brx>
          <bry>2842</bry>
          <value>IRI04</value>
          <label>D</label>
        </box>
        <box>
          <tlx>1967</tlx>
          <tly>2782</tly>
          <brx>2026</brx>
          <bry>2842</bry>
          <value>IRI05</value>
          <label>E - Me describe muy bien</label>
        </box>
      </boxgroup>
      <boxgroup>
        <type>1</type>
        <width>5</width>
        <varname>IRI2_IRI14</varname>
        <sortorder>15</sortorder>
        <label>Las desgracias de otros no suelen angustiarme mucho.</label>
        <groupsection idref="1"/>
        <box>
          <tlx>1352</tlx>
          <tly>2906</tly>
          <brx>1411</brx>
          <bry>2966</bry>
          <value>IRI01</value>
          <label>A- No me describe bien</label>
        </box>
        <box>
          <tlx>1506</tlx>
          <tly>2906</tly>
          <brx>1565</brx>
          <bry>2966</bry>
          <value>IRI02</value>
          <label>B</label>
        </box>
        <box>
          <tlx>1659</tlx>
          <tly>2906</tly>
          <brx>1719</brx>
          <bry>2966</bry>
          <value>IRI03</value>
          <label>C</label>
        </box>
        <box>
          <tlx>1813</tlx>
          <tly>2906</tly>
          <brx>1872</brx>
          <bry>2966</bry>
          <value>IRI04</value>
          <label>D</label>
        </box>
        <box>
          <tlx>1967</tlx>
          <tly>2906</tly>
          <brx>2026</brx>
          <bry>2966</bry>
          <value>IRI05</value>
          <label>E - Me describe muy bien</label>
        </box>
      </boxgroup>
      <boxgroup>
        <type>1</type>
        <width>5</width>
        <varname>IRI2_IRI15</varname>
        <sortorder>16</sortorder>
        <label>Si estoy seguro/a que tengo la raz&#xF3;n en algo, no pierdo mucho tiempo escuchando los argumentos de otras personas.</label>
        <groupsection idref="1"/>
        <box>
          <tlx>1352</tlx>
          <tly>3031</tly>
          <brx>1411</brx>
          <bry>3090</bry>
          <value>IRI01</value>
          <label>A- No me describe bien</label>
        </box>
        <box>
          <tlx>1506</tlx>
          <tly>3031</tly>
          <brx>1565</brx>
          <bry>3090</bry>
          <value>IRI02</value>
          <label>B</label>
        </box>
        <box>
          <tlx>1659</tlx>
          <tly>3031</tly>
          <brx>1719</brx>
          <bry>3090</bry>
          <value>IRI03</value>
          <label>C</label>
        </box>
        <box>
          <tlx>1813</tlx>
          <tly>3031</tly>
          <brx>1872</brx>
          <bry>3090</bry>
          <value>IRI04</value>
          <label>D</label>
        </box>
        <box>
          <tlx>1967</tlx>
          <tly>3031</tly>
          <brx>2026</brx>
          <bry>3090</bry>
          <value>IRI05</value>
          <label>E - Me describe muy bien</label>
        </box>
      </boxgroup>
      <boxgroup>
        <type>1</type>
        <width>5</width>
        <varname>IRI2_IRI16</varname>
        <sortorder>17</sortorder>
        <label>Despu&#xE9;s de ver una obra de teatro o una pel&#xED;cula, me siento como si fuese uno de los protagonistas.</label>
        <groupsection idref="1"/>
        <box>
          <tlx>1352</tlx>
          <tly>3155</tly>
          <brx>1411</brx>
          <bry>3214</bry>
          <value>IRI01</value>
          <label>A- No me describe bien</label>
        </box>
        <box>
          <tlx>1506</tlx>
          <tly>3155</tly>
          <brx>1565</brx>
          <bry>3214</bry>
          <value>IRI02</value>
          <label>B</label>
        </box>
        <box>
          <tlx>1659</tlx>
          <tly>3155</tly>
          <brx>1719</brx>
          <bry>3214</bry>
          <value>IRI03</value>
          <label>C</label>
        </box>
        <box>
          <tlx>1813</tlx>
          <tly>3155</tly>
          <brx>1872</brx>
          <bry>3214</bry>
          <value>IRI04</value>
          <label>D</label>
        </box>
        <box>
          <tlx>1967</tlx>
          <tly>3155</tly>
          <brx>2026</brx>
          <bry>3214</bry>
          <value>IRI05</value>
          <label>E - Me describe muy bien</label>
        </box>
      </boxgroup>
    </page>
    <page>
      <id>47298302</id>
      <tlx>283</tlx>
      <tly>283</tly>
      <trx>2197</trx>
      <try>283</try>
      <brx>2197</brx>
      <bry>3224</bry>
      <blx>283</blx>
      <bly>3224</bly>
      <rotation>0</rotation>
      <boxgroup>
        <type>1</type>
        <width>5</width>
        <varname>IRI2_IRI17</varname>
        <sortorder>18</sortorder>
        <label>Me asusta estar en una situaci&#xF3;n emocional tensa.</label>
        <groupsection idref="1"/>
        <box>
          <tlx>1352</tlx>
          <tly>322</tly>
          <brx>1411</brx>
          <bry>381</bry>
          <value>IRI01</value>
          <label>A- No me describe bien</label>
        </box>
        <box>
          <tlx>1506</tlx>
          <tly>322</tly>
          <brx>1565</brx>
          <bry>381</bry>
          <value>IRI02</value>
          <label>B</label>
        </box>
        <box>
          <tlx>1659</tlx>
          <tly>322</tly>
          <brx>1719</brx>
          <bry>381</bry>
          <value>IRI03</value>
          <label>C</label>
        </box>
        <box>
          <tlx>1813</tlx>
          <tly>322</tly>
          <brx>1872</brx>
          <bry>381</bry>
          <value>IRI04</value>
          <label>D</label>
        </box>
        <box>
          <tlx>1967</tlx>
          <tly>322</tly>
          <brx>2026</brx>
          <bry>381</bry>
          <value>IRI05</value>
          <label>E - Me describe muy bien</label>
        </box>
      </boxgroup>
      <boxgroup>
        <type>1</type>
        <width>5</width>
        <varname>IRI2_IRI18</varname>
        <sortorder>19</sortorder>
        <label>Cuando veo que alguien est&#xE1; siendo tratado injustamente, no suelo sentir mucha pena por &#xE9;l.</label>
        <groupsection idref="1"/>
        <box>
          <tlx>1352</tlx>
          <tly>446</tly>
          <brx>1411</brx>
          <bry>505</bry>
          <value>IRI01</value>
          <label>A- No me describe bien</label>
        </box>
        <box>
          <tlx>1506</tlx>
          <tly>446</tly>
          <brx>1565</brx>
          <bry>505</bry>
          <value>IRI02</value>
          <label>B</label>
        </box>
        <box>
          <tlx>1659</tlx>
          <tly>446</tly>
          <brx>1719</brx>
          <bry>505</bry>
          <value>IRI03</value>
          <label>C</label>
        </box>
        <box>
          <tlx>1813</tlx>
          <tly>446</tly>
          <brx>1872</brx>
          <bry>505</bry>
          <value>IRI04</value>
          <label>D</label>
        </box>
        <box>
          <tlx>1967</tlx>
          <tly>446</tly>
          <brx>2026</brx>
          <bry>505</bry>
          <value>IRI05</value>
          <label>E - Me describe muy bien</label>
        </box>
      </boxgroup>
      <boxgroup>
        <type>1</type>
        <width>5</width>
        <varname>IRI2_IRI19</varname>
        <sortorder>20</sortorder>
        <label>Generalmente soy bastante efectivo afrontando emergencias.</label>
        <groupsection idref="1"/>
        <box>
          <tlx>1352</tlx>
          <tly>570</tly>
          <brx>1411</brx>
          <bry>629</bry>
          <value>IRI01</value>
          <label>A- No me describe bien</label>
        </box>
        <box>
          <tlx>1506</tlx>
          <tly>570</tly>
          <brx>1565</brx>
          <bry>629</bry>
          <value>IRI02</value>
          <label>B</label>
        </box>
        <box>
          <tlx>1659</tlx>
          <tly>570</tly>
          <brx>1719</brx>
          <bry>629</bry>
          <value>IRI03</value>
          <label>C</label>
        </box>
        <box>
          <tlx>1813</tlx>
          <tly>570</tly>
          <brx>1872</brx>
          <bry>629</bry>
          <value>IRI04</value>
          <label>D</label>
        </box>
        <box>
          <tlx>1967</tlx>
          <tly>570</tly>
          <brx>2026</brx>
          <bry>629</bry>
          <value>IRI05</value>
          <label>E - Me describe muy bien</label>
        </box>
      </boxgroup>
      <boxgroup>
        <type>1</type>
        <width>5</width>
        <varname>IRI3_IRI20</varname>
        <sortorder>21</sortorder>
        <label>A menudo me conmueven las cosas que veo que pasan.</label>
        <groupsection idref="1"/>
        <box>
          <tlx>1352</tlx>
          <tly>886</tly>
          <brx>1411</brx>
          <bry>945</bry>
          <value>IRI01</value>
          <label>A- No me describe bien</label>
        </box>
        <box>
          <tlx>1506</tlx>
          <tly>886</tly>
          <brx>1565</brx>
          <bry>945</bry>
          <value>IRI02</value>
          <label>B</label>
        </box>
        <box>
          <tlx>1659</tlx>
          <tly>886</tly>
          <brx>1719</brx>
          <bry>945</bry>
          <value>IRI03</value>
          <label>C</label>
        </box>
        <box>
          <tlx>1813</tlx>
          <tly>886</tly>
          <brx>1872</brx>
          <bry>945</bry>
          <value>IRI04</value>
          <label>D</label>
        </box>
        <box>
          <tlx>1967</tlx>
          <tly>886</tly>
          <brx>2026</brx>
          <bry>945</bry>
          <value>IRI05</value>
          <label>E - Me describe muy bien</label>
        </box>
      </boxgroup>
      <boxgroup>
        <type>1</type>
        <width>5</width>
        <varname>IRI3_IRI21</varname>
        <sortorder>22</sortorder>
        <label>Creo que todas las cuestiones se pueden ver desde dos perspectivas e intento considerar ambas.</label>
        <groupsection idref="1"/>
        <box>
          <tlx>1352</tlx>
          <tly>1010</tly>
          <brx>1411</brx>
          <bry>1069</bry>
          <value>IRI01</value>
          <label>A- No me describe bien</label>
        </box>
        <box>
          <tlx>1506</tlx>
          <tly>1010</tly>
          <brx>1565</brx>
          <bry>1069</bry>
          <value>IRI02</value>
          <label>B</label>
        </box>
        <box>
          <tlx>1659</tlx>
          <tly>1010</tly>
          <brx>1719</brx>
          <bry>1069</bry>
          <value>IRI03</value>
          <label>C</label>
        </box>
        <box>
          <tlx>1813</tlx>
          <tly>1010</tly>
          <brx>1872</brx>
          <bry>1069</bry>
          <value>IRI04</value>
          <label>D</label>
        </box>
        <box>
          <tlx>1967</tlx>
          <tly>1010</tly>
          <brx>2026</brx>
          <bry>1069</bry>
          <value>IRI05</value>
          <label>E - Me describe muy bien</label>
        </box>
      </boxgroup>
      <boxgroup>
        <type>1</type>
        <width>5</width>
        <varname>IRI3_IRI22</varname>
        <sortorder>23</sortorder>
        <label>Me describir&#xED;a como una persona bastante sensible.</label>
        <groupsection idref="1"/>
        <box>
          <tlx>1352</tlx>
          <tly>1134</tly>
          <brx>1411</brx>
          <bry>1193</bry>
          <value>IRI01</value>
          <label>A- No me describe bien</label>
        </box>
        <box>
          <tlx>1506</tlx>
          <tly>1134</tly>
          <brx>1565</brx>
          <bry>1193</bry>
          <value>IRI02</value>
          <label>B</label>
        </box>
        <box>
          <tlx>1659</tlx>
          <tly>1134</tly>
          <brx>1719</brx>
          <bry>1193</bry>
          <value>IRI03</value>
          <label>C</label>
        </box>
        <box>
          <tlx>1813</tlx>
          <tly>1134</tly>
          <brx>1872</brx>
          <bry>1193</bry>
          <value>IRI04</value>
          <label>D</label>
        </box>
        <box>
          <tlx>1967</tlx>
          <tly>1134</tly>
          <brx>2026</brx>
          <bry>1193</bry>
          <value>IRI05</value>
          <label>E - Me describe muy bien</label>
        </box>
      </boxgroup>
      <boxgroup>
        <type>1</type>
        <width>5</width>
        <varname>IRI3_IRI23</varname>
        <sortorder>24</sortorder>
        <label>Cuando veo una buena pel&#xED;cula, puedo ponerme muy f&#xE1;cilmente en el lugar del protagonista.</label>
        <groupsection idref="1"/>
        <box>
          <tlx>1352</tlx>
          <tly>1258</tly>
          <brx>1411</brx>
          <bry>1317</bry>
          <value>IRI01</value>
          <label>A- No me describe bien</label>
        </box>
        <box>
          <tlx>1506</tlx>
          <tly>1258</tly>
          <brx>1565</brx>
          <bry>1317</bry>
          <value>IRI02</value>
          <label>B</label>
        </box>
        <box>
          <tlx>1659</tlx>
          <tly>1258</tly>
          <brx>1719</brx>
          <bry>1317</bry>
          <value>IRI03</value>
          <label>C</label>
        </box>
        <box>
          <tlx>1813</tlx>
          <tly>1258</tly>
          <brx>1872</brx>
          <bry>1317</bry>
          <value>IRI04</value>
          <label>D</label>
        </box>
        <box>
          <tlx>1967</tlx>
          <tly>1258</tly>
          <brx>2026</brx>
          <bry>1317</bry>
          <value>IRI05</value>
          <label>E - Me describe muy bien</label>
        </box>
      </boxgroup>
      <boxgroup>
        <type>1</type>
        <width>5</width>
        <varname>IRI3_IRI24</varname>
        <sortorder>25</sortorder>
        <label>Tiendo a perder el control en las emergencias.</label>
        <groupsection idref="1"/>
        <box>
          <tlx>1352</tlx>
          <tly>1382</tly>
          <brx>1411</brx>
          <bry>1441</bry>
          <value>IRI01</value>
          <label>A- No me describe bien</label>
        </box>
        <box>
          <tlx>1506</tlx>
          <tly>1382</tly>
          <brx>1565</brx>
          <bry>1441</bry>
          <value>IRI02</value>
          <label>B</label>
        </box>
        <box>
          <tlx>1659</tlx>
          <tly>1382</tly>
          <brx>1719</brx>
          <bry>1441</bry>
          <value>IRI03</value>
          <label>C</label>
        </box>
        <box>
          <tlx>1813</tlx>
          <tly>1382</tly>
          <brx>1872</brx>
          <bry>1441</bry>
          <value>IRI04</value>
          <label>D</label>
        </box>
        <box>
          <tlx>1967</tlx>
          <tly>1382</tly>
          <brx>2026</brx>
          <bry>1441</bry>
          <value>IRI05</value>
          <label>E - Me describe muy bien</label>
        </box>
      </boxgroup>
      <boxgroup>
        <type>1</type>
        <width>5</width>
        <varname>IRI3_IRI25</varname>
        <sortorder>26</sortorder>
        <label>Cuando estoy molesto con alguien, generalmente trato de &#x201C;ponerme en su pellejo&#x201D; durante un tiempo.</label>
        <groupsection idref="1"/>
        <box>
          <tlx>1352</tlx>
          <tly>1506</tly>
          <brx>1411</brx>
          <bry>1565</bry>
          <value>IRI01</value>
          <label>A- No me describe bien</label>
        </box>
        <box>
          <tlx>1506</tlx>
          <tly>1506</tly>
          <brx>1565</brx>
          <bry>1565</bry>
          <value>IRI02</value>
          <label>B</label>
        </box>
        <box>
          <tlx>1659</tlx>
          <tly>1506</tly>
          <brx>1719</brx>
          <bry>1565</bry>
          <value>IRI03</value>
          <label>C</label>
        </box>
        <box>
          <tlx>1813</tlx>
          <tly>1506</tly>
          <brx>1872</brx>
          <bry>1565</bry>
          <value>IRI04</value>
          <label>D</label>
        </box>
        <box>
          <tlx>1967</tlx>
          <tly>1506</tly>
          <brx>2026</brx>
          <bry>1565</bry>
          <value>IRI05</value>
          <label>E - Me describe muy bien</label>
        </box>
      </boxgroup>
      <boxgroup>
        <type>1</type>
        <width>5</width>
        <varname>IRI3_IRI26</varname>
        <sortorder>27</sortorder>
        <label>Cuando estoy leyendo una novela o historia interesante, imagino c&#xF3;mo me sentir&#xED;a si me estuviera pasando lo que ocurre en la historia.</label>
        <groupsection idref="1"/>
        <box>
          <tlx>1352</tlx>
          <tly>1661</tly>
          <brx>1411</brx>
          <bry>1720</bry>
          <value>IRI01</value>
          <label>A- No me describe bien</label>
        </box>
        <box>
          <tlx>1506</tlx>
          <tly>1661</tly>
          <brx>1565</brx>
          <bry>1720</bry>
          <value>IRI02</value>
          <label>B</label>
        </box>
        <box>
          <tlx>1659</tlx>
          <tly>1661</tly>
          <brx>1719</brx>
          <bry>1720</bry>
          <value>IRI03</value>
          <label>C</label>
        </box>
        <box>
          <tlx>1813</tlx>
          <tly>1661</tly>
          <brx>1872</brx>
          <bry>1720</bry>
          <value>IRI04</value>
          <label>D</label>
        </box>
        <box>
          <tlx>1967</tlx>
          <tly>1661</tly>
          <brx>2026</brx>
          <bry>1720</bry>
          <value>IRI05</value>
          <label>E - Me describe muy bien</label>
        </box>
      </boxgroup>
      <boxgroup>
        <type>1</type>
        <width>5</width>
        <varname>IRI3_IRI27</varname>
        <sortorder>28</sortorder>
        <label>Cuando veo a alguien en una emergencia que necesita ayuda, pierdo el control.</label>
        <groupsection idref="1"/>
        <box>
          <tlx>1352</tlx>
          <tly>1816</tly>
          <brx>1411</brx>
          <bry>1875</bry>
          <value>IRI01</value>
          <label>A- No me describe bien</label>
        </box>
        <box>
          <tlx>1506</tlx>
          <tly>1816</tly>
          <brx>1565</brx>
          <bry>1875</bry>
          <value>IRI02</value>
          <label>B</label>
        </box>
        <box>
          <tlx>1659</tlx>
          <tly>1816</tly>
          <brx>1719</brx>
          <bry>1875</bry>
          <value>IRI03</value>
          <label>C</label>
        </box>
        <box>
          <tlx>1813</tlx>
          <tly>1816</tly>
          <brx>1872</brx>
          <bry>1875</bry>
          <value>IRI04</value>
          <label>D</label>
        </box>
        <box>
          <tlx>1967</tlx>
          <tly>1816</tly>
          <brx>2026</brx>
          <bry>1875</bry>
          <value>IRI05</value>
          <label>E - Me describe muy bien</label>
        </box>
      </boxgroup>
      <boxgroup>
        <type>1</type>
        <width>5</width>
        <varname>IRI3_IRI28</varname>
        <sortorder>29</sortorder>
        <label>Antes de criticar a alguien, intento imaginar c&#xF3;mo me sentir&#xED;a yo si estuviera en su lugar.</label>
        <groupsection idref="1"/>
        <box>
          <tlx>1352</tlx>
          <tly>1940</tly>
          <brx>1411</brx>
          <bry>2000</bry>
          <value>IRI01</value>
          <label>A- No me describe bien</label>
        </box>
        <box>
          <tlx>1506</tlx>
          <tly>1940</tly>
          <brx>1565</brx>
          <bry>2000</bry>
          <value>IRI02</value>
          <label>B</label>
        </box>
        <box>
          <tlx>1659</tlx>
          <tly>1940</tly>
          <brx>1719</brx>
          <bry>2000</bry>
          <value>IRI03</value>
          <label>C</label>
        </box>
        <box>
          <tlx>1813</tlx>
          <tly>1940</tly>
          <brx>1872</brx>
          <bry>2000</bry>
          <value>IRI04</value>
          <label>D</label>
        </box>
        <box>
          <tlx>1967</tlx>
          <tly>1940</tly>
          <brx>2026</brx>
          <bry>2000</bry>
          <value>IRI05</value>
          <label>E - Me describe muy bien</label>
        </box>
      </boxgroup>
    </page>
  </questionnaire>
</queXF>
