<?xml version="1.0" encoding="UTF-8"?>
<questionnaire id="472983">
  <title>IRI</title>
  <investigator/>
  <dataCollector/>
  <section id="213">
    <sectionInfo>
      <position>title</position>
      <text>Preguntas</text>
      <administration>self</administration>
    </sectionInfo>
    <question>
      <text>RUT (sin puntos, guión ni dígito verificador. Ejemplo si el rut es 17.736.727-1 escribir 17736727):</text>
      <response varName="RUT">
        <free>
          <format>integer</format>
          <length>8</length>
          <label/>
        </free>
      </response>
    </question>
    <question>
      <text>&lt;p&gt;Las siguientes declaraciones indagan sobre sus pensamientos y sentimientos en una variedad de situaciones. Para cada ítem, indique cuán bien la declaración lo/a describe.&lt;/p&gt;&#13;
&#13;
&lt;p&gt;No me describe bien A ― B ― C ― D ― E Me describe muy bien. &lt;/p&gt;</text>
      <subQuestion varName="IRI1_IRI01">
        <text>Con cierta frecuencia sueño despierto y fantaseo sobre cosas que podrían pasarme .</text>
      </subQuestion>
      <subQuestion varName="IRI1_IRI02">
        <text>A menudo tengo sentimientos de compasión y preocupación hacia gente menos afortunada que yo.</text>
      </subQuestion>
      <subQuestion varName="IRI1_IRI03">
        <text>A veces encuentro difícil ver las cosas desde el punto de vista de otros.</text>
      </subQuestion>
      <subQuestion varName="IRI1_IRI04">
        <text>A veces no me dan mucha lástima otras personas cuando tienen problemas.</text>
      </subQuestion>
      <subQuestion varName="IRI1_IRI05">
        <text>Realmente me siento “metido/a” en los sentimientos de los personajes de una novela.</text>
      </subQuestion>
      <subQuestion varName="IRI1_IRI06">
        <text>En situaciones de emergencia, me siento aprensivo e incómodo.</text>
      </subQuestion>
      <subQuestion varName="IRI1_IRI07">
        <text>Generalmente soy objetivo cuando veo una película o una obra de teatro y no me suelo “meter” completamente en ella.</text>
      </subQuestion>
      <subQuestion varName="IRI1_IRI08">
        <text>En un desacuerdo con otros, trato de ver las cosas desde el punto de vista de los demás antes de tomar una decisión. .</text>
      </subQuestion>
      <subQuestion varName="IRI1_IRI09">
        <text>Cuando veo que se aprovechan de alguien, siento necesidad de protegerle.</text>
      </subQuestion>
      <subQuestion varName="IRI1_IRI10">
        <text>A veces me siento indefenso/a cuando estoy en medio de una situación muy emotiva.</text>
      </subQuestion>
      <response varName="IRI1">
        <fixed>
          <category>
            <label>A- No me describe bien</label>
            <value>IRI01</value>
          </category>
          <category>
            <label>B</label>
            <value>IRI02</value>
          </category>
          <category>
            <label>C</label>
            <value>IRI03</value>
          </category>
          <category>
            <label>D</label>
            <value>IRI04</value>
          </category>
          <category>
            <label>E - Me describe muy bien</label>
            <value>IRI05</value>
          </category>
        </fixed>
      </response>
    </question>
    <question>
      <subQuestion varName="IRI2_IRI11">
        <text>A veces intento comprender mejor a mis amigos imaginando cómo ven las cosas desde su perspectiva.</text>
      </subQuestion>
      <subQuestion varName="IRI2_IRI12">
        <text>Es raro que yo me “meta” mucho en un buen libro o en una película.</text>
      </subQuestion>
      <subQuestion varName="IRI2_IRI13">
        <text>Cuando veo que alguien se hace daño, tiendo a permanecer tranquilo.</text>
      </subQuestion>
      <subQuestion varName="IRI2_IRI14">
        <text>Las desgracias de otros no suelen angustiarme mucho.</text>
      </subQuestion>
      <subQuestion varName="IRI2_IRI15">
        <text>Si estoy seguro/a que tengo la razón en algo, no pierdo mucho tiempo escuchando los argumentos de otras personas.</text>
      </subQuestion>
      <subQuestion varName="IRI2_IRI16">
        <text>Después de ver una obra de teatro o una película, me siento como si fuese uno de los protagonistas.</text>
      </subQuestion>
      <subQuestion varName="IRI2_IRI17">
        <text>Me asusta estar en una situación emocional tensa.</text>
      </subQuestion>
      <subQuestion varName="IRI2_IRI18">
        <text>Cuando veo que alguien está siendo tratado injustamente, no suelo sentir mucha pena por él.</text>
      </subQuestion>
      <subQuestion varName="IRI2_IRI19">
        <text>Generalmente soy bastante efectivo afrontando emergencias.</text>
      </subQuestion>
      <response varName="IRI2">
        <fixed>
          <category>
            <label>A- No me describe bien</label>
            <value>IRI01</value>
          </category>
          <category>
            <label>B</label>
            <value>IRI02</value>
          </category>
          <category>
            <label>C</label>
            <value>IRI03</value>
          </category>
          <category>
            <label>D</label>
            <value>IRI04</value>
          </category>
          <category>
            <label>E - Me describe muy bien</label>
            <value>IRI05</value>
          </category>
        </fixed>
      </response>
    </question>
    <question>
      <subQuestion varName="IRI3_IRI20">
        <text>A menudo me conmueven las cosas que veo que pasan.</text>
      </subQuestion>
      <subQuestion varName="IRI3_IRI21">
        <text>Creo que todas las cuestiones se pueden ver desde dos perspectivas e intento considerar ambas.</text>
      </subQuestion>
      <subQuestion varName="IRI3_IRI22">
        <text>Me describiría como una persona bastante sensible.</text>
      </subQuestion>
      <subQuestion varName="IRI3_IRI23">
        <text>Cuando veo una buena película, puedo ponerme muy fácilmente en el lugar del protagonista.</text>
      </subQuestion>
      <subQuestion varName="IRI3_IRI24">
        <text>Tiendo a perder el control en las emergencias.</text>
      </subQuestion>
      <subQuestion varName="IRI3_IRI25">
        <text>Cuando estoy molesto con alguien, generalmente trato de “ponerme en su pellejo” durante un tiempo.</text>
      </subQuestion>
      <subQuestion varName="IRI3_IRI26">
        <text>Cuando estoy leyendo una novela o historia interesante, imagino cómo me sentiría si me estuviera pasando lo que ocurre en la historia.</text>
      </subQuestion>
      <subQuestion varName="IRI3_IRI27">
        <text>Cuando veo a alguien en una emergencia que necesita ayuda, pierdo el control.</text>
      </subQuestion>
      <subQuestion varName="IRI3_IRI28">
        <text>Antes de criticar a alguien, intento imaginar cómo me sentiría yo si estuviera en su lugar.</text>
      </subQuestion>
      <response varName="IRI3">
        <fixed>
          <category>
            <label>A- No me describe bien</label>
            <value>IRI01</value>
          </category>
          <category>
            <label>B</label>
            <value>IRI02</value>
          </category>
          <category>
            <label>C</label>
            <value>IRI03</value>
          </category>
          <category>
            <label>D</label>
            <value>IRI04</value>
          </category>
          <category>
            <label>E - Me describe muy bien</label>
            <value>IRI05</value>
          </category>
        </fixed>
      </response>
    </question>
  </section>
</questionnaire>
