<?xml version="1.0" encoding="UTF-8"?>
<questionnaire id="658421">
  <title>INECO FRONTAL SCREENING</title>
  <investigator/>
  <dataCollector/>
  <section id="277">
    <sectionInfo>
      <position>title</position>
      <text>Preguntas</text>
      <administration>self</administration>
    </sectionInfo>
    <question>
      <text>RUT (sin puntos, guión ni dígito verificador. Ejemplo si el rut es 17.736.727-1 escribir 17736727):</text>
      <response varName="RUT">
        <free>
          <format>integer</format>
          <length>8</length>
          <label/>
        </free>
      </response>
    </question>
    <question>
      <text>El entrevistador debe llenar los puntajes correspondientes a cada item.</text>
      <subQuestion varName="IFS_IFS01">
        <text>SERIES MOTORAS (Max 3 pts)</text>
      </subQuestion>
      <subQuestion varName="IFS_IFS02">
        <text>INSTRUCCIONES CONFLICTIVAS  (Max 3 pts)</text>
      </subQuestion>
      <subQuestion varName="IFS_IFS03">
        <text>CONTROL INHIBITORIO MOTOR  (Max 3 pts)</text>
      </subQuestion>
      <subQuestion varName="IFS_IFS04">
        <text>RETENCION DIGITOS ATRAS  (Max 6 pts)</text>
      </subQuestion>
      <subQuestion varName="IFS_IFS05">
        <text>MESES ATRAS  (Max 2 pts)</text>
      </subQuestion>
      <subQuestion varName="IFS_IFS06">
        <text>MEMORIA TRABAJO VISUAL  (Max 4 pts)</text>
      </subQuestion>
      <response varName="IFS">
        <free>
          <format>integer</format>
          <length>1</length>
          <label/>
        </free>
      </response>
    </question>
    <question>
      <text>&lt;p&gt;Refran 1 (escribir respuesta)&lt;/p&gt;</text>
      <response varName="Refran1">
        <free>
          <format>text</format>
          <length>24</length>
          <label/>
        </free>
      </response>
    </question>
    <question>
      <text>&lt;p&gt;Refran 2 (escribir respuesta)&lt;/p&gt;</text>
      <response varName="Refran2">
        <free>
          <format>text</format>
          <length>24</length>
          <label/>
        </free>
      </response>
    </question>
    <question>
      <text>&lt;p&gt;Refrán 3 (escribir respuesta)&lt;/p&gt;</text>
      <response varName="Refran3">
        <free>
          <format>text</format>
          <length>24</length>
          <label/>
        </free>
      </response>
    </question>
    <question>
      <text>&lt;p&gt;Palabra inhibición 1 (anotar respuesta)&lt;/p&gt;</text>
      <response varName="Inhibicion1">
        <free>
          <format>text</format>
          <length>24</length>
          <label/>
        </free>
      </response>
    </question>
    <question>
      <text>&lt;p&gt;Palabra inhibición 2 (anotar respuesta)&lt;/p&gt;</text>
      <response varName="Inhibicion2">
        <free>
          <format>text</format>
          <length>24</length>
          <label/>
        </free>
      </response>
    </question>
    <question>
      <text>&lt;p&gt;Palabra inhibición 3 (anotar respuesta) &lt;/p&gt;</text>
      <response varName="Inhibicion3">
        <free>
          <format>text</format>
          <length>24</length>
          <label/>
        </free>
      </response>
    </question>
  </section>
</questionnaire>
