<?xml version="1.0"?>
<queXF>
  <questionnaire>
    <id>658421</id>
    <section id="1">
      <label>Preguntas</label>
      <title>Section A</title>
    </section>
    <page>
      <id>65842101</id>
      <tlx>283</tlx>
      <tly>283</tly>
      <trx>2197</trx>
      <try>283</try>
      <brx>2197</brx>
      <bry>3224</bry>
      <blx>283</blx>
      <bly>3224</bly>
      <rotation>0</rotation>
      <boxgroup>
        <type>4</type>
        <width>8</width>
        <varname>RUT</varname>
        <sortorder>1</sortorder>
        <label>RUT (sin puntos, gui&#xF3;n ni d&#xED;gito verificador. Ejemplo si el rut es 17.736.727-1 escribir 17736727):</label>
        <groupsection idref="1"/>
        <box>
          <tlx>1515</tlx>
          <tly>509</tly>
          <brx>1586</brx>
          <bry>603</bry>
          <value></value>
          <label></label>
        </box>
        <box>
          <tlx>1588</tlx>
          <tly>509</tly>
          <brx>1659</brx>
          <bry>603</bry>
          <value></value>
          <label></label>
        </box>
        <box>
          <tlx>1661</tlx>
          <tly>509</tly>
          <brx>1731</brx>
          <bry>603</bry>
          <value></value>
          <label></label>
        </box>
        <box>
          <tlx>1733</tlx>
          <tly>509</tly>
          <brx>1804</brx>
          <bry>603</bry>
          <value></value>
          <label></label>
        </box>
        <box>
          <tlx>1806</tlx>
          <tly>509</tly>
          <brx>1877</brx>
          <bry>603</bry>
          <value></value>
          <label></label>
        </box>
        <box>
          <tlx>1879</tlx>
          <tly>509</tly>
          <brx>1949</brx>
          <bry>603</bry>
          <value></value>
          <label></label>
        </box>
        <box>
          <tlx>1951</tlx>
          <tly>509</tly>
          <brx>2022</brx>
          <bry>603</bry>
          <value></value>
          <label></label>
        </box>
        <box>
          <tlx>2024</tlx>
          <tly>509</tly>
          <brx>2095</brx>
          <bry>603</bry>
          <value></value>
          <label></label>
        </box>
      </boxgroup>
      <boxgroup>
        <type>4</type>
        <width>1</width>
        <varname>IFS_IFS01</varname>
        <sortorder>2</sortorder>
        <label>El entrevistador debe llenar los puntajes correspondientes a cada item. : SERIES MOTORAS (Max 3 pts)</label>
        <groupsection idref="1"/>
        <box>
          <tlx>2024</tlx>
          <tly>764</tly>
          <brx>2095</brx>
          <bry>858</bry>
          <value></value>
          <label></label>
        </box>
      </boxgroup>
      <boxgroup>
        <type>4</type>
        <width>1</width>
        <varname>IFS_IFS02</varname>
        <sortorder>3</sortorder>
        <label>El entrevistador debe llenar los puntajes correspondientes a cada item. : INSTRUCCIONES CONFLICTIVAS  (Max 3 pts)</label>
        <groupsection idref="1"/>
        <box>
          <tlx>2024</tlx>
          <tly>882</tly>
          <brx>2095</brx>
          <bry>976</bry>
          <value></value>
          <label></label>
        </box>
      </boxgroup>
      <boxgroup>
        <type>4</type>
        <width>1</width>
        <varname>IFS_IFS03</varname>
        <sortorder>4</sortorder>
        <label>El entrevistador debe llenar los puntajes correspondientes a cada item. : CONTROL INHIBITORIO MOTOR  (Max 3 pts)</label>
        <groupsection idref="1"/>
        <box>
          <tlx>2024</tlx>
          <tly>1000</tly>
          <brx>2095</brx>
          <bry>1094</bry>
          <value></value>
          <label></label>
        </box>
      </boxgroup>
      <boxgroup>
        <type>4</type>
        <width>1</width>
        <varname>IFS_IFS04</varname>
        <sortorder>5</sortorder>
        <label>El entrevistador debe llenar los puntajes correspondientes a cada item. : RETENCION DIGITOS ATRAS  (Max 6 pts)</label>
        <groupsection idref="1"/>
        <box>
          <tlx>2024</tlx>
          <tly>1118</tly>
          <brx>2095</brx>
          <bry>1213</bry>
          <value></value>
          <label></label>
        </box>
      </boxgroup>
      <boxgroup>
        <type>4</type>
        <width>1</width>
        <varname>IFS_IFS05</varname>
        <sortorder>6</sortorder>
        <label>El entrevistador debe llenar los puntajes correspondientes a cada item. : MESES ATRAS  (Max 2 pts)</label>
        <groupsection idref="1"/>
        <box>
          <tlx>2024</tlx>
          <tly>1236</tly>
          <brx>2095</brx>
          <bry>1331</bry>
          <value></value>
          <label></label>
        </box>
      </boxgroup>
      <boxgroup>
        <type>4</type>
        <width>1</width>
        <varname>IFS_IFS06</varname>
        <sortorder>7</sortorder>
        <label>El entrevistador debe llenar los puntajes correspondientes a cada item. : MEMORIA TRABAJO VISUAL  (Max 4 pts)</label>
        <groupsection idref="1"/>
        <box>
          <tlx>2024</tlx>
          <tly>1354</tly>
          <brx>2095</brx>
          <bry>1449</bry>
          <value></value>
          <label></label>
        </box>
      </boxgroup>
      <boxgroup>
        <type>3</type>
        <width>24</width>
        <varname>Refran1</varname>
        <sortorder>8</sortorder>
        <label>&lt;p&gt;Refran 1 (escribir respuesta)&lt;/p&gt;</label>
        <groupsection idref="1"/>
        <box>
          <tlx>353</tlx>
          <tly>1547</tly>
          <brx>424</brx>
          <bry>1641</bry>
          <value></value>
          <label></label>
        </box>
        <box>
          <tlx>426</tlx>
          <tly>1547</tly>
          <brx>497</brx>
          <bry>1641</bry>
          <value></value>
          <label></label>
        </box>
        <box>
          <tlx>498</tlx>
          <tly>1547</tly>
          <brx>569</brx>
          <bry>1641</bry>
          <value></value>
          <label></label>
        </box>
        <box>
          <tlx>571</tlx>
          <tly>1547</tly>
          <brx>642</brx>
          <bry>1641</bry>
          <value></value>
          <label></label>
        </box>
        <box>
          <tlx>644</tlx>
          <tly>1547</tly>
          <brx>715</brx>
          <bry>1641</bry>
          <value></value>
          <label></label>
        </box>
        <box>
          <tlx>716</tlx>
          <tly>1547</tly>
          <brx>787</brx>
          <bry>1641</bry>
          <value></value>
          <label></label>
        </box>
        <box>
          <tlx>789</tlx>
          <tly>1547</tly>
          <brx>860</brx>
          <bry>1641</bry>
          <value></value>
          <label></label>
        </box>
        <box>
          <tlx>862</tlx>
          <tly>1547</tly>
          <brx>932</brx>
          <bry>1641</bry>
          <value></value>
          <label></label>
        </box>
        <box>
          <tlx>934</tlx>
          <tly>1547</tly>
          <brx>1005</brx>
          <bry>1641</bry>
          <value></value>
          <label></label>
        </box>
        <box>
          <tlx>1007</tlx>
          <tly>1547</tly>
          <brx>1078</brx>
          <bry>1641</bry>
          <value></value>
          <label></label>
        </box>
        <box>
          <tlx>1080</tlx>
          <tly>1547</tly>
          <brx>1150</brx>
          <bry>1641</bry>
          <value></value>
          <label></label>
        </box>
        <box>
          <tlx>1152</tlx>
          <tly>1547</tly>
          <brx>1223</brx>
          <bry>1641</bry>
          <value></value>
          <label></label>
        </box>
        <box>
          <tlx>1225</tlx>
          <tly>1547</tly>
          <brx>1296</brx>
          <bry>1641</bry>
          <value></value>
          <label></label>
        </box>
        <box>
          <tlx>1297</tlx>
          <tly>1547</tly>
          <brx>1368</brx>
          <bry>1641</bry>
          <value></value>
          <label></label>
        </box>
        <box>
          <tlx>1370</tlx>
          <tly>1547</tly>
          <brx>1441</brx>
          <bry>1641</bry>
          <value></value>
          <label></label>
        </box>
        <box>
          <tlx>1443</tlx>
          <tly>1547</tly>
          <brx>1514</brx>
          <bry>1641</bry>
          <value></value>
          <label></label>
        </box>
        <box>
          <tlx>1515</tlx>
          <tly>1547</tly>
          <brx>1586</brx>
          <bry>1641</bry>
          <value></value>
          <label></label>
        </box>
        <box>
          <tlx>1588</tlx>
          <tly>1547</tly>
          <brx>1659</brx>
          <bry>1641</bry>
          <value></value>
          <label></label>
        </box>
        <box>
          <tlx>1661</tlx>
          <tly>1547</tly>
          <brx>1731</brx>
          <bry>1641</bry>
          <value></value>
          <label></label>
        </box>
        <box>
          <tlx>1733</tlx>
          <tly>1547</tly>
          <brx>1804</brx>
          <bry>1641</bry>
          <value></value>
          <label></label>
        </box>
        <box>
          <tlx>1806</tlx>
          <tly>1547</tly>
          <brx>1877</brx>
          <bry>1641</bry>
          <value></value>
          <label></label>
        </box>
        <box>
          <tlx>1879</tlx>
          <tly>1547</tly>
          <brx>1949</brx>
          <bry>1641</bry>
          <value></value>
          <label></label>
        </box>
        <box>
          <tlx>1951</tlx>
          <tly>1547</tly>
          <brx>2022</brx>
          <bry>1641</bry>
          <value></value>
          <label></label>
        </box>
        <box>
          <tlx>2024</tlx>
          <tly>1547</tly>
          <brx>2095</brx>
          <bry>1641</bry>
          <value></value>
          <label></label>
        </box>
      </boxgroup>
      <boxgroup>
        <type>3</type>
        <width>24</width>
        <varname>Refran2</varname>
        <sortorder>9</sortorder>
        <label>&lt;p&gt;Refran 2 (escribir respuesta)&lt;/p&gt;</label>
        <groupsection idref="1"/>
        <box>
          <tlx>353</tlx>
          <tly>1739</tly>
          <brx>424</brx>
          <bry>1834</bry>
          <value></value>
          <label></label>
        </box>
        <box>
          <tlx>426</tlx>
          <tly>1739</tly>
          <brx>497</brx>
          <bry>1834</bry>
          <value></value>
          <label></label>
        </box>
        <box>
          <tlx>498</tlx>
          <tly>1739</tly>
          <brx>569</brx>
          <bry>1834</bry>
          <value></value>
          <label></label>
        </box>
        <box>
          <tlx>571</tlx>
          <tly>1739</tly>
          <brx>642</brx>
          <bry>1834</bry>
          <value></value>
          <label></label>
        </box>
        <box>
          <tlx>644</tlx>
          <tly>1739</tly>
          <brx>715</brx>
          <bry>1834</bry>
          <value></value>
          <label></label>
        </box>
        <box>
          <tlx>716</tlx>
          <tly>1739</tly>
          <brx>787</brx>
          <bry>1834</bry>
          <value></value>
          <label></label>
        </box>
        <box>
          <tlx>789</tlx>
          <tly>1739</tly>
          <brx>860</brx>
          <bry>1834</bry>
          <value></value>
          <label></label>
        </box>
        <box>
          <tlx>862</tlx>
          <tly>1739</tly>
          <brx>932</brx>
          <bry>1834</bry>
          <value></value>
          <label></label>
        </box>
        <box>
          <tlx>934</tlx>
          <tly>1739</tly>
          <brx>1005</brx>
          <bry>1834</bry>
          <value></value>
          <label></label>
        </box>
        <box>
          <tlx>1007</tlx>
          <tly>1739</tly>
          <brx>1078</brx>
          <bry>1834</bry>
          <value></value>
          <label></label>
        </box>
        <box>
          <tlx>1080</tlx>
          <tly>1739</tly>
          <brx>1150</brx>
          <bry>1834</bry>
          <value></value>
          <label></label>
        </box>
        <box>
          <tlx>1152</tlx>
          <tly>1739</tly>
          <brx>1223</brx>
          <bry>1834</bry>
          <value></value>
          <label></label>
        </box>
        <box>
          <tlx>1225</tlx>
          <tly>1739</tly>
          <brx>1296</brx>
          <bry>1834</bry>
          <value></value>
          <label></label>
        </box>
        <box>
          <tlx>1297</tlx>
          <tly>1739</tly>
          <brx>1368</brx>
          <bry>1834</bry>
          <value></value>
          <label></label>
        </box>
        <box>
          <tlx>1370</tlx>
          <tly>1739</tly>
          <brx>1441</brx>
          <bry>1834</bry>
          <value></value>
          <label></label>
        </box>
        <box>
          <tlx>1443</tlx>
          <tly>1739</tly>
          <brx>1514</brx>
          <bry>1834</bry>
          <value></value>
          <label></label>
        </box>
        <box>
          <tlx>1515</tlx>
          <tly>1739</tly>
          <brx>1586</brx>
          <bry>1834</bry>
          <value></value>
          <label></label>
        </box>
        <box>
          <tlx>1588</tlx>
          <tly>1739</tly>
          <brx>1659</brx>
          <bry>1834</bry>
          <value></value>
          <label></label>
        </box>
        <box>
          <tlx>1661</tlx>
          <tly>1739</tly>
          <brx>1731</brx>
          <bry>1834</bry>
          <value></value>
          <label></label>
        </box>
        <box>
          <tlx>1733</tlx>
          <tly>1739</tly>
          <brx>1804</brx>
          <bry>1834</bry>
          <value></value>
          <label></label>
        </box>
        <box>
          <tlx>1806</tlx>
          <tly>1739</tly>
          <brx>1877</brx>
          <bry>1834</bry>
          <value></value>
          <label></label>
        </box>
        <box>
          <tlx>1879</tlx>
          <tly>1739</tly>
          <brx>1949</brx>
          <bry>1834</bry>
          <value></value>
          <label></label>
        </box>
        <box>
          <tlx>1951</tlx>
          <tly>1739</tly>
          <brx>2022</brx>
          <bry>1834</bry>
          <value></value>
          <label></label>
        </box>
        <box>
          <tlx>2024</tlx>
          <tly>1739</tly>
          <brx>2095</brx>
          <bry>1834</bry>
          <value></value>
          <label></label>
        </box>
      </boxgroup>
      <boxgroup>
        <type>3</type>
        <width>24</width>
        <varname>Refran3</varname>
        <sortorder>10</sortorder>
        <label>&lt;p&gt;Refr&#xE1;n 3 (escribir respuesta)&lt;/p&gt;</label>
        <groupsection idref="1"/>
        <box>
          <tlx>353</tlx>
          <tly>1932</tly>
          <brx>424</brx>
          <bry>2026</bry>
          <value></value>
          <label></label>
        </box>
        <box>
          <tlx>426</tlx>
          <tly>1932</tly>
          <brx>497</brx>
          <bry>2026</bry>
          <value></value>
          <label></label>
        </box>
        <box>
          <tlx>498</tlx>
          <tly>1932</tly>
          <brx>569</brx>
          <bry>2026</bry>
          <value></value>
          <label></label>
        </box>
        <box>
          <tlx>571</tlx>
          <tly>1932</tly>
          <brx>642</brx>
          <bry>2026</bry>
          <value></value>
          <label></label>
        </box>
        <box>
          <tlx>644</tlx>
          <tly>1932</tly>
          <brx>715</brx>
          <bry>2026</bry>
          <value></value>
          <label></label>
        </box>
        <box>
          <tlx>716</tlx>
          <tly>1932</tly>
          <brx>787</brx>
          <bry>2026</bry>
          <value></value>
          <label></label>
        </box>
        <box>
          <tlx>789</tlx>
          <tly>1932</tly>
          <brx>860</brx>
          <bry>2026</bry>
          <value></value>
          <label></label>
        </box>
        <box>
          <tlx>862</tlx>
          <tly>1932</tly>
          <brx>932</brx>
          <bry>2026</bry>
          <value></value>
          <label></label>
        </box>
        <box>
          <tlx>934</tlx>
          <tly>1932</tly>
          <brx>1005</brx>
          <bry>2026</bry>
          <value></value>
          <label></label>
        </box>
        <box>
          <tlx>1007</tlx>
          <tly>1932</tly>
          <brx>1078</brx>
          <bry>2026</bry>
          <value></value>
          <label></label>
        </box>
        <box>
          <tlx>1080</tlx>
          <tly>1932</tly>
          <brx>1150</brx>
          <bry>2026</bry>
          <value></value>
          <label></label>
        </box>
        <box>
          <tlx>1152</tlx>
          <tly>1932</tly>
          <brx>1223</brx>
          <bry>2026</bry>
          <value></value>
          <label></label>
        </box>
        <box>
          <tlx>1225</tlx>
          <tly>1932</tly>
          <brx>1296</brx>
          <bry>2026</bry>
          <value></value>
          <label></label>
        </box>
        <box>
          <tlx>1297</tlx>
          <tly>1932</tly>
          <brx>1368</brx>
          <bry>2026</bry>
          <value></value>
          <label></label>
        </box>
        <box>
          <tlx>1370</tlx>
          <tly>1932</tly>
          <brx>1441</brx>
          <bry>2026</bry>
          <value></value>
          <label></label>
        </box>
        <box>
          <tlx>1443</tlx>
          <tly>1932</tly>
          <brx>1514</brx>
          <bry>2026</bry>
          <value></value>
          <label></label>
        </box>
        <box>
          <tlx>1515</tlx>
          <tly>1932</tly>
          <brx>1586</brx>
          <bry>2026</bry>
          <value></value>
          <label></label>
        </box>
        <box>
          <tlx>1588</tlx>
          <tly>1932</tly>
          <brx>1659</brx>
          <bry>2026</bry>
          <value></value>
          <label></label>
        </box>
        <box>
          <tlx>1661</tlx>
          <tly>1932</tly>
          <brx>1731</brx>
          <bry>2026</bry>
          <value></value>
          <label></label>
        </box>
        <box>
          <tlx>1733</tlx>
          <tly>1932</tly>
          <brx>1804</brx>
          <bry>2026</bry>
          <value></value>
          <label></label>
        </box>
        <box>
          <tlx>1806</tlx>
          <tly>1932</tly>
          <brx>1877</brx>
          <bry>2026</bry>
          <value></value>
          <label></label>
        </box>
        <box>
          <tlx>1879</tlx>
          <tly>1932</tly>
          <brx>1949</brx>
          <bry>2026</bry>
          <value></value>
          <label></label>
        </box>
        <box>
          <tlx>1951</tlx>
          <tly>1932</tly>
          <brx>2022</brx>
          <bry>2026</bry>
          <value></value>
          <label></label>
        </box>
        <box>
          <tlx>2024</tlx>
          <tly>1932</tly>
          <brx>2095</brx>
          <bry>2026</bry>
          <value></value>
          <label></label>
        </box>
      </boxgroup>
      <boxgroup>
        <type>3</type>
        <width>24</width>
        <varname>Inhibicion1</varname>
        <sortorder>11</sortorder>
        <label>&lt;p&gt;Palabra inhibici&#xF3;n 1 (anotar respuesta)&lt;/p&gt;</label>
        <groupsection idref="1"/>
        <box>
          <tlx>353</tlx>
          <tly>2124</tly>
          <brx>424</brx>
          <bry>2219</bry>
          <value></value>
          <label></label>
        </box>
        <box>
          <tlx>426</tlx>
          <tly>2124</tly>
          <brx>497</brx>
          <bry>2219</bry>
          <value></value>
          <label></label>
        </box>
        <box>
          <tlx>498</tlx>
          <tly>2124</tly>
          <brx>569</brx>
          <bry>2219</bry>
          <value></value>
          <label></label>
        </box>
        <box>
          <tlx>571</tlx>
          <tly>2124</tly>
          <brx>642</brx>
          <bry>2219</bry>
          <value></value>
          <label></label>
        </box>
        <box>
          <tlx>644</tlx>
          <tly>2124</tly>
          <brx>715</brx>
          <bry>2219</bry>
          <value></value>
          <label></label>
        </box>
        <box>
          <tlx>716</tlx>
          <tly>2124</tly>
          <brx>787</brx>
          <bry>2219</bry>
          <value></value>
          <label></label>
        </box>
        <box>
          <tlx>789</tlx>
          <tly>2124</tly>
          <brx>860</brx>
          <bry>2219</bry>
          <value></value>
          <label></label>
        </box>
        <box>
          <tlx>862</tlx>
          <tly>2124</tly>
          <brx>932</brx>
          <bry>2219</bry>
          <value></value>
          <label></label>
        </box>
        <box>
          <tlx>934</tlx>
          <tly>2124</tly>
          <brx>1005</brx>
          <bry>2219</bry>
          <value></value>
          <label></label>
        </box>
        <box>
          <tlx>1007</tlx>
          <tly>2124</tly>
          <brx>1078</brx>
          <bry>2219</bry>
          <value></value>
          <label></label>
        </box>
        <box>
          <tlx>1080</tlx>
          <tly>2124</tly>
          <brx>1150</brx>
          <bry>2219</bry>
          <value></value>
          <label></label>
        </box>
        <box>
          <tlx>1152</tlx>
          <tly>2124</tly>
          <brx>1223</brx>
          <bry>2219</bry>
          <value></value>
          <label></label>
        </box>
        <box>
          <tlx>1225</tlx>
          <tly>2124</tly>
          <brx>1296</brx>
          <bry>2219</bry>
          <value></value>
          <label></label>
        </box>
        <box>
          <tlx>1297</tlx>
          <tly>2124</tly>
          <brx>1368</brx>
          <bry>2219</bry>
          <value></value>
          <label></label>
        </box>
        <box>
          <tlx>1370</tlx>
          <tly>2124</tly>
          <brx>1441</brx>
          <bry>2219</bry>
          <value></value>
          <label></label>
        </box>
        <box>
          <tlx>1443</tlx>
          <tly>2124</tly>
          <brx>1514</brx>
          <bry>2219</bry>
          <value></value>
          <label></label>
        </box>
        <box>
          <tlx>1515</tlx>
          <tly>2124</tly>
          <brx>1586</brx>
          <bry>2219</bry>
          <value></value>
          <label></label>
        </box>
        <box>
          <tlx>1588</tlx>
          <tly>2124</tly>
          <brx>1659</brx>
          <bry>2219</bry>
          <value></value>
          <label></label>
        </box>
        <box>
          <tlx>1661</tlx>
          <tly>2124</tly>
          <brx>1731</brx>
          <bry>2219</bry>
          <value></value>
          <label></label>
        </box>
        <box>
          <tlx>1733</tlx>
          <tly>2124</tly>
          <brx>1804</brx>
          <bry>2219</bry>
          <value></value>
          <label></label>
        </box>
        <box>
          <tlx>1806</tlx>
          <tly>2124</tly>
          <brx>1877</brx>
          <bry>2219</bry>
          <value></value>
          <label></label>
        </box>
        <box>
          <tlx>1879</tlx>
          <tly>2124</tly>
          <brx>1949</brx>
          <bry>2219</bry>
          <value></value>
          <label></label>
        </box>
        <box>
          <tlx>1951</tlx>
          <tly>2124</tly>
          <brx>2022</brx>
          <bry>2219</bry>
          <value></value>
          <label></label>
        </box>
        <box>
          <tlx>2024</tlx>
          <tly>2124</tly>
          <brx>2095</brx>
          <bry>2219</bry>
          <value></value>
          <label></label>
        </box>
      </boxgroup>
      <boxgroup>
        <type>3</type>
        <width>24</width>
        <varname>Inhibicion2</varname>
        <sortorder>12</sortorder>
        <label>&lt;p&gt;Palabra inhibici&#xF3;n 2 (anotar respuesta)&lt;/p&gt;</label>
        <groupsection idref="1"/>
        <box>
          <tlx>353</tlx>
          <tly>2316</tly>
          <brx>424</brx>
          <bry>2411</bry>
          <value></value>
          <label></label>
        </box>
        <box>
          <tlx>426</tlx>
          <tly>2316</tly>
          <brx>497</brx>
          <bry>2411</bry>
          <value></value>
          <label></label>
        </box>
        <box>
          <tlx>498</tlx>
          <tly>2316</tly>
          <brx>569</brx>
          <bry>2411</bry>
          <value></value>
          <label></label>
        </box>
        <box>
          <tlx>571</tlx>
          <tly>2316</tly>
          <brx>642</brx>
          <bry>2411</bry>
          <value></value>
          <label></label>
        </box>
        <box>
          <tlx>644</tlx>
          <tly>2316</tly>
          <brx>715</brx>
          <bry>2411</bry>
          <value></value>
          <label></label>
        </box>
        <box>
          <tlx>716</tlx>
          <tly>2316</tly>
          <brx>787</brx>
          <bry>2411</bry>
          <value></value>
          <label></label>
        </box>
        <box>
          <tlx>789</tlx>
          <tly>2316</tly>
          <brx>860</brx>
          <bry>2411</bry>
          <value></value>
          <label></label>
        </box>
        <box>
          <tlx>862</tlx>
          <tly>2316</tly>
          <brx>932</brx>
          <bry>2411</bry>
          <value></value>
          <label></label>
        </box>
        <box>
          <tlx>934</tlx>
          <tly>2316</tly>
          <brx>1005</brx>
          <bry>2411</bry>
          <value></value>
          <label></label>
        </box>
        <box>
          <tlx>1007</tlx>
          <tly>2316</tly>
          <brx>1078</brx>
          <bry>2411</bry>
          <value></value>
          <label></label>
        </box>
        <box>
          <tlx>1080</tlx>
          <tly>2316</tly>
          <brx>1150</brx>
          <bry>2411</bry>
          <value></value>
          <label></label>
        </box>
        <box>
          <tlx>1152</tlx>
          <tly>2316</tly>
          <brx>1223</brx>
          <bry>2411</bry>
          <value></value>
          <label></label>
        </box>
        <box>
          <tlx>1225</tlx>
          <tly>2316</tly>
          <brx>1296</brx>
          <bry>2411</bry>
          <value></value>
          <label></label>
        </box>
        <box>
          <tlx>1297</tlx>
          <tly>2316</tly>
          <brx>1368</brx>
          <bry>2411</bry>
          <value></value>
          <label></label>
        </box>
        <box>
          <tlx>1370</tlx>
          <tly>2316</tly>
          <brx>1441</brx>
          <bry>2411</bry>
          <value></value>
          <label></label>
        </box>
        <box>
          <tlx>1443</tlx>
          <tly>2316</tly>
          <brx>1514</brx>
          <bry>2411</bry>
          <value></value>
          <label></label>
        </box>
        <box>
          <tlx>1515</tlx>
          <tly>2316</tly>
          <brx>1586</brx>
          <bry>2411</bry>
          <value></value>
          <label></label>
        </box>
        <box>
          <tlx>1588</tlx>
          <tly>2316</tly>
          <brx>1659</brx>
          <bry>2411</bry>
          <value></value>
          <label></label>
        </box>
        <box>
          <tlx>1661</tlx>
          <tly>2316</tly>
          <brx>1731</brx>
          <bry>2411</bry>
          <value></value>
          <label></label>
        </box>
        <box>
          <tlx>1733</tlx>
          <tly>2316</tly>
          <brx>1804</brx>
          <bry>2411</bry>
          <value></value>
          <label></label>
        </box>
        <box>
          <tlx>1806</tlx>
          <tly>2316</tly>
          <brx>1877</brx>
          <bry>2411</bry>
          <value></value>
          <label></label>
        </box>
        <box>
          <tlx>1879</tlx>
          <tly>2316</tly>
          <brx>1949</brx>
          <bry>2411</bry>
          <value></value>
          <label></label>
        </box>
        <box>
          <tlx>1951</tlx>
          <tly>2316</tly>
          <brx>2022</brx>
          <bry>2411</bry>
          <value></value>
          <label></label>
        </box>
        <box>
          <tlx>2024</tlx>
          <tly>2316</tly>
          <brx>2095</brx>
          <bry>2411</bry>
          <value></value>
          <label></label>
        </box>
      </boxgroup>
      <boxgroup>
        <type>3</type>
        <width>24</width>
        <varname>Inhibicion3</varname>
        <sortorder>13</sortorder>
        <label>&lt;p&gt;Palabra inhibici&#xF3;n 3 (anotar respuesta) &lt;/p&gt;</label>
        <groupsection idref="1"/>
        <box>
          <tlx>353</tlx>
          <tly>2509</tly>
          <brx>424</brx>
          <bry>2603</bry>
          <value></value>
          <label></label>
        </box>
        <box>
          <tlx>426</tlx>
          <tly>2509</tly>
          <brx>497</brx>
          <bry>2603</bry>
          <value></value>
          <label></label>
        </box>
        <box>
          <tlx>498</tlx>
          <tly>2509</tly>
          <brx>569</brx>
          <bry>2603</bry>
          <value></value>
          <label></label>
        </box>
        <box>
          <tlx>571</tlx>
          <tly>2509</tly>
          <brx>642</brx>
          <bry>2603</bry>
          <value></value>
          <label></label>
        </box>
        <box>
          <tlx>644</tlx>
          <tly>2509</tly>
          <brx>715</brx>
          <bry>2603</bry>
          <value></value>
          <label></label>
        </box>
        <box>
          <tlx>716</tlx>
          <tly>2509</tly>
          <brx>787</brx>
          <bry>2603</bry>
          <value></value>
          <label></label>
        </box>
        <box>
          <tlx>789</tlx>
          <tly>2509</tly>
          <brx>860</brx>
          <bry>2603</bry>
          <value></value>
          <label></label>
        </box>
        <box>
          <tlx>862</tlx>
          <tly>2509</tly>
          <brx>932</brx>
          <bry>2603</bry>
          <value></value>
          <label></label>
        </box>
        <box>
          <tlx>934</tlx>
          <tly>2509</tly>
          <brx>1005</brx>
          <bry>2603</bry>
          <value></value>
          <label></label>
        </box>
        <box>
          <tlx>1007</tlx>
          <tly>2509</tly>
          <brx>1078</brx>
          <bry>2603</bry>
          <value></value>
          <label></label>
        </box>
        <box>
          <tlx>1080</tlx>
          <tly>2509</tly>
          <brx>1150</brx>
          <bry>2603</bry>
          <value></value>
          <label></label>
        </box>
        <box>
          <tlx>1152</tlx>
          <tly>2509</tly>
          <brx>1223</brx>
          <bry>2603</bry>
          <value></value>
          <label></label>
        </box>
        <box>
          <tlx>1225</tlx>
          <tly>2509</tly>
          <brx>1296</brx>
          <bry>2603</bry>
          <value></value>
          <label></label>
        </box>
        <box>
          <tlx>1297</tlx>
          <tly>2509</tly>
          <brx>1368</brx>
          <bry>2603</bry>
          <value></value>
          <label></label>
        </box>
        <box>
          <tlx>1370</tlx>
          <tly>2509</tly>
          <brx>1441</brx>
          <bry>2603</bry>
          <value></value>
          <label></label>
        </box>
        <box>
          <tlx>1443</tlx>
          <tly>2509</tly>
          <brx>1514</brx>
          <bry>2603</bry>
          <value></value>
          <label></label>
        </box>
        <box>
          <tlx>1515</tlx>
          <tly>2509</tly>
          <brx>1586</brx>
          <bry>2603</bry>
          <value></value>
          <label></label>
        </box>
        <box>
          <tlx>1588</tlx>
          <tly>2509</tly>
          <brx>1659</brx>
          <bry>2603</bry>
          <value></value>
          <label></label>
        </box>
        <box>
          <tlx>1661</tlx>
          <tly>2509</tly>
          <brx>1731</brx>
          <bry>2603</bry>
          <value></value>
          <label></label>
        </box>
        <box>
          <tlx>1733</tlx>
          <tly>2509</tly>
          <brx>1804</brx>
          <bry>2603</bry>
          <value></value>
          <label></label>
        </box>
        <box>
          <tlx>1806</tlx>
          <tly>2509</tly>
          <brx>1877</brx>
          <bry>2603</bry>
          <value></value>
          <label></label>
        </box>
        <box>
          <tlx>1879</tlx>
          <tly>2509</tly>
          <brx>1949</brx>
          <bry>2603</bry>
          <value></value>
          <label></label>
        </box>
        <box>
          <tlx>1951</tlx>
          <tly>2509</tly>
          <brx>2022</brx>
          <bry>2603</bry>
          <value></value>
          <label></label>
        </box>
        <box>
          <tlx>2024</tlx>
          <tly>2509</tly>
          <brx>2095</brx>
          <bry>2603</bry>
          <value></value>
          <label></label>
        </box>
      </boxgroup>
    </page>
  </questionnaire>
</queXF>
