<?xml version="1.0" encoding="UTF-8"?>
<questionnaire id="329861">
  <title>Digitos WAIS</title>
  <investigator/>
  <dataCollector/>
  <section id="281">
    <sectionInfo>
      <position>title</position>
      <text>Preguntas</text>
      <administration>self</administration>
    </sectionInfo>
    <question>
      <text>RUT (sin puntos, guión ni dígito verificador. Ejemplo si el rut es 17.736.727-1 escribir 17736727):</text>
      <response varName="RUT">
        <free>
          <format>integer</format>
          <length>8</length>
          <label/>
        </free>
      </response>
    </question>
    <question>
      <text>&lt;p&gt;Entrevistador: Le voy a leer una serie de números y le voy a pedir que usted los memorice y me los diga en el mismo orden.&lt;/p&gt;&#13;
&#13;
&lt;p&gt;&lt;em&gt;Suspensión: después de 0 ptos en los 2 intentos de un mismo item (marcar todas las siguientes con 0).&lt;/em&gt;&lt;/p&gt;</text>
      <subQuestion varName="Directos_DD01">
        <text>(Item 1): 9 -7</text>
      </subQuestion>
      <subQuestion varName="Directos_DD02">
        <text>(Item 1): 6 -3</text>
      </subQuestion>
      <subQuestion varName="Directos_DD03">
        <text>(Item 2): 5 -8 -2</text>
      </subQuestion>
      <subQuestion varName="Directos_DD04">
        <text>(Item 2): 6 -9 -4</text>
      </subQuestion>
      <subQuestion varName="Directos_DD05">
        <text>(Item 3): 7 -2 -8 -6</text>
      </subQuestion>
      <subQuestion varName="Directos_DD06">
        <text>(Item 3): 6 -4 -3 -9</text>
      </subQuestion>
      <subQuestion varName="Directos_DD07">
        <text>(Item 4): 4 -2 -7 -3 -1</text>
      </subQuestion>
      <subQuestion varName="Directos_DD08">
        <text>(Item 4): 7 -5 -8 -3 -6</text>
      </subQuestion>
      <subQuestion varName="Directos_DD09">
        <text>(Item 5): 3 -9 -2 -4 -8 -7</text>
      </subQuestion>
      <subQuestion varName="Directos_DD10">
        <text>(Item 5): 6 - 1 -9 -4 -7 -3</text>
      </subQuestion>
      <subQuestion varName="Directos_DD11">
        <text>(Item 6): 4 -1 -7 -9 -3 -8 -6</text>
      </subQuestion>
      <subQuestion varName="Directos_DD12">
        <text>(Item 6): 6 -9 -1 -7 -4 -2 -8</text>
      </subQuestion>
      <subQuestion varName="Directos_DD13">
        <text>(Item 7): 3 -8 -2 -9 -6 -1 -7 -4</text>
      </subQuestion>
      <subQuestion varName="Directos_DD14">
        <text>(Item 7): 5 -8 -1 -3 -2 -6 -4 -7</text>
      </subQuestion>
      <subQuestion varName="Directos_DD15">
        <text>(Item 8): 2 -7 -5 -8 -6 -3 -1 -9 -4</text>
      </subQuestion>
      <subQuestion varName="Directos_DD16">
        <text>(Item 8): 7 -1 -3 -9 -4 -2 -5 -6 -8</text>
      </subQuestion>
      <response varName="Directos">
        <fixed>
          <category>
            <label>1 Pto</label>
            <value>DD1</value>
          </category>
          <category>
            <label>0 Pto</label>
            <value>DD2</value>
          </category>
        </fixed>
      </response>
    </question>
    <question>
      <text>&lt;p&gt;Entrevistador: Le voy a leer una serie de números y le voy a pedir que usted los memorice y me los diga en el orden inverso al que los dije yo. Por ejemplo si yo digo 7 - 1 usted debe decir... (1 - 7). Si yo digo 3 - 4 usted debe decir... (4 - 3).&lt;/p&gt;&#13;
&#13;
&lt;p&gt;&lt;em&gt;Suspensión: después de 0 ptos en los 2 intentos de un mismo item (marcar todas las siguientes con 0).&lt;/em&gt;&lt;/p&gt;</text>
      <subQuestion varName="Inversos_DI01">
        <text>(Item 1): 3 -1</text>
      </subQuestion>
      <subQuestion varName="Inversos_DI02">
        <text>(Item 1): 2 -4</text>
      </subQuestion>
      <subQuestion varName="Inversos_DI03">
        <text>(Item 2): 4 -6</text>
      </subQuestion>
      <subQuestion varName="Inversos_DI04">
        <text>(Item 2): 5 -7</text>
      </subQuestion>
      <subQuestion varName="Inversos_DI05">
        <text>(Item 3): 6 -2 -9</text>
      </subQuestion>
      <subQuestion varName="Inversos_DI06">
        <text>(Item 3): 4 -7 -5</text>
      </subQuestion>
      <subQuestion varName="Inversos_DI07">
        <text>(Item 4): 8 -2 -7 -9</text>
      </subQuestion>
      <subQuestion varName="Inversos_DI08">
        <text>(Item 4): 4 -9 -6 -8</text>
      </subQuestion>
      <subQuestion varName="Inversos_DI09">
        <text>(Item 5): 6 -5 -8 -4 -3</text>
      </subQuestion>
      <subQuestion varName="Inversos_DI10">
        <text>(Item 5): 1 -5 -4 -8 -6</text>
      </subQuestion>
      <subQuestion varName="Inversos_DI11">
        <text>(Item 6): 5 -3 -7 -4 -1 -8</text>
      </subQuestion>
      <subQuestion varName="Inversos_DI12">
        <text>(Item 6): 7 -2 -4 - 8 -5 -6</text>
      </subQuestion>
      <subQuestion varName="Inversos_DI13">
        <text>(Item 7): 8 -1 -4 -9 -3 -6 -2</text>
      </subQuestion>
      <subQuestion varName="Inversos_DI14">
        <text>(Item 7): 4 -7 -3 -9 -6 -2 -8</text>
      </subQuestion>
      <subQuestion varName="Inversos_DI15">
        <text>(Item 8): 9-4 -3 -7 -6 -2 -1 -8</text>
      </subQuestion>
      <subQuestion varName="Inversos_DI16">
        <text>(Item 8): 7-2 -8 -1 -5 -6 -4 -3</text>
      </subQuestion>
      <response varName="Inversos">
        <fixed>
          <category>
            <label>1 Pto</label>
            <value>DI1</value>
          </category>
          <category>
            <label>0 Pto</label>
            <value>DI2</value>
          </category>
        </fixed>
      </response>
    </question>
    <question>
      <text>&lt;p&gt;Entrevistador: Ahora, le voy a decir una lista de números en desorden y le voy a pedir que usted los ordene del menor al mayor.&lt;/p&gt;&#13;
&#13;
&lt;p&gt;&lt;em&gt;Suspensión: Luego de 0 puntos en dos intentos de un ítem.&lt;/em&gt;&lt;/p&gt;</text>
      <subQuestion varName="Secuenciacion_Sec01">
        <text>(Item 1) 1-2 (1-2)</text>
      </subQuestion>
      <subQuestion varName="Secuenciacion_Sec02">
        <text>(Item 1) 4-2 (2-4)</text>
      </subQuestion>
      <subQuestion varName="Secuenciacion_Sec03">
        <text>(Item 2) 3-1-6 (1-3-6)</text>
      </subQuestion>
      <subQuestion varName="Secuenciacion_Sec04">
        <text>(Item 2) 0-9-4 (0-4-9)</text>
      </subQuestion>
      <subQuestion varName="Secuenciacion_Sec05">
        <text>(Item 3) 8-7-9-2 (2-7-8-9)</text>
      </subQuestion>
      <subQuestion varName="Secuenciacion_Sec06">
        <text>(Item 3) 4-8-7-1 (1-4-7-8)</text>
      </subQuestion>
      <subQuestion varName="Secuenciacion_Sec07">
        <text>(Item 4) 2-6-9-1-7 (1-2-6-7-9)</text>
      </subQuestion>
      <subQuestion varName="Secuenciacion_Sec08">
        <text>(Item 4) 3-8-3-5-8 (3-3-5-8-8-)</text>
      </subQuestion>
      <subQuestion varName="Secuenciacion_Sec09">
        <text>(Item 5) 2-1-7-4-3-6 (1-2-3-4-6-7)</text>
      </subQuestion>
      <subQuestion varName="Secuenciacion_Sec10">
        <text>(Item 5) 6-2-5-2-3-4 (2-2-3-4-5-6)</text>
      </subQuestion>
      <subQuestion varName="Secuenciacion_Sec11">
        <text>(Item 6) 7-5-7-6-8-6-2 (2-5-6-6-7-7-8)</text>
      </subQuestion>
      <subQuestion varName="Secuenciacion_Sec12">
        <text>(Item 6) 4-8-2-5-4-3-5 (2-3-4-4-5-5-8)</text>
      </subQuestion>
      <subQuestion varName="Secuenciacion_Sec13">
        <text>(Item 7) 5-8-7-2-7-5-4-5 (2-4-5-5-5-7-7-8)</text>
      </subQuestion>
      <subQuestion varName="Secuenciacion_Sec14">
        <text>(Item 7) 9-4-9-7-3-0-8-4 (0-3-4-4-7-8-9-9)</text>
      </subQuestion>
      <subQuestion varName="Secuenciacion_Sec15">
        <text>(Item 8) 5-0-1-1-3-2-1-0-5 (0-0-1-1-1-2-3-5-5)</text>
      </subQuestion>
      <subQuestion varName="Secuenciacion_Sec16">
        <text>(Item 8) 2-7-1-4-8-4-2-9-6 (1-2-2-4-4-6-7-8-9)</text>
      </subQuestion>
      <response varName="Secuenciacion">
        <fixed>
          <category>
            <label>1 Pto</label>
            <value>Sec1</value>
          </category>
          <category>
            <label>0 Pto</label>
            <value>Sec2</value>
          </category>
        </fixed>
      </response>
    </question>
  </section>
</questionnaire>
