<?xml version="1.0"?>
<queXF>
  <questionnaire>
    <id>329861</id>
    <section id="1">
      <label>Preguntas</label>
      <title>Section A</title>
    </section>
    <page>
      <id>32986101</id>
      <tlx>283</tlx>
      <tly>283</tly>
      <trx>2197</trx>
      <try>283</try>
      <brx>2197</brx>
      <bry>3224</bry>
      <blx>283</blx>
      <bly>3224</bly>
      <rotation>0</rotation>
      <boxgroup>
        <type>4</type>
        <width>8</width>
        <varname>RUT</varname>
        <sortorder>1</sortorder>
        <label>RUT (sin puntos, gui&#xF3;n ni d&#xED;gito verificador. Ejemplo si el rut es 17.736.727-1 escribir 17736727):</label>
        <groupsection idref="1"/>
        <box>
          <tlx>1515</tlx>
          <tly>509</tly>
          <brx>1586</brx>
          <bry>603</bry>
          <value></value>
          <label></label>
        </box>
        <box>
          <tlx>1588</tlx>
          <tly>509</tly>
          <brx>1659</brx>
          <bry>603</bry>
          <value></value>
          <label></label>
        </box>
        <box>
          <tlx>1661</tlx>
          <tly>509</tly>
          <brx>1731</brx>
          <bry>603</bry>
          <value></value>
          <label></label>
        </box>
        <box>
          <tlx>1733</tlx>
          <tly>509</tly>
          <brx>1804</brx>
          <bry>603</bry>
          <value></value>
          <label></label>
        </box>
        <box>
          <tlx>1806</tlx>
          <tly>509</tly>
          <brx>1877</brx>
          <bry>603</bry>
          <value></value>
          <label></label>
        </box>
        <box>
          <tlx>1879</tlx>
          <tly>509</tly>
          <brx>1949</brx>
          <bry>603</bry>
          <value></value>
          <label></label>
        </box>
        <box>
          <tlx>1951</tlx>
          <tly>509</tly>
          <brx>2022</brx>
          <bry>603</bry>
          <value></value>
          <label></label>
        </box>
        <box>
          <tlx>2024</tlx>
          <tly>509</tly>
          <brx>2095</brx>
          <bry>603</bry>
          <value></value>
          <label></label>
        </box>
      </boxgroup>
      <boxgroup>
        <type>1</type>
        <width>3</width>
        <varname>Directos_DD01</varname>
        <sortorder>2</sortorder>
        <label>&lt;p&gt;Entrevistador: Le voy a leer una serie de n&#xFA;meros y le voy a pedir que usted los memorice y me los diga en el mismo orden.&lt;/p&gt;&#xD;
&#xD;
&lt;p&gt;&lt;em&gt;Suspensi&#xF3;n: despu&#xE9;s de 0 ptos en los 2 intentos de un mismo item (marcar todas las siguientes con 0).&lt;/em&gt;&lt;/p&gt; : (Item 1): 9 -7</label>
        <groupsection idref="1"/>
        <box>
          <tlx>1813</tlx>
          <tly>1102</tly>
          <brx>1872</brx>
          <bry>1161</bry>
          <value>DD1</value>
          <label>1 Pto</label>
        </box>
        <box>
          <tlx>1967</tlx>
          <tly>1102</tly>
          <brx>2026</brx>
          <bry>1161</bry>
          <value>DD2</value>
          <label>0 Pto</label>
        </box>
      </boxgroup>
      <boxgroup>
        <type>1</type>
        <width>3</width>
        <varname>Directos_DD02</varname>
        <sortorder>3</sortorder>
        <label>&lt;p&gt;Entrevistador: Le voy a leer una serie de n&#xFA;meros y le voy a pedir que usted los memorice y me los diga en el mismo orden.&lt;/p&gt;&#xD;
&#xD;
&lt;p&gt;&lt;em&gt;Suspensi&#xF3;n: despu&#xE9;s de 0 ptos en los 2 intentos de un mismo item (marcar todas las siguientes con 0).&lt;/em&gt;&lt;/p&gt; : (Item 1): 6 -3</label>
        <groupsection idref="1"/>
        <box>
          <tlx>1813</tlx>
          <tly>1226</tly>
          <brx>1872</brx>
          <bry>1285</bry>
          <value>DD1</value>
          <label>1 Pto</label>
        </box>
        <box>
          <tlx>1967</tlx>
          <tly>1226</tly>
          <brx>2026</brx>
          <bry>1285</bry>
          <value>DD2</value>
          <label>0 Pto</label>
        </box>
      </boxgroup>
      <boxgroup>
        <type>1</type>
        <width>3</width>
        <varname>Directos_DD03</varname>
        <sortorder>4</sortorder>
        <label>&lt;p&gt;Entrevistador: Le voy a leer una serie de n&#xFA;meros y le voy a pedir que usted los memorice y me los diga en el mismo orden.&lt;/p&gt;&#xD;
&#xD;
&lt;p&gt;&lt;em&gt;Suspensi&#xF3;n: despu&#xE9;s de 0 ptos en los 2 intentos de un mismo item (marcar todas las siguientes con 0).&lt;/em&gt;&lt;/p&gt; : (Item 2): 5 -8 -2</label>
        <groupsection idref="1"/>
        <box>
          <tlx>1813</tlx>
          <tly>1350</tly>
          <brx>1872</brx>
          <bry>1409</bry>
          <value>DD1</value>
          <label>1 Pto</label>
        </box>
        <box>
          <tlx>1967</tlx>
          <tly>1350</tly>
          <brx>2026</brx>
          <bry>1409</bry>
          <value>DD2</value>
          <label>0 Pto</label>
        </box>
      </boxgroup>
      <boxgroup>
        <type>1</type>
        <width>3</width>
        <varname>Directos_DD04</varname>
        <sortorder>5</sortorder>
        <label>&lt;p&gt;Entrevistador: Le voy a leer una serie de n&#xFA;meros y le voy a pedir que usted los memorice y me los diga en el mismo orden.&lt;/p&gt;&#xD;
&#xD;
&lt;p&gt;&lt;em&gt;Suspensi&#xF3;n: despu&#xE9;s de 0 ptos en los 2 intentos de un mismo item (marcar todas las siguientes con 0).&lt;/em&gt;&lt;/p&gt; : (Item 2): 6 -9 -4</label>
        <groupsection idref="1"/>
        <box>
          <tlx>1813</tlx>
          <tly>1474</tly>
          <brx>1872</brx>
          <bry>1533</bry>
          <value>DD1</value>
          <label>1 Pto</label>
        </box>
        <box>
          <tlx>1967</tlx>
          <tly>1474</tly>
          <brx>2026</brx>
          <bry>1533</bry>
          <value>DD2</value>
          <label>0 Pto</label>
        </box>
      </boxgroup>
      <boxgroup>
        <type>1</type>
        <width>3</width>
        <varname>Directos_DD05</varname>
        <sortorder>6</sortorder>
        <label>&lt;p&gt;Entrevistador: Le voy a leer una serie de n&#xFA;meros y le voy a pedir que usted los memorice y me los diga en el mismo orden.&lt;/p&gt;&#xD;
&#xD;
&lt;p&gt;&lt;em&gt;Suspensi&#xF3;n: despu&#xE9;s de 0 ptos en los 2 intentos de un mismo item (marcar todas las siguientes con 0).&lt;/em&gt;&lt;/p&gt; : (Item 3): 7 -2 -8 -6</label>
        <groupsection idref="1"/>
        <box>
          <tlx>1813</tlx>
          <tly>1598</tly>
          <brx>1872</brx>
          <bry>1657</bry>
          <value>DD1</value>
          <label>1 Pto</label>
        </box>
        <box>
          <tlx>1967</tlx>
          <tly>1598</tly>
          <brx>2026</brx>
          <bry>1657</bry>
          <value>DD2</value>
          <label>0 Pto</label>
        </box>
      </boxgroup>
      <boxgroup>
        <type>1</type>
        <width>3</width>
        <varname>Directos_DD06</varname>
        <sortorder>7</sortorder>
        <label>&lt;p&gt;Entrevistador: Le voy a leer una serie de n&#xFA;meros y le voy a pedir que usted los memorice y me los diga en el mismo orden.&lt;/p&gt;&#xD;
&#xD;
&lt;p&gt;&lt;em&gt;Suspensi&#xF3;n: despu&#xE9;s de 0 ptos en los 2 intentos de un mismo item (marcar todas las siguientes con 0).&lt;/em&gt;&lt;/p&gt; : (Item 3): 6 -4 -3 -9</label>
        <groupsection idref="1"/>
        <box>
          <tlx>1813</tlx>
          <tly>1722</tly>
          <brx>1872</brx>
          <bry>1781</bry>
          <value>DD1</value>
          <label>1 Pto</label>
        </box>
        <box>
          <tlx>1967</tlx>
          <tly>1722</tly>
          <brx>2026</brx>
          <bry>1781</bry>
          <value>DD2</value>
          <label>0 Pto</label>
        </box>
      </boxgroup>
      <boxgroup>
        <type>1</type>
        <width>3</width>
        <varname>Directos_DD07</varname>
        <sortorder>8</sortorder>
        <label>&lt;p&gt;Entrevistador: Le voy a leer una serie de n&#xFA;meros y le voy a pedir que usted los memorice y me los diga en el mismo orden.&lt;/p&gt;&#xD;
&#xD;
&lt;p&gt;&lt;em&gt;Suspensi&#xF3;n: despu&#xE9;s de 0 ptos en los 2 intentos de un mismo item (marcar todas las siguientes con 0).&lt;/em&gt;&lt;/p&gt; : (Item 4): 4 -2 -7 -3 -1</label>
        <groupsection idref="1"/>
        <box>
          <tlx>1813</tlx>
          <tly>1846</tly>
          <brx>1872</brx>
          <bry>1905</bry>
          <value>DD1</value>
          <label>1 Pto</label>
        </box>
        <box>
          <tlx>1967</tlx>
          <tly>1846</tly>
          <brx>2026</brx>
          <bry>1905</bry>
          <value>DD2</value>
          <label>0 Pto</label>
        </box>
      </boxgroup>
      <boxgroup>
        <type>1</type>
        <width>3</width>
        <varname>Directos_DD08</varname>
        <sortorder>9</sortorder>
        <label>&lt;p&gt;Entrevistador: Le voy a leer una serie de n&#xFA;meros y le voy a pedir que usted los memorice y me los diga en el mismo orden.&lt;/p&gt;&#xD;
&#xD;
&lt;p&gt;&lt;em&gt;Suspensi&#xF3;n: despu&#xE9;s de 0 ptos en los 2 intentos de un mismo item (marcar todas las siguientes con 0).&lt;/em&gt;&lt;/p&gt; : (Item 4): 7 -5 -8 -3 -6</label>
        <groupsection idref="1"/>
        <box>
          <tlx>1813</tlx>
          <tly>1970</tly>
          <brx>1872</brx>
          <bry>2029</bry>
          <value>DD1</value>
          <label>1 Pto</label>
        </box>
        <box>
          <tlx>1967</tlx>
          <tly>1970</tly>
          <brx>2026</brx>
          <bry>2029</bry>
          <value>DD2</value>
          <label>0 Pto</label>
        </box>
      </boxgroup>
      <boxgroup>
        <type>1</type>
        <width>3</width>
        <varname>Directos_DD09</varname>
        <sortorder>10</sortorder>
        <label>&lt;p&gt;Entrevistador: Le voy a leer una serie de n&#xFA;meros y le voy a pedir que usted los memorice y me los diga en el mismo orden.&lt;/p&gt;&#xD;
&#xD;
&lt;p&gt;&lt;em&gt;Suspensi&#xF3;n: despu&#xE9;s de 0 ptos en los 2 intentos de un mismo item (marcar todas las siguientes con 0).&lt;/em&gt;&lt;/p&gt; : (Item 5): 3 -9 -2 -4 -8 -7</label>
        <groupsection idref="1"/>
        <box>
          <tlx>1813</tlx>
          <tly>2094</tly>
          <brx>1872</brx>
          <bry>2153</bry>
          <value>DD1</value>
          <label>1 Pto</label>
        </box>
        <box>
          <tlx>1967</tlx>
          <tly>2094</tly>
          <brx>2026</brx>
          <bry>2153</bry>
          <value>DD2</value>
          <label>0 Pto</label>
        </box>
      </boxgroup>
      <boxgroup>
        <type>1</type>
        <width>3</width>
        <varname>Directos_DD10</varname>
        <sortorder>11</sortorder>
        <label>&lt;p&gt;Entrevistador: Le voy a leer una serie de n&#xFA;meros y le voy a pedir que usted los memorice y me los diga en el mismo orden.&lt;/p&gt;&#xD;
&#xD;
&lt;p&gt;&lt;em&gt;Suspensi&#xF3;n: despu&#xE9;s de 0 ptos en los 2 intentos de un mismo item (marcar todas las siguientes con 0).&lt;/em&gt;&lt;/p&gt; : (Item 5): 6 - 1 -9 -4 -7 -3</label>
        <groupsection idref="1"/>
        <box>
          <tlx>1813</tlx>
          <tly>2218</tly>
          <brx>1872</brx>
          <bry>2277</bry>
          <value>DD1</value>
          <label>1 Pto</label>
        </box>
        <box>
          <tlx>1967</tlx>
          <tly>2218</tly>
          <brx>2026</brx>
          <bry>2277</bry>
          <value>DD2</value>
          <label>0 Pto</label>
        </box>
      </boxgroup>
      <boxgroup>
        <type>1</type>
        <width>3</width>
        <varname>Directos_DD11</varname>
        <sortorder>12</sortorder>
        <label>&lt;p&gt;Entrevistador: Le voy a leer una serie de n&#xFA;meros y le voy a pedir que usted los memorice y me los diga en el mismo orden.&lt;/p&gt;&#xD;
&#xD;
&lt;p&gt;&lt;em&gt;Suspensi&#xF3;n: despu&#xE9;s de 0 ptos en los 2 intentos de un mismo item (marcar todas las siguientes con 0).&lt;/em&gt;&lt;/p&gt; : (Item 6): 4 -1 -7 -9 -3 -8 -6</label>
        <groupsection idref="1"/>
        <box>
          <tlx>1813</tlx>
          <tly>2342</tly>
          <brx>1872</brx>
          <bry>2401</bry>
          <value>DD1</value>
          <label>1 Pto</label>
        </box>
        <box>
          <tlx>1967</tlx>
          <tly>2342</tly>
          <brx>2026</brx>
          <bry>2401</bry>
          <value>DD2</value>
          <label>0 Pto</label>
        </box>
      </boxgroup>
      <boxgroup>
        <type>1</type>
        <width>3</width>
        <varname>Directos_DD12</varname>
        <sortorder>13</sortorder>
        <label>&lt;p&gt;Entrevistador: Le voy a leer una serie de n&#xFA;meros y le voy a pedir que usted los memorice y me los diga en el mismo orden.&lt;/p&gt;&#xD;
&#xD;
&lt;p&gt;&lt;em&gt;Suspensi&#xF3;n: despu&#xE9;s de 0 ptos en los 2 intentos de un mismo item (marcar todas las siguientes con 0).&lt;/em&gt;&lt;/p&gt; : (Item 6): 6 -9 -1 -7 -4 -2 -8</label>
        <groupsection idref="1"/>
        <box>
          <tlx>1813</tlx>
          <tly>2466</tly>
          <brx>1872</brx>
          <bry>2525</bry>
          <value>DD1</value>
          <label>1 Pto</label>
        </box>
        <box>
          <tlx>1967</tlx>
          <tly>2466</tly>
          <brx>2026</brx>
          <bry>2525</bry>
          <value>DD2</value>
          <label>0 Pto</label>
        </box>
      </boxgroup>
      <boxgroup>
        <type>1</type>
        <width>3</width>
        <varname>Directos_DD13</varname>
        <sortorder>14</sortorder>
        <label>&lt;p&gt;Entrevistador: Le voy a leer una serie de n&#xFA;meros y le voy a pedir que usted los memorice y me los diga en el mismo orden.&lt;/p&gt;&#xD;
&#xD;
&lt;p&gt;&lt;em&gt;Suspensi&#xF3;n: despu&#xE9;s de 0 ptos en los 2 intentos de un mismo item (marcar todas las siguientes con 0).&lt;/em&gt;&lt;/p&gt; : (Item 7): 3 -8 -2 -9 -6 -1 -7 -4</label>
        <groupsection idref="1"/>
        <box>
          <tlx>1813</tlx>
          <tly>2590</tly>
          <brx>1872</brx>
          <bry>2649</bry>
          <value>DD1</value>
          <label>1 Pto</label>
        </box>
        <box>
          <tlx>1967</tlx>
          <tly>2590</tly>
          <brx>2026</brx>
          <bry>2649</bry>
          <value>DD2</value>
          <label>0 Pto</label>
        </box>
      </boxgroup>
      <boxgroup>
        <type>1</type>
        <width>3</width>
        <varname>Directos_DD14</varname>
        <sortorder>15</sortorder>
        <label>&lt;p&gt;Entrevistador: Le voy a leer una serie de n&#xFA;meros y le voy a pedir que usted los memorice y me los diga en el mismo orden.&lt;/p&gt;&#xD;
&#xD;
&lt;p&gt;&lt;em&gt;Suspensi&#xF3;n: despu&#xE9;s de 0 ptos en los 2 intentos de un mismo item (marcar todas las siguientes con 0).&lt;/em&gt;&lt;/p&gt; : (Item 7): 5 -8 -1 -3 -2 -6 -4 -7</label>
        <groupsection idref="1"/>
        <box>
          <tlx>1813</tlx>
          <tly>2714</tly>
          <brx>1872</brx>
          <bry>2773</bry>
          <value>DD1</value>
          <label>1 Pto</label>
        </box>
        <box>
          <tlx>1967</tlx>
          <tly>2714</tly>
          <brx>2026</brx>
          <bry>2773</bry>
          <value>DD2</value>
          <label>0 Pto</label>
        </box>
      </boxgroup>
      <boxgroup>
        <type>1</type>
        <width>3</width>
        <varname>Directos_DD15</varname>
        <sortorder>16</sortorder>
        <label>&lt;p&gt;Entrevistador: Le voy a leer una serie de n&#xFA;meros y le voy a pedir que usted los memorice y me los diga en el mismo orden.&lt;/p&gt;&#xD;
&#xD;
&lt;p&gt;&lt;em&gt;Suspensi&#xF3;n: despu&#xE9;s de 0 ptos en los 2 intentos de un mismo item (marcar todas las siguientes con 0).&lt;/em&gt;&lt;/p&gt; : (Item 8): 2 -7 -5 -8 -6 -3 -1 -9 -4</label>
        <groupsection idref="1"/>
        <box>
          <tlx>1813</tlx>
          <tly>2838</tly>
          <brx>1872</brx>
          <bry>2897</bry>
          <value>DD1</value>
          <label>1 Pto</label>
        </box>
        <box>
          <tlx>1967</tlx>
          <tly>2838</tly>
          <brx>2026</brx>
          <bry>2897</bry>
          <value>DD2</value>
          <label>0 Pto</label>
        </box>
      </boxgroup>
      <boxgroup>
        <type>1</type>
        <width>3</width>
        <varname>Directos_DD16</varname>
        <sortorder>17</sortorder>
        <label>&lt;p&gt;Entrevistador: Le voy a leer una serie de n&#xFA;meros y le voy a pedir que usted los memorice y me los diga en el mismo orden.&lt;/p&gt;&#xD;
&#xD;
&lt;p&gt;&lt;em&gt;Suspensi&#xF3;n: despu&#xE9;s de 0 ptos en los 2 intentos de un mismo item (marcar todas las siguientes con 0).&lt;/em&gt;&lt;/p&gt; : (Item 8): 7 -1 -3 -9 -4 -2 -5 -6 -8</label>
        <groupsection idref="1"/>
        <box>
          <tlx>1813</tlx>
          <tly>2962</tly>
          <brx>1872</brx>
          <bry>3021</bry>
          <value>DD1</value>
          <label>1 Pto</label>
        </box>
        <box>
          <tlx>1967</tlx>
          <tly>2962</tly>
          <brx>2026</brx>
          <bry>3021</bry>
          <value>DD2</value>
          <label>0 Pto</label>
        </box>
      </boxgroup>
    </page>
    <page>
      <id>32986102</id>
      <tlx>283</tlx>
      <tly>283</tly>
      <trx>2197</trx>
      <try>283</try>
      <brx>2197</brx>
      <bry>3224</bry>
      <blx>283</blx>
      <bly>3224</bly>
      <rotation>0</rotation>
      <boxgroup>
        <type>1</type>
        <width>3</width>
        <varname>Inversos_DI01</varname>
        <sortorder>18</sortorder>
        <label>&lt;p&gt;Entrevistador: Le voy a leer una serie de n&#xFA;meros y le voy a pedir que usted los memorice y me los diga en el orden inverso al que los dije yo. Por ejemplo si yo digo 7 - 1 usted debe decir... (1 - 7). Si yo digo 3 - 4 usted debe decir... (4 - 3).&lt;/p&gt;&#xD;
&#xD;
&lt;p&gt;&lt;em&gt;Suspensi&#xF3;n: despu&#xE9;s de 0 ptos en los 2 intentos de un mismo item (marcar todas las siguientes con 0).&lt;/em&gt;&lt;/p&gt; : (Item 1): 3 -1</label>
        <groupsection idref="1"/>
        <box>
          <tlx>1813</tlx>
          <tly>759</tly>
          <brx>1872</brx>
          <bry>818</bry>
          <value>DI1</value>
          <label>1 Pto</label>
        </box>
        <box>
          <tlx>1967</tlx>
          <tly>759</tly>
          <brx>2026</brx>
          <bry>818</bry>
          <value>DI2</value>
          <label>0 Pto</label>
        </box>
      </boxgroup>
      <boxgroup>
        <type>1</type>
        <width>3</width>
        <varname>Inversos_DI02</varname>
        <sortorder>19</sortorder>
        <label>&lt;p&gt;Entrevistador: Le voy a leer una serie de n&#xFA;meros y le voy a pedir que usted los memorice y me los diga en el orden inverso al que los dije yo. Por ejemplo si yo digo 7 - 1 usted debe decir... (1 - 7). Si yo digo 3 - 4 usted debe decir... (4 - 3).&lt;/p&gt;&#xD;
&#xD;
&lt;p&gt;&lt;em&gt;Suspensi&#xF3;n: despu&#xE9;s de 0 ptos en los 2 intentos de un mismo item (marcar todas las siguientes con 0).&lt;/em&gt;&lt;/p&gt; : (Item 1): 2 -4</label>
        <groupsection idref="1"/>
        <box>
          <tlx>1813</tlx>
          <tly>883</tly>
          <brx>1872</brx>
          <bry>942</bry>
          <value>DI1</value>
          <label>1 Pto</label>
        </box>
        <box>
          <tlx>1967</tlx>
          <tly>883</tly>
          <brx>2026</brx>
          <bry>942</bry>
          <value>DI2</value>
          <label>0 Pto</label>
        </box>
      </boxgroup>
      <boxgroup>
        <type>1</type>
        <width>3</width>
        <varname>Inversos_DI03</varname>
        <sortorder>20</sortorder>
        <label>&lt;p&gt;Entrevistador: Le voy a leer una serie de n&#xFA;meros y le voy a pedir que usted los memorice y me los diga en el orden inverso al que los dije yo. Por ejemplo si yo digo 7 - 1 usted debe decir... (1 - 7). Si yo digo 3 - 4 usted debe decir... (4 - 3).&lt;/p&gt;&#xD;
&#xD;
&lt;p&gt;&lt;em&gt;Suspensi&#xF3;n: despu&#xE9;s de 0 ptos en los 2 intentos de un mismo item (marcar todas las siguientes con 0).&lt;/em&gt;&lt;/p&gt; : (Item 2): 4 -6</label>
        <groupsection idref="1"/>
        <box>
          <tlx>1813</tlx>
          <tly>1007</tly>
          <brx>1872</brx>
          <bry>1066</bry>
          <value>DI1</value>
          <label>1 Pto</label>
        </box>
        <box>
          <tlx>1967</tlx>
          <tly>1007</tly>
          <brx>2026</brx>
          <bry>1066</bry>
          <value>DI2</value>
          <label>0 Pto</label>
        </box>
      </boxgroup>
      <boxgroup>
        <type>1</type>
        <width>3</width>
        <varname>Inversos_DI04</varname>
        <sortorder>21</sortorder>
        <label>&lt;p&gt;Entrevistador: Le voy a leer una serie de n&#xFA;meros y le voy a pedir que usted los memorice y me los diga en el orden inverso al que los dije yo. Por ejemplo si yo digo 7 - 1 usted debe decir... (1 - 7). Si yo digo 3 - 4 usted debe decir... (4 - 3).&lt;/p&gt;&#xD;
&#xD;
&lt;p&gt;&lt;em&gt;Suspensi&#xF3;n: despu&#xE9;s de 0 ptos en los 2 intentos de un mismo item (marcar todas las siguientes con 0).&lt;/em&gt;&lt;/p&gt; : (Item 2): 5 -7</label>
        <groupsection idref="1"/>
        <box>
          <tlx>1813</tlx>
          <tly>1131</tly>
          <brx>1872</brx>
          <bry>1190</bry>
          <value>DI1</value>
          <label>1 Pto</label>
        </box>
        <box>
          <tlx>1967</tlx>
          <tly>1131</tly>
          <brx>2026</brx>
          <bry>1190</bry>
          <value>DI2</value>
          <label>0 Pto</label>
        </box>
      </boxgroup>
      <boxgroup>
        <type>1</type>
        <width>3</width>
        <varname>Inversos_DI05</varname>
        <sortorder>22</sortorder>
        <label>&lt;p&gt;Entrevistador: Le voy a leer una serie de n&#xFA;meros y le voy a pedir que usted los memorice y me los diga en el orden inverso al que los dije yo. Por ejemplo si yo digo 7 - 1 usted debe decir... (1 - 7). Si yo digo 3 - 4 usted debe decir... (4 - 3).&lt;/p&gt;&#xD;
&#xD;
&lt;p&gt;&lt;em&gt;Suspensi&#xF3;n: despu&#xE9;s de 0 ptos en los 2 intentos de un mismo item (marcar todas las siguientes con 0).&lt;/em&gt;&lt;/p&gt; : (Item 3): 6 -2 -9</label>
        <groupsection idref="1"/>
        <box>
          <tlx>1813</tlx>
          <tly>1255</tly>
          <brx>1872</brx>
          <bry>1314</bry>
          <value>DI1</value>
          <label>1 Pto</label>
        </box>
        <box>
          <tlx>1967</tlx>
          <tly>1255</tly>
          <brx>2026</brx>
          <bry>1314</bry>
          <value>DI2</value>
          <label>0 Pto</label>
        </box>
      </boxgroup>
      <boxgroup>
        <type>1</type>
        <width>3</width>
        <varname>Inversos_DI06</varname>
        <sortorder>23</sortorder>
        <label>&lt;p&gt;Entrevistador: Le voy a leer una serie de n&#xFA;meros y le voy a pedir que usted los memorice y me los diga en el orden inverso al que los dije yo. Por ejemplo si yo digo 7 - 1 usted debe decir... (1 - 7). Si yo digo 3 - 4 usted debe decir... (4 - 3).&lt;/p&gt;&#xD;
&#xD;
&lt;p&gt;&lt;em&gt;Suspensi&#xF3;n: despu&#xE9;s de 0 ptos en los 2 intentos de un mismo item (marcar todas las siguientes con 0).&lt;/em&gt;&lt;/p&gt; : (Item 3): 4 -7 -5</label>
        <groupsection idref="1"/>
        <box>
          <tlx>1813</tlx>
          <tly>1379</tly>
          <brx>1872</brx>
          <bry>1438</bry>
          <value>DI1</value>
          <label>1 Pto</label>
        </box>
        <box>
          <tlx>1967</tlx>
          <tly>1379</tly>
          <brx>2026</brx>
          <bry>1438</bry>
          <value>DI2</value>
          <label>0 Pto</label>
        </box>
      </boxgroup>
      <boxgroup>
        <type>1</type>
        <width>3</width>
        <varname>Inversos_DI07</varname>
        <sortorder>24</sortorder>
        <label>&lt;p&gt;Entrevistador: Le voy a leer una serie de n&#xFA;meros y le voy a pedir que usted los memorice y me los diga en el orden inverso al que los dije yo. Por ejemplo si yo digo 7 - 1 usted debe decir... (1 - 7). Si yo digo 3 - 4 usted debe decir... (4 - 3).&lt;/p&gt;&#xD;
&#xD;
&lt;p&gt;&lt;em&gt;Suspensi&#xF3;n: despu&#xE9;s de 0 ptos en los 2 intentos de un mismo item (marcar todas las siguientes con 0).&lt;/em&gt;&lt;/p&gt; : (Item 4): 8 -2 -7 -9</label>
        <groupsection idref="1"/>
        <box>
          <tlx>1813</tlx>
          <tly>1503</tly>
          <brx>1872</brx>
          <bry>1563</bry>
          <value>DI1</value>
          <label>1 Pto</label>
        </box>
        <box>
          <tlx>1967</tlx>
          <tly>1503</tly>
          <brx>2026</brx>
          <bry>1563</bry>
          <value>DI2</value>
          <label>0 Pto</label>
        </box>
      </boxgroup>
      <boxgroup>
        <type>1</type>
        <width>3</width>
        <varname>Inversos_DI08</varname>
        <sortorder>25</sortorder>
        <label>&lt;p&gt;Entrevistador: Le voy a leer una serie de n&#xFA;meros y le voy a pedir que usted los memorice y me los diga en el orden inverso al que los dije yo. Por ejemplo si yo digo 7 - 1 usted debe decir... (1 - 7). Si yo digo 3 - 4 usted debe decir... (4 - 3).&lt;/p&gt;&#xD;
&#xD;
&lt;p&gt;&lt;em&gt;Suspensi&#xF3;n: despu&#xE9;s de 0 ptos en los 2 intentos de un mismo item (marcar todas las siguientes con 0).&lt;/em&gt;&lt;/p&gt; : (Item 4): 4 -9 -6 -8</label>
        <groupsection idref="1"/>
        <box>
          <tlx>1813</tlx>
          <tly>1627</tly>
          <brx>1872</brx>
          <bry>1687</bry>
          <value>DI1</value>
          <label>1 Pto</label>
        </box>
        <box>
          <tlx>1967</tlx>
          <tly>1627</tly>
          <brx>2026</brx>
          <bry>1687</bry>
          <value>DI2</value>
          <label>0 Pto</label>
        </box>
      </boxgroup>
      <boxgroup>
        <type>1</type>
        <width>3</width>
        <varname>Inversos_DI09</varname>
        <sortorder>26</sortorder>
        <label>&lt;p&gt;Entrevistador: Le voy a leer una serie de n&#xFA;meros y le voy a pedir que usted los memorice y me los diga en el orden inverso al que los dije yo. Por ejemplo si yo digo 7 - 1 usted debe decir... (1 - 7). Si yo digo 3 - 4 usted debe decir... (4 - 3).&lt;/p&gt;&#xD;
&#xD;
&lt;p&gt;&lt;em&gt;Suspensi&#xF3;n: despu&#xE9;s de 0 ptos en los 2 intentos de un mismo item (marcar todas las siguientes con 0).&lt;/em&gt;&lt;/p&gt; : (Item 5): 6 -5 -8 -4 -3</label>
        <groupsection idref="1"/>
        <box>
          <tlx>1813</tlx>
          <tly>1751</tly>
          <brx>1872</brx>
          <bry>1811</bry>
          <value>DI1</value>
          <label>1 Pto</label>
        </box>
        <box>
          <tlx>1967</tlx>
          <tly>1751</tly>
          <brx>2026</brx>
          <bry>1811</bry>
          <value>DI2</value>
          <label>0 Pto</label>
        </box>
      </boxgroup>
      <boxgroup>
        <type>1</type>
        <width>3</width>
        <varname>Inversos_DI10</varname>
        <sortorder>27</sortorder>
        <label>&lt;p&gt;Entrevistador: Le voy a leer una serie de n&#xFA;meros y le voy a pedir que usted los memorice y me los diga en el orden inverso al que los dije yo. Por ejemplo si yo digo 7 - 1 usted debe decir... (1 - 7). Si yo digo 3 - 4 usted debe decir... (4 - 3).&lt;/p&gt;&#xD;
&#xD;
&lt;p&gt;&lt;em&gt;Suspensi&#xF3;n: despu&#xE9;s de 0 ptos en los 2 intentos de un mismo item (marcar todas las siguientes con 0).&lt;/em&gt;&lt;/p&gt; : (Item 5): 1 -5 -4 -8 -6</label>
        <groupsection idref="1"/>
        <box>
          <tlx>1813</tlx>
          <tly>1875</tly>
          <brx>1872</brx>
          <bry>1935</bry>
          <value>DI1</value>
          <label>1 Pto</label>
        </box>
        <box>
          <tlx>1967</tlx>
          <tly>1875</tly>
          <brx>2026</brx>
          <bry>1935</bry>
          <value>DI2</value>
          <label>0 Pto</label>
        </box>
      </boxgroup>
      <boxgroup>
        <type>1</type>
        <width>3</width>
        <varname>Inversos_DI11</varname>
        <sortorder>28</sortorder>
        <label>&lt;p&gt;Entrevistador: Le voy a leer una serie de n&#xFA;meros y le voy a pedir que usted los memorice y me los diga en el orden inverso al que los dije yo. Por ejemplo si yo digo 7 - 1 usted debe decir... (1 - 7). Si yo digo 3 - 4 usted debe decir... (4 - 3).&lt;/p&gt;&#xD;
&#xD;
&lt;p&gt;&lt;em&gt;Suspensi&#xF3;n: despu&#xE9;s de 0 ptos en los 2 intentos de un mismo item (marcar todas las siguientes con 0).&lt;/em&gt;&lt;/p&gt; : (Item 6): 5 -3 -7 -4 -1 -8</label>
        <groupsection idref="1"/>
        <box>
          <tlx>1813</tlx>
          <tly>2000</tly>
          <brx>1872</brx>
          <bry>2059</bry>
          <value>DI1</value>
          <label>1 Pto</label>
        </box>
        <box>
          <tlx>1967</tlx>
          <tly>2000</tly>
          <brx>2026</brx>
          <bry>2059</bry>
          <value>DI2</value>
          <label>0 Pto</label>
        </box>
      </boxgroup>
      <boxgroup>
        <type>1</type>
        <width>3</width>
        <varname>Inversos_DI12</varname>
        <sortorder>29</sortorder>
        <label>&lt;p&gt;Entrevistador: Le voy a leer una serie de n&#xFA;meros y le voy a pedir que usted los memorice y me los diga en el orden inverso al que los dije yo. Por ejemplo si yo digo 7 - 1 usted debe decir... (1 - 7). Si yo digo 3 - 4 usted debe decir... (4 - 3).&lt;/p&gt;&#xD;
&#xD;
&lt;p&gt;&lt;em&gt;Suspensi&#xF3;n: despu&#xE9;s de 0 ptos en los 2 intentos de un mismo item (marcar todas las siguientes con 0).&lt;/em&gt;&lt;/p&gt; : (Item 6): 7 -2 -4 - 8 -5 -6</label>
        <groupsection idref="1"/>
        <box>
          <tlx>1813</tlx>
          <tly>2124</tly>
          <brx>1872</brx>
          <bry>2183</bry>
          <value>DI1</value>
          <label>1 Pto</label>
        </box>
        <box>
          <tlx>1967</tlx>
          <tly>2124</tly>
          <brx>2026</brx>
          <bry>2183</bry>
          <value>DI2</value>
          <label>0 Pto</label>
        </box>
      </boxgroup>
      <boxgroup>
        <type>1</type>
        <width>3</width>
        <varname>Inversos_DI13</varname>
        <sortorder>30</sortorder>
        <label>&lt;p&gt;Entrevistador: Le voy a leer una serie de n&#xFA;meros y le voy a pedir que usted los memorice y me los diga en el orden inverso al que los dije yo. Por ejemplo si yo digo 7 - 1 usted debe decir... (1 - 7). Si yo digo 3 - 4 usted debe decir... (4 - 3).&lt;/p&gt;&#xD;
&#xD;
&lt;p&gt;&lt;em&gt;Suspensi&#xF3;n: despu&#xE9;s de 0 ptos en los 2 intentos de un mismo item (marcar todas las siguientes con 0).&lt;/em&gt;&lt;/p&gt; : (Item 7): 8 -1 -4 -9 -3 -6 -2</label>
        <groupsection idref="1"/>
        <box>
          <tlx>1813</tlx>
          <tly>2248</tly>
          <brx>1872</brx>
          <bry>2307</bry>
          <value>DI1</value>
          <label>1 Pto</label>
        </box>
        <box>
          <tlx>1967</tlx>
          <tly>2248</tly>
          <brx>2026</brx>
          <bry>2307</bry>
          <value>DI2</value>
          <label>0 Pto</label>
        </box>
      </boxgroup>
      <boxgroup>
        <type>1</type>
        <width>3</width>
        <varname>Inversos_DI14</varname>
        <sortorder>31</sortorder>
        <label>&lt;p&gt;Entrevistador: Le voy a leer una serie de n&#xFA;meros y le voy a pedir que usted los memorice y me los diga en el orden inverso al que los dije yo. Por ejemplo si yo digo 7 - 1 usted debe decir... (1 - 7). Si yo digo 3 - 4 usted debe decir... (4 - 3).&lt;/p&gt;&#xD;
&#xD;
&lt;p&gt;&lt;em&gt;Suspensi&#xF3;n: despu&#xE9;s de 0 ptos en los 2 intentos de un mismo item (marcar todas las siguientes con 0).&lt;/em&gt;&lt;/p&gt; : (Item 7): 4 -7 -3 -9 -6 -2 -8</label>
        <groupsection idref="1"/>
        <box>
          <tlx>1813</tlx>
          <tly>2372</tly>
          <brx>1872</brx>
          <bry>2431</bry>
          <value>DI1</value>
          <label>1 Pto</label>
        </box>
        <box>
          <tlx>1967</tlx>
          <tly>2372</tly>
          <brx>2026</brx>
          <bry>2431</bry>
          <value>DI2</value>
          <label>0 Pto</label>
        </box>
      </boxgroup>
      <boxgroup>
        <type>1</type>
        <width>3</width>
        <varname>Inversos_DI15</varname>
        <sortorder>32</sortorder>
        <label>&lt;p&gt;Entrevistador: Le voy a leer una serie de n&#xFA;meros y le voy a pedir que usted los memorice y me los diga en el orden inverso al que los dije yo. Por ejemplo si yo digo 7 - 1 usted debe decir... (1 - 7). Si yo digo 3 - 4 usted debe decir... (4 - 3).&lt;/p&gt;&#xD;
&#xD;
&lt;p&gt;&lt;em&gt;Suspensi&#xF3;n: despu&#xE9;s de 0 ptos en los 2 intentos de un mismo item (marcar todas las siguientes con 0).&lt;/em&gt;&lt;/p&gt; : (Item 8): 9-4 -3 -7 -6 -2 -1 -8</label>
        <groupsection idref="1"/>
        <box>
          <tlx>1813</tlx>
          <tly>2496</tly>
          <brx>1872</brx>
          <bry>2555</bry>
          <value>DI1</value>
          <label>1 Pto</label>
        </box>
        <box>
          <tlx>1967</tlx>
          <tly>2496</tly>
          <brx>2026</brx>
          <bry>2555</bry>
          <value>DI2</value>
          <label>0 Pto</label>
        </box>
      </boxgroup>
      <boxgroup>
        <type>1</type>
        <width>3</width>
        <varname>Inversos_DI16</varname>
        <sortorder>33</sortorder>
        <label>&lt;p&gt;Entrevistador: Le voy a leer una serie de n&#xFA;meros y le voy a pedir que usted los memorice y me los diga en el orden inverso al que los dije yo. Por ejemplo si yo digo 7 - 1 usted debe decir... (1 - 7). Si yo digo 3 - 4 usted debe decir... (4 - 3).&lt;/p&gt;&#xD;
&#xD;
&lt;p&gt;&lt;em&gt;Suspensi&#xF3;n: despu&#xE9;s de 0 ptos en los 2 intentos de un mismo item (marcar todas las siguientes con 0).&lt;/em&gt;&lt;/p&gt; : (Item 8): 7-2 -8 -1 -5 -6 -4 -3</label>
        <groupsection idref="1"/>
        <box>
          <tlx>1813</tlx>
          <tly>2620</tly>
          <brx>1872</brx>
          <bry>2679</bry>
          <value>DI1</value>
          <label>1 Pto</label>
        </box>
        <box>
          <tlx>1967</tlx>
          <tly>2620</tly>
          <brx>2026</brx>
          <bry>2679</bry>
          <value>DI2</value>
          <label>0 Pto</label>
        </box>
      </boxgroup>
      <boxgroup>
        <type>1</type>
        <width>4</width>
        <varname>Secuenciacion_Sec01</varname>
        <sortorder>34</sortorder>
        <label>&lt;p&gt;Entrevistador: Ahora, le voy a decir una lista de n&#xFA;meros en desorden y le voy a pedir que usted los ordene del menor al mayor.&lt;/p&gt;&#xD;
&#xD;
&lt;p&gt;&lt;em&gt;Suspensi&#xF3;n: Luego de 0 puntos en dos intentos de un &#xED;tem.&lt;/em&gt;&lt;/p&gt; : (Item 1) 1-2 (1-2)</label>
        <groupsection idref="1"/>
        <box>
          <tlx>1813</tlx>
          <tly>3124</tly>
          <brx>1872</brx>
          <bry>3183</bry>
          <value>Sec1</value>
          <label>1 Pto</label>
        </box>
        <box>
          <tlx>1967</tlx>
          <tly>3124</tly>
          <brx>2026</brx>
          <bry>3183</bry>
          <value>Sec2</value>
          <label>0 Pto</label>
        </box>
      </boxgroup>
    </page>
    <page>
      <id>32986103</id>
      <tlx>283</tlx>
      <tly>283</tly>
      <trx>2197</trx>
      <try>283</try>
      <brx>2197</brx>
      <bry>3224</bry>
      <blx>283</blx>
      <bly>3224</bly>
      <rotation>0</rotation>
      <boxgroup>
        <type>1</type>
        <width>4</width>
        <varname>Secuenciacion_Sec02</varname>
        <sortorder>35</sortorder>
        <label>&lt;p&gt;Entrevistador: Ahora, le voy a decir una lista de n&#xFA;meros en desorden y le voy a pedir que usted los ordene del menor al mayor.&lt;/p&gt;&#xD;
&#xD;
&lt;p&gt;&lt;em&gt;Suspensi&#xF3;n: Luego de 0 puntos en dos intentos de un &#xED;tem.&lt;/em&gt;&lt;/p&gt; : (Item 1) 4-2 (2-4)</label>
        <groupsection idref="1"/>
        <box>
          <tlx>1813</tlx>
          <tly>322</tly>
          <brx>1872</brx>
          <bry>381</bry>
          <value>Sec1</value>
          <label>1 Pto</label>
        </box>
        <box>
          <tlx>1967</tlx>
          <tly>322</tly>
          <brx>2026</brx>
          <bry>381</bry>
          <value>Sec2</value>
          <label>0 Pto</label>
        </box>
      </boxgroup>
      <boxgroup>
        <type>1</type>
        <width>4</width>
        <varname>Secuenciacion_Sec03</varname>
        <sortorder>36</sortorder>
        <label>&lt;p&gt;Entrevistador: Ahora, le voy a decir una lista de n&#xFA;meros en desorden y le voy a pedir que usted los ordene del menor al mayor.&lt;/p&gt;&#xD;
&#xD;
&lt;p&gt;&lt;em&gt;Suspensi&#xF3;n: Luego de 0 puntos en dos intentos de un &#xED;tem.&lt;/em&gt;&lt;/p&gt; : (Item 2) 3-1-6 (1-3-6)</label>
        <groupsection idref="1"/>
        <box>
          <tlx>1813</tlx>
          <tly>446</tly>
          <brx>1872</brx>
          <bry>505</bry>
          <value>Sec1</value>
          <label>1 Pto</label>
        </box>
        <box>
          <tlx>1967</tlx>
          <tly>446</tly>
          <brx>2026</brx>
          <bry>505</bry>
          <value>Sec2</value>
          <label>0 Pto</label>
        </box>
      </boxgroup>
      <boxgroup>
        <type>1</type>
        <width>4</width>
        <varname>Secuenciacion_Sec04</varname>
        <sortorder>37</sortorder>
        <label>&lt;p&gt;Entrevistador: Ahora, le voy a decir una lista de n&#xFA;meros en desorden y le voy a pedir que usted los ordene del menor al mayor.&lt;/p&gt;&#xD;
&#xD;
&lt;p&gt;&lt;em&gt;Suspensi&#xF3;n: Luego de 0 puntos en dos intentos de un &#xED;tem.&lt;/em&gt;&lt;/p&gt; : (Item 2) 0-9-4 (0-4-9)</label>
        <groupsection idref="1"/>
        <box>
          <tlx>1813</tlx>
          <tly>570</tly>
          <brx>1872</brx>
          <bry>629</bry>
          <value>Sec1</value>
          <label>1 Pto</label>
        </box>
        <box>
          <tlx>1967</tlx>
          <tly>570</tly>
          <brx>2026</brx>
          <bry>629</bry>
          <value>Sec2</value>
          <label>0 Pto</label>
        </box>
      </boxgroup>
      <boxgroup>
        <type>1</type>
        <width>4</width>
        <varname>Secuenciacion_Sec05</varname>
        <sortorder>38</sortorder>
        <label>&lt;p&gt;Entrevistador: Ahora, le voy a decir una lista de n&#xFA;meros en desorden y le voy a pedir que usted los ordene del menor al mayor.&lt;/p&gt;&#xD;
&#xD;
&lt;p&gt;&lt;em&gt;Suspensi&#xF3;n: Luego de 0 puntos en dos intentos de un &#xED;tem.&lt;/em&gt;&lt;/p&gt; : (Item 3) 8-7-9-2 (2-7-8-9)</label>
        <groupsection idref="1"/>
        <box>
          <tlx>1813</tlx>
          <tly>694</tly>
          <brx>1872</brx>
          <bry>753</bry>
          <value>Sec1</value>
          <label>1 Pto</label>
        </box>
        <box>
          <tlx>1967</tlx>
          <tly>694</tly>
          <brx>2026</brx>
          <bry>753</bry>
          <value>Sec2</value>
          <label>0 Pto</label>
        </box>
      </boxgroup>
      <boxgroup>
        <type>1</type>
        <width>4</width>
        <varname>Secuenciacion_Sec06</varname>
        <sortorder>39</sortorder>
        <label>&lt;p&gt;Entrevistador: Ahora, le voy a decir una lista de n&#xFA;meros en desorden y le voy a pedir que usted los ordene del menor al mayor.&lt;/p&gt;&#xD;
&#xD;
&lt;p&gt;&lt;em&gt;Suspensi&#xF3;n: Luego de 0 puntos en dos intentos de un &#xED;tem.&lt;/em&gt;&lt;/p&gt; : (Item 3) 4-8-7-1 (1-4-7-8)</label>
        <groupsection idref="1"/>
        <box>
          <tlx>1813</tlx>
          <tly>818</tly>
          <brx>1872</brx>
          <bry>877</bry>
          <value>Sec1</value>
          <label>1 Pto</label>
        </box>
        <box>
          <tlx>1967</tlx>
          <tly>818</tly>
          <brx>2026</brx>
          <bry>877</bry>
          <value>Sec2</value>
          <label>0 Pto</label>
        </box>
      </boxgroup>
      <boxgroup>
        <type>1</type>
        <width>4</width>
        <varname>Secuenciacion_Sec07</varname>
        <sortorder>40</sortorder>
        <label>&lt;p&gt;Entrevistador: Ahora, le voy a decir una lista de n&#xFA;meros en desorden y le voy a pedir que usted los ordene del menor al mayor.&lt;/p&gt;&#xD;
&#xD;
&lt;p&gt;&lt;em&gt;Suspensi&#xF3;n: Luego de 0 puntos en dos intentos de un &#xED;tem.&lt;/em&gt;&lt;/p&gt; : (Item 4) 2-6-9-1-7 (1-2-6-7-9)</label>
        <groupsection idref="1"/>
        <box>
          <tlx>1813</tlx>
          <tly>942</tly>
          <brx>1872</brx>
          <bry>1001</bry>
          <value>Sec1</value>
          <label>1 Pto</label>
        </box>
        <box>
          <tlx>1967</tlx>
          <tly>942</tly>
          <brx>2026</brx>
          <bry>1001</bry>
          <value>Sec2</value>
          <label>0 Pto</label>
        </box>
      </boxgroup>
      <boxgroup>
        <type>1</type>
        <width>4</width>
        <varname>Secuenciacion_Sec08</varname>
        <sortorder>41</sortorder>
        <label>&lt;p&gt;Entrevistador: Ahora, le voy a decir una lista de n&#xFA;meros en desorden y le voy a pedir que usted los ordene del menor al mayor.&lt;/p&gt;&#xD;
&#xD;
&lt;p&gt;&lt;em&gt;Suspensi&#xF3;n: Luego de 0 puntos en dos intentos de un &#xED;tem.&lt;/em&gt;&lt;/p&gt; : (Item 4) 3-8-3-5-8 (3-3-5-8-8-)</label>
        <groupsection idref="1"/>
        <box>
          <tlx>1813</tlx>
          <tly>1066</tly>
          <brx>1872</brx>
          <bry>1125</bry>
          <value>Sec1</value>
          <label>1 Pto</label>
        </box>
        <box>
          <tlx>1967</tlx>
          <tly>1066</tly>
          <brx>2026</brx>
          <bry>1125</bry>
          <value>Sec2</value>
          <label>0 Pto</label>
        </box>
      </boxgroup>
      <boxgroup>
        <type>1</type>
        <width>4</width>
        <varname>Secuenciacion_Sec09</varname>
        <sortorder>42</sortorder>
        <label>&lt;p&gt;Entrevistador: Ahora, le voy a decir una lista de n&#xFA;meros en desorden y le voy a pedir que usted los ordene del menor al mayor.&lt;/p&gt;&#xD;
&#xD;
&lt;p&gt;&lt;em&gt;Suspensi&#xF3;n: Luego de 0 puntos en dos intentos de un &#xED;tem.&lt;/em&gt;&lt;/p&gt; : (Item 5) 2-1-7-4-3-6 (1-2-3-4-6-7)</label>
        <groupsection idref="1"/>
        <box>
          <tlx>1813</tlx>
          <tly>1190</tly>
          <brx>1872</brx>
          <bry>1249</bry>
          <value>Sec1</value>
          <label>1 Pto</label>
        </box>
        <box>
          <tlx>1967</tlx>
          <tly>1190</tly>
          <brx>2026</brx>
          <bry>1249</bry>
          <value>Sec2</value>
          <label>0 Pto</label>
        </box>
      </boxgroup>
      <boxgroup>
        <type>1</type>
        <width>4</width>
        <varname>Secuenciacion_Sec10</varname>
        <sortorder>43</sortorder>
        <label>&lt;p&gt;Entrevistador: Ahora, le voy a decir una lista de n&#xFA;meros en desorden y le voy a pedir que usted los ordene del menor al mayor.&lt;/p&gt;&#xD;
&#xD;
&lt;p&gt;&lt;em&gt;Suspensi&#xF3;n: Luego de 0 puntos en dos intentos de un &#xED;tem.&lt;/em&gt;&lt;/p&gt; : (Item 5) 6-2-5-2-3-4 (2-2-3-4-5-6)</label>
        <groupsection idref="1"/>
        <box>
          <tlx>1813</tlx>
          <tly>1314</tly>
          <brx>1872</brx>
          <bry>1373</bry>
          <value>Sec1</value>
          <label>1 Pto</label>
        </box>
        <box>
          <tlx>1967</tlx>
          <tly>1314</tly>
          <brx>2026</brx>
          <bry>1373</bry>
          <value>Sec2</value>
          <label>0 Pto</label>
        </box>
      </boxgroup>
      <boxgroup>
        <type>1</type>
        <width>4</width>
        <varname>Secuenciacion_Sec11</varname>
        <sortorder>44</sortorder>
        <label>&lt;p&gt;Entrevistador: Ahora, le voy a decir una lista de n&#xFA;meros en desorden y le voy a pedir que usted los ordene del menor al mayor.&lt;/p&gt;&#xD;
&#xD;
&lt;p&gt;&lt;em&gt;Suspensi&#xF3;n: Luego de 0 puntos en dos intentos de un &#xED;tem.&lt;/em&gt;&lt;/p&gt; : (Item 6) 7-5-7-6-8-6-2 (2-5-6-6-7-7-8)</label>
        <groupsection idref="1"/>
        <box>
          <tlx>1813</tlx>
          <tly>1438</tly>
          <brx>1872</brx>
          <bry>1497</bry>
          <value>Sec1</value>
          <label>1 Pto</label>
        </box>
        <box>
          <tlx>1967</tlx>
          <tly>1438</tly>
          <brx>2026</brx>
          <bry>1497</bry>
          <value>Sec2</value>
          <label>0 Pto</label>
        </box>
      </boxgroup>
      <boxgroup>
        <type>1</type>
        <width>4</width>
        <varname>Secuenciacion_Sec12</varname>
        <sortorder>45</sortorder>
        <label>&lt;p&gt;Entrevistador: Ahora, le voy a decir una lista de n&#xFA;meros en desorden y le voy a pedir que usted los ordene del menor al mayor.&lt;/p&gt;&#xD;
&#xD;
&lt;p&gt;&lt;em&gt;Suspensi&#xF3;n: Luego de 0 puntos en dos intentos de un &#xED;tem.&lt;/em&gt;&lt;/p&gt; : (Item 6) 4-8-2-5-4-3-5 (2-3-4-4-5-5-8)</label>
        <groupsection idref="1"/>
        <box>
          <tlx>1813</tlx>
          <tly>1562</tly>
          <brx>1872</brx>
          <bry>1621</bry>
          <value>Sec1</value>
          <label>1 Pto</label>
        </box>
        <box>
          <tlx>1967</tlx>
          <tly>1562</tly>
          <brx>2026</brx>
          <bry>1621</bry>
          <value>Sec2</value>
          <label>0 Pto</label>
        </box>
      </boxgroup>
      <boxgroup>
        <type>1</type>
        <width>4</width>
        <varname>Secuenciacion_Sec13</varname>
        <sortorder>46</sortorder>
        <label>&lt;p&gt;Entrevistador: Ahora, le voy a decir una lista de n&#xFA;meros en desorden y le voy a pedir que usted los ordene del menor al mayor.&lt;/p&gt;&#xD;
&#xD;
&lt;p&gt;&lt;em&gt;Suspensi&#xF3;n: Luego de 0 puntos en dos intentos de un &#xED;tem.&lt;/em&gt;&lt;/p&gt; : (Item 7) 5-8-7-2-7-5-4-5 (2-4-5-5-5-7-7-8)</label>
        <groupsection idref="1"/>
        <box>
          <tlx>1813</tlx>
          <tly>1686</tly>
          <brx>1872</brx>
          <bry>1745</bry>
          <value>Sec1</value>
          <label>1 Pto</label>
        </box>
        <box>
          <tlx>1967</tlx>
          <tly>1686</tly>
          <brx>2026</brx>
          <bry>1745</bry>
          <value>Sec2</value>
          <label>0 Pto</label>
        </box>
      </boxgroup>
      <boxgroup>
        <type>1</type>
        <width>4</width>
        <varname>Secuenciacion_Sec14</varname>
        <sortorder>47</sortorder>
        <label>&lt;p&gt;Entrevistador: Ahora, le voy a decir una lista de n&#xFA;meros en desorden y le voy a pedir que usted los ordene del menor al mayor.&lt;/p&gt;&#xD;
&#xD;
&lt;p&gt;&lt;em&gt;Suspensi&#xF3;n: Luego de 0 puntos en dos intentos de un &#xED;tem.&lt;/em&gt;&lt;/p&gt; : (Item 7) 9-4-9-7-3-0-8-4 (0-3-4-4-7-8-9-9)</label>
        <groupsection idref="1"/>
        <box>
          <tlx>1813</tlx>
          <tly>1810</tly>
          <brx>1872</brx>
          <bry>1869</bry>
          <value>Sec1</value>
          <label>1 Pto</label>
        </box>
        <box>
          <tlx>1967</tlx>
          <tly>1810</tly>
          <brx>2026</brx>
          <bry>1869</bry>
          <value>Sec2</value>
          <label>0 Pto</label>
        </box>
      </boxgroup>
      <boxgroup>
        <type>1</type>
        <width>4</width>
        <varname>Secuenciacion_Sec15</varname>
        <sortorder>48</sortorder>
        <label>&lt;p&gt;Entrevistador: Ahora, le voy a decir una lista de n&#xFA;meros en desorden y le voy a pedir que usted los ordene del menor al mayor.&lt;/p&gt;&#xD;
&#xD;
&lt;p&gt;&lt;em&gt;Suspensi&#xF3;n: Luego de 0 puntos en dos intentos de un &#xED;tem.&lt;/em&gt;&lt;/p&gt; : (Item 8) 5-0-1-1-3-2-1-0-5 (0-0-1-1-1-2-3-5-5)</label>
        <groupsection idref="1"/>
        <box>
          <tlx>1813</tlx>
          <tly>1934</tly>
          <brx>1872</brx>
          <bry>1993</bry>
          <value>Sec1</value>
          <label>1 Pto</label>
        </box>
        <box>
          <tlx>1967</tlx>
          <tly>1934</tly>
          <brx>2026</brx>
          <bry>1993</bry>
          <value>Sec2</value>
          <label>0 Pto</label>
        </box>
      </boxgroup>
      <boxgroup>
        <type>1</type>
        <width>4</width>
        <varname>Secuenciacion_Sec16</varname>
        <sortorder>49</sortorder>
        <label>&lt;p&gt;Entrevistador: Ahora, le voy a decir una lista de n&#xFA;meros en desorden y le voy a pedir que usted los ordene del menor al mayor.&lt;/p&gt;&#xD;
&#xD;
&lt;p&gt;&lt;em&gt;Suspensi&#xF3;n: Luego de 0 puntos en dos intentos de un &#xED;tem.&lt;/em&gt;&lt;/p&gt; : (Item 8) 2-7-1-4-8-4-2-9-6 (1-2-2-4-4-6-7-8-9)</label>
        <groupsection idref="1"/>
        <box>
          <tlx>1813</tlx>
          <tly>2058</tly>
          <brx>1872</brx>
          <bry>2117</bry>
          <value>Sec1</value>
          <label>1 Pto</label>
        </box>
        <box>
          <tlx>1967</tlx>
          <tly>2058</tly>
          <brx>2026</brx>
          <bry>2117</bry>
          <value>Sec2</value>
          <label>0 Pto</label>
        </box>
      </boxgroup>
    </page>
  </questionnaire>
</queXF>
