<?xml version="1.0" encoding="UTF-8"?>
<questionnaire id="464522">
  <title>BIS</title>
  <investigator/>
  <dataCollector/>
  <section id="15">
    <sectionInfo>
      <position>title</position>
      <text>Preguntas</text>
      <administration>self</administration>
    </sectionInfo>
    <question>
      <text>RUT (sin puntos, guión ni dígito verificador. Ejemplo si el rut es 17.736.727-1 escribir 17736727):</text>
      <response varName="RUT">
        <free>
          <format>integer</format>
          <length>8</length>
          <label/>
        </free>
      </response>
    </question>
    <question>
      <text>Las personas son diferentes en cuanto a la forma en que se comportan y piensan en distintas situaciones. Ésta es una prueba para medir algunas de las formas en que usted actúa o piensa. No se detenga demasiado en ninguna de las oraciones. Responda rápida y hontestamente.</text>
      <subQuestion varName="BIS_BIS01">
        <text>Planifico mis tareas con cuidado</text>
      </subQuestion>
      <subQuestion varName="BIS_BIS02">
        <text>Hago las cosas sin pensar</text>
      </subQuestion>
      <subQuestion varName="BIS_BIS03">
        <text>Casi nunca me tomo las cosas a pecho (no me perturbo con facilidad)</text>
      </subQuestion>
      <subQuestion varName="BIS_BIS04">
        <text>Mis pensamientos pueden tener gran velocidad (tengo pensamientos que van muy rápido en mi mente)</text>
      </subQuestion>
      <subQuestion varName="BIS_BIS05">
        <text>Planifico mis viajes con anticipación</text>
      </subQuestion>
      <subQuestion varName="BIS_BIS06">
        <text>Soy una persona con autocontrol</text>
      </subQuestion>
      <subQuestion varName="BIS_BIS07">
        <text>Me concentro con facilidad</text>
      </subQuestion>
      <subQuestion varName="BIS_BIS08">
        <text>Ahorro con regularidad</text>
      </subQuestion>
      <subQuestion varName="BIS_BIS09">
        <text>Se me hace difícil estar quieto/a por períodos largos de tiempo</text>
      </subQuestion>
      <subQuestion varName="BIS_BIS10">
        <text>Pienso las cosas cuidadosamente</text>
      </subQuestion>
      <response varName="BIS">
        <fixed>
          <category>
            <label>Raramente o nunca</label>
            <value>BIS01</value>
          </category>
          <category>
            <label>Ocasionalmente</label>
            <value>BIS02</value>
          </category>
          <category>
            <label>A menudo</label>
            <value>BIS03</value>
          </category>
          <category>
            <label>Siempre o casi siempre</label>
            <value>BIS04</value>
          </category>
        </fixed>
      </response>
    </question>
    <question>
      <subQuestion varName="BIS2_BIS11">
        <text>Planifico para tener un trabajo (me esfuerzo por asegurar que tendré dinero para pagar por mis gastos)</text>
      </subQuestion>
      <subQuestion varName="BIS2_BIS12">
        <text>Digo las cosas sin pensar</text>
      </subQuestion>
      <subQuestion varName="BIS2_BIS13">
        <text>Me gusta pensar sobre problemas complicados</text>
      </subQuestion>
      <subQuestion varName="BIS2_BIS14">
        <text>Cambio de trabajo frecuentemente (no me quedo en el mismo trabajo por períodos largos de tiempo)</text>
      </subQuestion>
      <subQuestion varName="BIS2_BIS15">
        <text>Actúo impulsivamente</text>
      </subQuestion>
      <subQuestion varName="BIS2_BIS16">
        <text>Me aburro con facilidad tratando de resolver problemas en mi mente</text>
      </subQuestion>
      <subQuestion varName="BIS2_BIS17">
        <text>Visito al médico y al dentista con regularidad</text>
      </subQuestion>
      <subQuestion varName="BIS2_BIS18">
        <text>Hago las cosas en el momento en que se me ocurren</text>
      </subQuestion>
      <subQuestion varName="BIS2_BIS19">
        <text>Soy una persona que piensa sin distraerse (puedo enfocar mi mente en una sola cosa por mucho tiempo)</text>
      </subQuestion>
      <subQuestion varName="BIS2_BIS20">
        <text>Cambio de vivienda a menudo (me mudo con frecuencia o no me gusta vivir en el mismo lugar por mucho tiempo)</text>
      </subQuestion>
      <response varName="BIS2">
        <fixed>
          <category>
            <label>Raramente o nunca</label>
            <value>BIS1</value>
          </category>
          <category>
            <label>Ocasionalmente</label>
            <value>BIS2</value>
          </category>
          <category>
            <label>A menudo</label>
            <value>BIS3</value>
          </category>
          <category>
            <label>Siempre o casi siempre</label>
            <value>BIS4</value>
          </category>
        </fixed>
      </response>
    </question>
    <question>
      <subQuestion varName="BIS3_BIS21">
        <text>Compro cosas compulsivamente</text>
      </subQuestion>
      <subQuestion varName="BIS3_BIS22">
        <text>Yo termino lo que empiezo</text>
      </subQuestion>
      <subQuestion varName="BIS3_BIS23">
        <text>Camino y me muevo con rapidez</text>
      </subQuestion>
      <subQuestion varName="BIS3_BIS24">
        <text>Resuelvo los problemas experimentando (resuelvo los problemas tratando una posible solución y viendo si funciona)</text>
      </subQuestion>
      <subQuestion varName="BIS3_BIS25">
        <text>Gasto efectivo o en crédito más de lo que gano</text>
      </subQuestion>
      <subQuestion varName="BIS3_BIS26">
        <text>Hablo rápido</text>
      </subQuestion>
      <subQuestion varName="BIS3_BIS27">
        <text>Tengo pensamientos extraños cuando estoy pensando (a veces tengo pensamientos irrelevantes cuando pienso)</text>
      </subQuestion>
      <subQuestion varName="BIS3_BIS28">
        <text>Me interesa más el presente que el futuro</text>
      </subQuestion>
      <subQuestion varName="BIS3_BIS29">
        <text>Me siento inquieto/a en clases o charlas (me siento inquieto/a si tengo que oír a alguien hablar por un largo período de tiempo)</text>
      </subQuestion>
      <subQuestion varName="BIS3_BIS30">
        <text>Planifico el futuro (me interesa más el futuro que el presente)</text>
      </subQuestion>
      <response varName="BIS3">
        <fixed>
          <category>
            <label>Raramente o nunca</label>
            <value>BIS1</value>
          </category>
          <category>
            <label>Ocasionalmente</label>
            <value>BIS2</value>
          </category>
          <category>
            <label>A menudo</label>
            <value>BIS3</value>
          </category>
          <category>
            <label>Siempre o casi siempre</label>
            <value>BIS4</value>
          </category>
        </fixed>
      </response>
    </question>
  </section>
</questionnaire>
