<?xml version="1.0"?>
<queXF>
  <questionnaire>
    <id>464522</id>
    <section id="1">
      <label>Preguntas</label>
      <title>Section A</title>
    </section>
    <page>
      <id>46452201</id>
      <tlx>283</tlx>
      <tly>283</tly>
      <trx>2197</trx>
      <try>283</try>
      <brx>2197</brx>
      <bry>3224</bry>
      <blx>283</blx>
      <bly>3224</bly>
      <rotation>0</rotation>
      <boxgroup>
        <type>4</type>
        <width>8</width>
        <varname>RUT</varname>
        <sortorder>1</sortorder>
        <label>RUT (sin puntos, gui&#xF3;n ni d&#xED;gito verificador. Ejemplo si el rut es 17.736.727-1 escribir 17736727):</label>
        <groupsection idref="1"/>
        <box>
          <tlx>1515</tlx>
          <tly>509</tly>
          <brx>1586</brx>
          <bry>603</bry>
          <value></value>
          <label></label>
        </box>
        <box>
          <tlx>1588</tlx>
          <tly>509</tly>
          <brx>1659</brx>
          <bry>603</bry>
          <value></value>
          <label></label>
        </box>
        <box>
          <tlx>1661</tlx>
          <tly>509</tly>
          <brx>1731</brx>
          <bry>603</bry>
          <value></value>
          <label></label>
        </box>
        <box>
          <tlx>1733</tlx>
          <tly>509</tly>
          <brx>1804</brx>
          <bry>603</bry>
          <value></value>
          <label></label>
        </box>
        <box>
          <tlx>1806</tlx>
          <tly>509</tly>
          <brx>1877</brx>
          <bry>603</bry>
          <value></value>
          <label></label>
        </box>
        <box>
          <tlx>1879</tlx>
          <tly>509</tly>
          <brx>1949</brx>
          <bry>603</bry>
          <value></value>
          <label></label>
        </box>
        <box>
          <tlx>1951</tlx>
          <tly>509</tly>
          <brx>2022</brx>
          <bry>603</bry>
          <value></value>
          <label></label>
        </box>
        <box>
          <tlx>2024</tlx>
          <tly>509</tly>
          <brx>2095</brx>
          <bry>603</bry>
          <value></value>
          <label></label>
        </box>
      </boxgroup>
      <boxgroup>
        <type>1</type>
        <width>5</width>
        <varname>BIS_BIS01</varname>
        <sortorder>2</sortorder>
        <label>Las personas son diferentes en cuanto a la forma en que se comportan y piensan en distintas situaciones. &#xC9;sta es una prueba para medir algunas de las formas en que usted act&#xFA;a o piensa. No se detenga demasiado en ninguna de las oraciones. Responda r&#xE1;pida y hontestamente. : Planifico mis tareas con cuidado</label>
        <groupsection idref="1"/>
        <box>
          <tlx>1506</tlx>
          <tly>1102</tly>
          <brx>1565</brx>
          <bry>1161</bry>
          <value>BIS01</value>
          <label>Raramente o nunca</label>
        </box>
        <box>
          <tlx>1659</tlx>
          <tly>1102</tly>
          <brx>1719</brx>
          <bry>1161</bry>
          <value>BIS02</value>
          <label>Ocasionalmente</label>
        </box>
        <box>
          <tlx>1813</tlx>
          <tly>1102</tly>
          <brx>1872</brx>
          <bry>1161</bry>
          <value>BIS03</value>
          <label>A menudo</label>
        </box>
        <box>
          <tlx>1967</tlx>
          <tly>1102</tly>
          <brx>2026</brx>
          <bry>1161</bry>
          <value>BIS04</value>
          <label>Siempre o casi siempre</label>
        </box>
      </boxgroup>
      <boxgroup>
        <type>1</type>
        <width>5</width>
        <varname>BIS_BIS02</varname>
        <sortorder>3</sortorder>
        <label>Las personas son diferentes en cuanto a la forma en que se comportan y piensan en distintas situaciones. &#xC9;sta es una prueba para medir algunas de las formas en que usted act&#xFA;a o piensa. No se detenga demasiado en ninguna de las oraciones. Responda r&#xE1;pida y hontestamente. : Hago las cosas sin pensar</label>
        <groupsection idref="1"/>
        <box>
          <tlx>1506</tlx>
          <tly>1226</tly>
          <brx>1565</brx>
          <bry>1285</bry>
          <value>BIS01</value>
          <label>Raramente o nunca</label>
        </box>
        <box>
          <tlx>1659</tlx>
          <tly>1226</tly>
          <brx>1719</brx>
          <bry>1285</bry>
          <value>BIS02</value>
          <label>Ocasionalmente</label>
        </box>
        <box>
          <tlx>1813</tlx>
          <tly>1226</tly>
          <brx>1872</brx>
          <bry>1285</bry>
          <value>BIS03</value>
          <label>A menudo</label>
        </box>
        <box>
          <tlx>1967</tlx>
          <tly>1226</tly>
          <brx>2026</brx>
          <bry>1285</bry>
          <value>BIS04</value>
          <label>Siempre o casi siempre</label>
        </box>
      </boxgroup>
      <boxgroup>
        <type>1</type>
        <width>5</width>
        <varname>BIS_BIS03</varname>
        <sortorder>4</sortorder>
        <label>Las personas son diferentes en cuanto a la forma en que se comportan y piensan en distintas situaciones. &#xC9;sta es una prueba para medir algunas de las formas en que usted act&#xFA;a o piensa. No se detenga demasiado en ninguna de las oraciones. Responda r&#xE1;pida y hontestamente. : Casi nunca me tomo las cosas a pecho (no me perturbo con facilidad)</label>
        <groupsection idref="1"/>
        <box>
          <tlx>1506</tlx>
          <tly>1350</tly>
          <brx>1565</brx>
          <bry>1409</bry>
          <value>BIS01</value>
          <label>Raramente o nunca</label>
        </box>
        <box>
          <tlx>1659</tlx>
          <tly>1350</tly>
          <brx>1719</brx>
          <bry>1409</bry>
          <value>BIS02</value>
          <label>Ocasionalmente</label>
        </box>
        <box>
          <tlx>1813</tlx>
          <tly>1350</tly>
          <brx>1872</brx>
          <bry>1409</bry>
          <value>BIS03</value>
          <label>A menudo</label>
        </box>
        <box>
          <tlx>1967</tlx>
          <tly>1350</tly>
          <brx>2026</brx>
          <bry>1409</bry>
          <value>BIS04</value>
          <label>Siempre o casi siempre</label>
        </box>
      </boxgroup>
      <boxgroup>
        <type>1</type>
        <width>5</width>
        <varname>BIS_BIS04</varname>
        <sortorder>5</sortorder>
        <label>Las personas son diferentes en cuanto a la forma en que se comportan y piensan en distintas situaciones. &#xC9;sta es una prueba para medir algunas de las formas en que usted act&#xFA;a o piensa. No se detenga demasiado en ninguna de las oraciones. Responda r&#xE1;pida y hontestamente. : Mis pensamientos pueden tener gran velocidad (tengo pensamientos que van muy r&#xE1;pido en mi mente)</label>
        <groupsection idref="1"/>
        <box>
          <tlx>1506</tlx>
          <tly>1474</tly>
          <brx>1565</brx>
          <bry>1533</bry>
          <value>BIS01</value>
          <label>Raramente o nunca</label>
        </box>
        <box>
          <tlx>1659</tlx>
          <tly>1474</tly>
          <brx>1719</brx>
          <bry>1533</bry>
          <value>BIS02</value>
          <label>Ocasionalmente</label>
        </box>
        <box>
          <tlx>1813</tlx>
          <tly>1474</tly>
          <brx>1872</brx>
          <bry>1533</bry>
          <value>BIS03</value>
          <label>A menudo</label>
        </box>
        <box>
          <tlx>1967</tlx>
          <tly>1474</tly>
          <brx>2026</brx>
          <bry>1533</bry>
          <value>BIS04</value>
          <label>Siempre o casi siempre</label>
        </box>
      </boxgroup>
      <boxgroup>
        <type>1</type>
        <width>5</width>
        <varname>BIS_BIS05</varname>
        <sortorder>6</sortorder>
        <label>Las personas son diferentes en cuanto a la forma en que se comportan y piensan en distintas situaciones. &#xC9;sta es una prueba para medir algunas de las formas en que usted act&#xFA;a o piensa. No se detenga demasiado en ninguna de las oraciones. Responda r&#xE1;pida y hontestamente. : Planifico mis viajes con anticipaci&#xF3;n</label>
        <groupsection idref="1"/>
        <box>
          <tlx>1506</tlx>
          <tly>1598</tly>
          <brx>1565</brx>
          <bry>1657</bry>
          <value>BIS01</value>
          <label>Raramente o nunca</label>
        </box>
        <box>
          <tlx>1659</tlx>
          <tly>1598</tly>
          <brx>1719</brx>
          <bry>1657</bry>
          <value>BIS02</value>
          <label>Ocasionalmente</label>
        </box>
        <box>
          <tlx>1813</tlx>
          <tly>1598</tly>
          <brx>1872</brx>
          <bry>1657</bry>
          <value>BIS03</value>
          <label>A menudo</label>
        </box>
        <box>
          <tlx>1967</tlx>
          <tly>1598</tly>
          <brx>2026</brx>
          <bry>1657</bry>
          <value>BIS04</value>
          <label>Siempre o casi siempre</label>
        </box>
      </boxgroup>
      <boxgroup>
        <type>1</type>
        <width>5</width>
        <varname>BIS_BIS06</varname>
        <sortorder>7</sortorder>
        <label>Las personas son diferentes en cuanto a la forma en que se comportan y piensan en distintas situaciones. &#xC9;sta es una prueba para medir algunas de las formas en que usted act&#xFA;a o piensa. No se detenga demasiado en ninguna de las oraciones. Responda r&#xE1;pida y hontestamente. : Soy una persona con autocontrol</label>
        <groupsection idref="1"/>
        <box>
          <tlx>1506</tlx>
          <tly>1722</tly>
          <brx>1565</brx>
          <bry>1781</bry>
          <value>BIS01</value>
          <label>Raramente o nunca</label>
        </box>
        <box>
          <tlx>1659</tlx>
          <tly>1722</tly>
          <brx>1719</brx>
          <bry>1781</bry>
          <value>BIS02</value>
          <label>Ocasionalmente</label>
        </box>
        <box>
          <tlx>1813</tlx>
          <tly>1722</tly>
          <brx>1872</brx>
          <bry>1781</bry>
          <value>BIS03</value>
          <label>A menudo</label>
        </box>
        <box>
          <tlx>1967</tlx>
          <tly>1722</tly>
          <brx>2026</brx>
          <bry>1781</bry>
          <value>BIS04</value>
          <label>Siempre o casi siempre</label>
        </box>
      </boxgroup>
      <boxgroup>
        <type>1</type>
        <width>5</width>
        <varname>BIS_BIS07</varname>
        <sortorder>8</sortorder>
        <label>Las personas son diferentes en cuanto a la forma en que se comportan y piensan en distintas situaciones. &#xC9;sta es una prueba para medir algunas de las formas en que usted act&#xFA;a o piensa. No se detenga demasiado en ninguna de las oraciones. Responda r&#xE1;pida y hontestamente. : Me concentro con facilidad</label>
        <groupsection idref="1"/>
        <box>
          <tlx>1506</tlx>
          <tly>1846</tly>
          <brx>1565</brx>
          <bry>1905</bry>
          <value>BIS01</value>
          <label>Raramente o nunca</label>
        </box>
        <box>
          <tlx>1659</tlx>
          <tly>1846</tly>
          <brx>1719</brx>
          <bry>1905</bry>
          <value>BIS02</value>
          <label>Ocasionalmente</label>
        </box>
        <box>
          <tlx>1813</tlx>
          <tly>1846</tly>
          <brx>1872</brx>
          <bry>1905</bry>
          <value>BIS03</value>
          <label>A menudo</label>
        </box>
        <box>
          <tlx>1967</tlx>
          <tly>1846</tly>
          <brx>2026</brx>
          <bry>1905</bry>
          <value>BIS04</value>
          <label>Siempre o casi siempre</label>
        </box>
      </boxgroup>
      <boxgroup>
        <type>1</type>
        <width>5</width>
        <varname>BIS_BIS08</varname>
        <sortorder>9</sortorder>
        <label>Las personas son diferentes en cuanto a la forma en que se comportan y piensan en distintas situaciones. &#xC9;sta es una prueba para medir algunas de las formas en que usted act&#xFA;a o piensa. No se detenga demasiado en ninguna de las oraciones. Responda r&#xE1;pida y hontestamente. : Ahorro con regularidad</label>
        <groupsection idref="1"/>
        <box>
          <tlx>1506</tlx>
          <tly>1970</tly>
          <brx>1565</brx>
          <bry>2029</bry>
          <value>BIS01</value>
          <label>Raramente o nunca</label>
        </box>
        <box>
          <tlx>1659</tlx>
          <tly>1970</tly>
          <brx>1719</brx>
          <bry>2029</bry>
          <value>BIS02</value>
          <label>Ocasionalmente</label>
        </box>
        <box>
          <tlx>1813</tlx>
          <tly>1970</tly>
          <brx>1872</brx>
          <bry>2029</bry>
          <value>BIS03</value>
          <label>A menudo</label>
        </box>
        <box>
          <tlx>1967</tlx>
          <tly>1970</tly>
          <brx>2026</brx>
          <bry>2029</bry>
          <value>BIS04</value>
          <label>Siempre o casi siempre</label>
        </box>
      </boxgroup>
      <boxgroup>
        <type>1</type>
        <width>5</width>
        <varname>BIS_BIS09</varname>
        <sortorder>10</sortorder>
        <label>Las personas son diferentes en cuanto a la forma en que se comportan y piensan en distintas situaciones. &#xC9;sta es una prueba para medir algunas de las formas en que usted act&#xFA;a o piensa. No se detenga demasiado en ninguna de las oraciones. Responda r&#xE1;pida y hontestamente. : Se me hace dif&#xED;cil estar quieto/a por per&#xED;odos largos de tiempo</label>
        <groupsection idref="1"/>
        <box>
          <tlx>1506</tlx>
          <tly>2094</tly>
          <brx>1565</brx>
          <bry>2153</bry>
          <value>BIS01</value>
          <label>Raramente o nunca</label>
        </box>
        <box>
          <tlx>1659</tlx>
          <tly>2094</tly>
          <brx>1719</brx>
          <bry>2153</bry>
          <value>BIS02</value>
          <label>Ocasionalmente</label>
        </box>
        <box>
          <tlx>1813</tlx>
          <tly>2094</tly>
          <brx>1872</brx>
          <bry>2153</bry>
          <value>BIS03</value>
          <label>A menudo</label>
        </box>
        <box>
          <tlx>1967</tlx>
          <tly>2094</tly>
          <brx>2026</brx>
          <bry>2153</bry>
          <value>BIS04</value>
          <label>Siempre o casi siempre</label>
        </box>
      </boxgroup>
      <boxgroup>
        <type>1</type>
        <width>5</width>
        <varname>BIS_BIS10</varname>
        <sortorder>11</sortorder>
        <label>Las personas son diferentes en cuanto a la forma en que se comportan y piensan en distintas situaciones. &#xC9;sta es una prueba para medir algunas de las formas en que usted act&#xFA;a o piensa. No se detenga demasiado en ninguna de las oraciones. Responda r&#xE1;pida y hontestamente. : Pienso las cosas cuidadosamente</label>
        <groupsection idref="1"/>
        <box>
          <tlx>1506</tlx>
          <tly>2218</tly>
          <brx>1565</brx>
          <bry>2277</bry>
          <value>BIS01</value>
          <label>Raramente o nunca</label>
        </box>
        <box>
          <tlx>1659</tlx>
          <tly>2218</tly>
          <brx>1719</brx>
          <bry>2277</bry>
          <value>BIS02</value>
          <label>Ocasionalmente</label>
        </box>
        <box>
          <tlx>1813</tlx>
          <tly>2218</tly>
          <brx>1872</brx>
          <bry>2277</bry>
          <value>BIS03</value>
          <label>A menudo</label>
        </box>
        <box>
          <tlx>1967</tlx>
          <tly>2218</tly>
          <brx>2026</brx>
          <bry>2277</bry>
          <value>BIS04</value>
          <label>Siempre o casi siempre</label>
        </box>
      </boxgroup>
      <boxgroup>
        <type>1</type>
        <width>4</width>
        <varname>BIS2_BIS11</varname>
        <sortorder>12</sortorder>
        <label>Planifico para tener un trabajo (me esfuerzo por asegurar que tendr&#xE9; dinero para pagar por mis gastos)</label>
        <groupsection idref="1"/>
        <box>
          <tlx>1506</tlx>
          <tly>2534</tly>
          <brx>1565</brx>
          <bry>2594</bry>
          <value>BIS1</value>
          <label>Raramente o nunca</label>
        </box>
        <box>
          <tlx>1659</tlx>
          <tly>2534</tly>
          <brx>1719</brx>
          <bry>2594</bry>
          <value>BIS2</value>
          <label>Ocasionalmente</label>
        </box>
        <box>
          <tlx>1813</tlx>
          <tly>2534</tly>
          <brx>1872</brx>
          <bry>2594</bry>
          <value>BIS3</value>
          <label>A menudo</label>
        </box>
        <box>
          <tlx>1967</tlx>
          <tly>2534</tly>
          <brx>2026</brx>
          <bry>2594</bry>
          <value>BIS4</value>
          <label>Siempre o casi siempre</label>
        </box>
      </boxgroup>
      <boxgroup>
        <type>1</type>
        <width>4</width>
        <varname>BIS2_BIS12</varname>
        <sortorder>13</sortorder>
        <label>Digo las cosas sin pensar</label>
        <groupsection idref="1"/>
        <box>
          <tlx>1506</tlx>
          <tly>2658</tly>
          <brx>1565</brx>
          <bry>2718</bry>
          <value>BIS1</value>
          <label>Raramente o nunca</label>
        </box>
        <box>
          <tlx>1659</tlx>
          <tly>2658</tly>
          <brx>1719</brx>
          <bry>2718</bry>
          <value>BIS2</value>
          <label>Ocasionalmente</label>
        </box>
        <box>
          <tlx>1813</tlx>
          <tly>2658</tly>
          <brx>1872</brx>
          <bry>2718</bry>
          <value>BIS3</value>
          <label>A menudo</label>
        </box>
        <box>
          <tlx>1967</tlx>
          <tly>2658</tly>
          <brx>2026</brx>
          <bry>2718</bry>
          <value>BIS4</value>
          <label>Siempre o casi siempre</label>
        </box>
      </boxgroup>
      <boxgroup>
        <type>1</type>
        <width>4</width>
        <varname>BIS2_BIS13</varname>
        <sortorder>14</sortorder>
        <label>Me gusta pensar sobre problemas complicados</label>
        <groupsection idref="1"/>
        <box>
          <tlx>1506</tlx>
          <tly>2782</tly>
          <brx>1565</brx>
          <bry>2842</bry>
          <value>BIS1</value>
          <label>Raramente o nunca</label>
        </box>
        <box>
          <tlx>1659</tlx>
          <tly>2782</tly>
          <brx>1719</brx>
          <bry>2842</bry>
          <value>BIS2</value>
          <label>Ocasionalmente</label>
        </box>
        <box>
          <tlx>1813</tlx>
          <tly>2782</tly>
          <brx>1872</brx>
          <bry>2842</bry>
          <value>BIS3</value>
          <label>A menudo</label>
        </box>
        <box>
          <tlx>1967</tlx>
          <tly>2782</tly>
          <brx>2026</brx>
          <bry>2842</bry>
          <value>BIS4</value>
          <label>Siempre o casi siempre</label>
        </box>
      </boxgroup>
      <boxgroup>
        <type>1</type>
        <width>4</width>
        <varname>BIS2_BIS14</varname>
        <sortorder>15</sortorder>
        <label>Cambio de trabajo frecuentemente (no me quedo en el mismo trabajo por per&#xED;odos largos de tiempo)</label>
        <groupsection idref="1"/>
        <box>
          <tlx>1506</tlx>
          <tly>2906</tly>
          <brx>1565</brx>
          <bry>2966</bry>
          <value>BIS1</value>
          <label>Raramente o nunca</label>
        </box>
        <box>
          <tlx>1659</tlx>
          <tly>2906</tly>
          <brx>1719</brx>
          <bry>2966</bry>
          <value>BIS2</value>
          <label>Ocasionalmente</label>
        </box>
        <box>
          <tlx>1813</tlx>
          <tly>2906</tly>
          <brx>1872</brx>
          <bry>2966</bry>
          <value>BIS3</value>
          <label>A menudo</label>
        </box>
        <box>
          <tlx>1967</tlx>
          <tly>2906</tly>
          <brx>2026</brx>
          <bry>2966</bry>
          <value>BIS4</value>
          <label>Siempre o casi siempre</label>
        </box>
      </boxgroup>
      <boxgroup>
        <type>1</type>
        <width>4</width>
        <varname>BIS2_BIS15</varname>
        <sortorder>16</sortorder>
        <label>Act&#xFA;o impulsivamente</label>
        <groupsection idref="1"/>
        <box>
          <tlx>1506</tlx>
          <tly>3031</tly>
          <brx>1565</brx>
          <bry>3090</bry>
          <value>BIS1</value>
          <label>Raramente o nunca</label>
        </box>
        <box>
          <tlx>1659</tlx>
          <tly>3031</tly>
          <brx>1719</brx>
          <bry>3090</bry>
          <value>BIS2</value>
          <label>Ocasionalmente</label>
        </box>
        <box>
          <tlx>1813</tlx>
          <tly>3031</tly>
          <brx>1872</brx>
          <bry>3090</bry>
          <value>BIS3</value>
          <label>A menudo</label>
        </box>
        <box>
          <tlx>1967</tlx>
          <tly>3031</tly>
          <brx>2026</brx>
          <bry>3090</bry>
          <value>BIS4</value>
          <label>Siempre o casi siempre</label>
        </box>
      </boxgroup>
      <boxgroup>
        <type>1</type>
        <width>4</width>
        <varname>BIS2_BIS16</varname>
        <sortorder>17</sortorder>
        <label>Me aburro con facilidad tratando de resolver problemas en mi mente</label>
        <groupsection idref="1"/>
        <box>
          <tlx>1506</tlx>
          <tly>3155</tly>
          <brx>1565</brx>
          <bry>3214</bry>
          <value>BIS1</value>
          <label>Raramente o nunca</label>
        </box>
        <box>
          <tlx>1659</tlx>
          <tly>3155</tly>
          <brx>1719</brx>
          <bry>3214</bry>
          <value>BIS2</value>
          <label>Ocasionalmente</label>
        </box>
        <box>
          <tlx>1813</tlx>
          <tly>3155</tly>
          <brx>1872</brx>
          <bry>3214</bry>
          <value>BIS3</value>
          <label>A menudo</label>
        </box>
        <box>
          <tlx>1967</tlx>
          <tly>3155</tly>
          <brx>2026</brx>
          <bry>3214</bry>
          <value>BIS4</value>
          <label>Siempre o casi siempre</label>
        </box>
      </boxgroup>
    </page>
    <page>
      <id>46452202</id>
      <tlx>283</tlx>
      <tly>283</tly>
      <trx>2197</trx>
      <try>283</try>
      <brx>2197</brx>
      <bry>3224</bry>
      <blx>283</blx>
      <bly>3224</bly>
      <rotation>0</rotation>
      <boxgroup>
        <type>1</type>
        <width>4</width>
        <varname>BIS2_BIS17</varname>
        <sortorder>18</sortorder>
        <label>Visito al m&#xE9;dico y al dentista con regularidad</label>
        <groupsection idref="1"/>
        <box>
          <tlx>1506</tlx>
          <tly>322</tly>
          <brx>1565</brx>
          <bry>381</bry>
          <value>BIS1</value>
          <label>Raramente o nunca</label>
        </box>
        <box>
          <tlx>1659</tlx>
          <tly>322</tly>
          <brx>1719</brx>
          <bry>381</bry>
          <value>BIS2</value>
          <label>Ocasionalmente</label>
        </box>
        <box>
          <tlx>1813</tlx>
          <tly>322</tly>
          <brx>1872</brx>
          <bry>381</bry>
          <value>BIS3</value>
          <label>A menudo</label>
        </box>
        <box>
          <tlx>1967</tlx>
          <tly>322</tly>
          <brx>2026</brx>
          <bry>381</bry>
          <value>BIS4</value>
          <label>Siempre o casi siempre</label>
        </box>
      </boxgroup>
      <boxgroup>
        <type>1</type>
        <width>4</width>
        <varname>BIS2_BIS18</varname>
        <sortorder>19</sortorder>
        <label>Hago las cosas en el momento en que se me ocurren</label>
        <groupsection idref="1"/>
        <box>
          <tlx>1506</tlx>
          <tly>446</tly>
          <brx>1565</brx>
          <bry>505</bry>
          <value>BIS1</value>
          <label>Raramente o nunca</label>
        </box>
        <box>
          <tlx>1659</tlx>
          <tly>446</tly>
          <brx>1719</brx>
          <bry>505</bry>
          <value>BIS2</value>
          <label>Ocasionalmente</label>
        </box>
        <box>
          <tlx>1813</tlx>
          <tly>446</tly>
          <brx>1872</brx>
          <bry>505</bry>
          <value>BIS3</value>
          <label>A menudo</label>
        </box>
        <box>
          <tlx>1967</tlx>
          <tly>446</tly>
          <brx>2026</brx>
          <bry>505</bry>
          <value>BIS4</value>
          <label>Siempre o casi siempre</label>
        </box>
      </boxgroup>
      <boxgroup>
        <type>1</type>
        <width>4</width>
        <varname>BIS2_BIS19</varname>
        <sortorder>20</sortorder>
        <label>Soy una persona que piensa sin distraerse (puedo enfocar mi mente en una sola cosa por mucho tiempo)</label>
        <groupsection idref="1"/>
        <box>
          <tlx>1506</tlx>
          <tly>570</tly>
          <brx>1565</brx>
          <bry>629</bry>
          <value>BIS1</value>
          <label>Raramente o nunca</label>
        </box>
        <box>
          <tlx>1659</tlx>
          <tly>570</tly>
          <brx>1719</brx>
          <bry>629</bry>
          <value>BIS2</value>
          <label>Ocasionalmente</label>
        </box>
        <box>
          <tlx>1813</tlx>
          <tly>570</tly>
          <brx>1872</brx>
          <bry>629</bry>
          <value>BIS3</value>
          <label>A menudo</label>
        </box>
        <box>
          <tlx>1967</tlx>
          <tly>570</tly>
          <brx>2026</brx>
          <bry>629</bry>
          <value>BIS4</value>
          <label>Siempre o casi siempre</label>
        </box>
      </boxgroup>
      <boxgroup>
        <type>1</type>
        <width>4</width>
        <varname>BIS2_BIS20</varname>
        <sortorder>21</sortorder>
        <label>Cambio de vivienda a menudo (me mudo con frecuencia o no me gusta vivir en el mismo lugar por mucho tiempo)</label>
        <groupsection idref="1"/>
        <box>
          <tlx>1506</tlx>
          <tly>694</tly>
          <brx>1565</brx>
          <bry>753</bry>
          <value>BIS1</value>
          <label>Raramente o nunca</label>
        </box>
        <box>
          <tlx>1659</tlx>
          <tly>694</tly>
          <brx>1719</brx>
          <bry>753</bry>
          <value>BIS2</value>
          <label>Ocasionalmente</label>
        </box>
        <box>
          <tlx>1813</tlx>
          <tly>694</tly>
          <brx>1872</brx>
          <bry>753</bry>
          <value>BIS3</value>
          <label>A menudo</label>
        </box>
        <box>
          <tlx>1967</tlx>
          <tly>694</tly>
          <brx>2026</brx>
          <bry>753</bry>
          <value>BIS4</value>
          <label>Siempre o casi siempre</label>
        </box>
      </boxgroup>
      <boxgroup>
        <type>1</type>
        <width>4</width>
        <varname>BIS3_BIS21</varname>
        <sortorder>22</sortorder>
        <label>Compro cosas compulsivamente</label>
        <groupsection idref="1"/>
        <box>
          <tlx>1506</tlx>
          <tly>1010</tly>
          <brx>1565</brx>
          <bry>1069</bry>
          <value>BIS1</value>
          <label>Raramente o nunca</label>
        </box>
        <box>
          <tlx>1659</tlx>
          <tly>1010</tly>
          <brx>1719</brx>
          <bry>1069</bry>
          <value>BIS2</value>
          <label>Ocasionalmente</label>
        </box>
        <box>
          <tlx>1813</tlx>
          <tly>1010</tly>
          <brx>1872</brx>
          <bry>1069</bry>
          <value>BIS3</value>
          <label>A menudo</label>
        </box>
        <box>
          <tlx>1967</tlx>
          <tly>1010</tly>
          <brx>2026</brx>
          <bry>1069</bry>
          <value>BIS4</value>
          <label>Siempre o casi siempre</label>
        </box>
      </boxgroup>
      <boxgroup>
        <type>1</type>
        <width>4</width>
        <varname>BIS3_BIS22</varname>
        <sortorder>23</sortorder>
        <label>Yo termino lo que empiezo</label>
        <groupsection idref="1"/>
        <box>
          <tlx>1506</tlx>
          <tly>1134</tly>
          <brx>1565</brx>
          <bry>1193</bry>
          <value>BIS1</value>
          <label>Raramente o nunca</label>
        </box>
        <box>
          <tlx>1659</tlx>
          <tly>1134</tly>
          <brx>1719</brx>
          <bry>1193</bry>
          <value>BIS2</value>
          <label>Ocasionalmente</label>
        </box>
        <box>
          <tlx>1813</tlx>
          <tly>1134</tly>
          <brx>1872</brx>
          <bry>1193</bry>
          <value>BIS3</value>
          <label>A menudo</label>
        </box>
        <box>
          <tlx>1967</tlx>
          <tly>1134</tly>
          <brx>2026</brx>
          <bry>1193</bry>
          <value>BIS4</value>
          <label>Siempre o casi siempre</label>
        </box>
      </boxgroup>
      <boxgroup>
        <type>1</type>
        <width>4</width>
        <varname>BIS3_BIS23</varname>
        <sortorder>24</sortorder>
        <label>Camino y me muevo con rapidez</label>
        <groupsection idref="1"/>
        <box>
          <tlx>1506</tlx>
          <tly>1258</tly>
          <brx>1565</brx>
          <bry>1317</bry>
          <value>BIS1</value>
          <label>Raramente o nunca</label>
        </box>
        <box>
          <tlx>1659</tlx>
          <tly>1258</tly>
          <brx>1719</brx>
          <bry>1317</bry>
          <value>BIS2</value>
          <label>Ocasionalmente</label>
        </box>
        <box>
          <tlx>1813</tlx>
          <tly>1258</tly>
          <brx>1872</brx>
          <bry>1317</bry>
          <value>BIS3</value>
          <label>A menudo</label>
        </box>
        <box>
          <tlx>1967</tlx>
          <tly>1258</tly>
          <brx>2026</brx>
          <bry>1317</bry>
          <value>BIS4</value>
          <label>Siempre o casi siempre</label>
        </box>
      </boxgroup>
      <boxgroup>
        <type>1</type>
        <width>4</width>
        <varname>BIS3_BIS24</varname>
        <sortorder>25</sortorder>
        <label>Resuelvo los problemas experimentando (resuelvo los problemas tratando una posible soluci&#xF3;n y viendo si funciona)</label>
        <groupsection idref="1"/>
        <box>
          <tlx>1506</tlx>
          <tly>1382</tly>
          <brx>1565</brx>
          <bry>1441</bry>
          <value>BIS1</value>
          <label>Raramente o nunca</label>
        </box>
        <box>
          <tlx>1659</tlx>
          <tly>1382</tly>
          <brx>1719</brx>
          <bry>1441</bry>
          <value>BIS2</value>
          <label>Ocasionalmente</label>
        </box>
        <box>
          <tlx>1813</tlx>
          <tly>1382</tly>
          <brx>1872</brx>
          <bry>1441</bry>
          <value>BIS3</value>
          <label>A menudo</label>
        </box>
        <box>
          <tlx>1967</tlx>
          <tly>1382</tly>
          <brx>2026</brx>
          <bry>1441</bry>
          <value>BIS4</value>
          <label>Siempre o casi siempre</label>
        </box>
      </boxgroup>
      <boxgroup>
        <type>1</type>
        <width>4</width>
        <varname>BIS3_BIS25</varname>
        <sortorder>26</sortorder>
        <label>Gasto efectivo o en cr&#xE9;dito m&#xE1;s de lo que gano</label>
        <groupsection idref="1"/>
        <box>
          <tlx>1506</tlx>
          <tly>1506</tly>
          <brx>1565</brx>
          <bry>1565</bry>
          <value>BIS1</value>
          <label>Raramente o nunca</label>
        </box>
        <box>
          <tlx>1659</tlx>
          <tly>1506</tly>
          <brx>1719</brx>
          <bry>1565</bry>
          <value>BIS2</value>
          <label>Ocasionalmente</label>
        </box>
        <box>
          <tlx>1813</tlx>
          <tly>1506</tly>
          <brx>1872</brx>
          <bry>1565</bry>
          <value>BIS3</value>
          <label>A menudo</label>
        </box>
        <box>
          <tlx>1967</tlx>
          <tly>1506</tly>
          <brx>2026</brx>
          <bry>1565</bry>
          <value>BIS4</value>
          <label>Siempre o casi siempre</label>
        </box>
      </boxgroup>
      <boxgroup>
        <type>1</type>
        <width>4</width>
        <varname>BIS3_BIS26</varname>
        <sortorder>27</sortorder>
        <label>Hablo r&#xE1;pido</label>
        <groupsection idref="1"/>
        <box>
          <tlx>1506</tlx>
          <tly>1630</tly>
          <brx>1565</brx>
          <bry>1689</bry>
          <value>BIS1</value>
          <label>Raramente o nunca</label>
        </box>
        <box>
          <tlx>1659</tlx>
          <tly>1630</tly>
          <brx>1719</brx>
          <bry>1689</bry>
          <value>BIS2</value>
          <label>Ocasionalmente</label>
        </box>
        <box>
          <tlx>1813</tlx>
          <tly>1630</tly>
          <brx>1872</brx>
          <bry>1689</bry>
          <value>BIS3</value>
          <label>A menudo</label>
        </box>
        <box>
          <tlx>1967</tlx>
          <tly>1630</tly>
          <brx>2026</brx>
          <bry>1689</bry>
          <value>BIS4</value>
          <label>Siempre o casi siempre</label>
        </box>
      </boxgroup>
      <boxgroup>
        <type>1</type>
        <width>4</width>
        <varname>BIS3_BIS27</varname>
        <sortorder>28</sortorder>
        <label>Tengo pensamientos extra&#xF1;os cuando estoy pensando (a veces tengo pensamientos irrelevantes cuando pienso)</label>
        <groupsection idref="1"/>
        <box>
          <tlx>1506</tlx>
          <tly>1754</tly>
          <brx>1565</brx>
          <bry>1813</bry>
          <value>BIS1</value>
          <label>Raramente o nunca</label>
        </box>
        <box>
          <tlx>1659</tlx>
          <tly>1754</tly>
          <brx>1719</brx>
          <bry>1813</bry>
          <value>BIS2</value>
          <label>Ocasionalmente</label>
        </box>
        <box>
          <tlx>1813</tlx>
          <tly>1754</tly>
          <brx>1872</brx>
          <bry>1813</bry>
          <value>BIS3</value>
          <label>A menudo</label>
        </box>
        <box>
          <tlx>1967</tlx>
          <tly>1754</tly>
          <brx>2026</brx>
          <bry>1813</bry>
          <value>BIS4</value>
          <label>Siempre o casi siempre</label>
        </box>
      </boxgroup>
      <boxgroup>
        <type>1</type>
        <width>4</width>
        <varname>BIS3_BIS28</varname>
        <sortorder>29</sortorder>
        <label>Me interesa m&#xE1;s el presente que el futuro</label>
        <groupsection idref="1"/>
        <box>
          <tlx>1506</tlx>
          <tly>1878</tly>
          <brx>1565</brx>
          <bry>1938</bry>
          <value>BIS1</value>
          <label>Raramente o nunca</label>
        </box>
        <box>
          <tlx>1659</tlx>
          <tly>1878</tly>
          <brx>1719</brx>
          <bry>1938</bry>
          <value>BIS2</value>
          <label>Ocasionalmente</label>
        </box>
        <box>
          <tlx>1813</tlx>
          <tly>1878</tly>
          <brx>1872</brx>
          <bry>1938</bry>
          <value>BIS3</value>
          <label>A menudo</label>
        </box>
        <box>
          <tlx>1967</tlx>
          <tly>1878</tly>
          <brx>2026</brx>
          <bry>1938</bry>
          <value>BIS4</value>
          <label>Siempre o casi siempre</label>
        </box>
      </boxgroup>
      <boxgroup>
        <type>1</type>
        <width>4</width>
        <varname>BIS3_BIS29</varname>
        <sortorder>30</sortorder>
        <label>Me siento inquieto/a en clases o charlas (me siento inquieto/a si tengo que o&#xED;r a alguien hablar por un largo per&#xED;odo de tiempo)</label>
        <groupsection idref="1"/>
        <box>
          <tlx>1506</tlx>
          <tly>2002</tly>
          <brx>1565</brx>
          <bry>2062</bry>
          <value>BIS1</value>
          <label>Raramente o nunca</label>
        </box>
        <box>
          <tlx>1659</tlx>
          <tly>2002</tly>
          <brx>1719</brx>
          <bry>2062</bry>
          <value>BIS2</value>
          <label>Ocasionalmente</label>
        </box>
        <box>
          <tlx>1813</tlx>
          <tly>2002</tly>
          <brx>1872</brx>
          <bry>2062</bry>
          <value>BIS3</value>
          <label>A menudo</label>
        </box>
        <box>
          <tlx>1967</tlx>
          <tly>2002</tly>
          <brx>2026</brx>
          <bry>2062</bry>
          <value>BIS4</value>
          <label>Siempre o casi siempre</label>
        </box>
      </boxgroup>
      <boxgroup>
        <type>1</type>
        <width>4</width>
        <varname>BIS3_BIS30</varname>
        <sortorder>31</sortorder>
        <label>Planifico el futuro (me interesa m&#xE1;s el futuro que el presente)</label>
        <groupsection idref="1"/>
        <box>
          <tlx>1506</tlx>
          <tly>2126</tly>
          <brx>1565</brx>
          <bry>2186</bry>
          <value>BIS1</value>
          <label>Raramente o nunca</label>
        </box>
        <box>
          <tlx>1659</tlx>
          <tly>2126</tly>
          <brx>1719</brx>
          <bry>2186</bry>
          <value>BIS2</value>
          <label>Ocasionalmente</label>
        </box>
        <box>
          <tlx>1813</tlx>
          <tly>2126</tly>
          <brx>1872</brx>
          <bry>2186</bry>
          <value>BIS3</value>
          <label>A menudo</label>
        </box>
        <box>
          <tlx>1967</tlx>
          <tly>2126</tly>
          <brx>2026</brx>
          <bry>2186</bry>
          <value>BIS4</value>
          <label>Siempre o casi siempre</label>
        </box>
      </boxgroup>
    </page>
  </questionnaire>
</queXF>
