<?xml version="1.0"?>
<queXF>
  <questionnaire>
    <id>874199</id>
    <section id="1">
      <label>Miradas</label>
      <title>Section A</title>
    </section>
    <section id="2">
      <label>Miradas1</label>
      <title>Section B</title>
    </section>
    <section id="3">
      <label>Miradas2</label>
      <title>Section C</title>
    </section>
    <section id="4">
      <label>Miradas3</label>
      <title>Section D</title>
    </section>
    <section id="5">
      <label>Miradas4</label>
      <title>Section E</title>
    </section>
    <section id="6">
      <label>Miradas5</label>
      <title>Section F</title>
    </section>
    <section id="7">
      <label>Miradas6</label>
      <title>Section G</title>
    </section>
    <section id="8">
      <label>Miradas7</label>
      <title>Section H</title>
    </section>
    <section id="9">
      <label>Miradas8</label>
      <title>Section I</title>
    </section>
    <section id="10">
      <label>Miradas9</label>
      <title>Section J</title>
    </section>
    <section id="11">
      <label>Miradas10</label>
      <title>Section K</title>
    </section>
    <section id="12">
      <label>Miradas11</label>
      <title>Section L</title>
    </section>
    <section id="13">
      <label>Miradas12</label>
      <title>Section M</title>
    </section>
    <section id="14">
      <label>Miradas13</label>
      <title>Section N</title>
    </section>
    <section id="15">
      <label>Miradas14</label>
      <title>Section O</title>
    </section>
    <section id="16">
      <label>Miradas15</label>
      <title>Section P</title>
    </section>
    <section id="17">
      <label>Miradas16</label>
      <title>Section Q</title>
    </section>
    <section id="18">
      <label>Miradas17</label>
      <title>Section R</title>
    </section>
    <page>
      <id>87419901</id>
      <tlx>283</tlx>
      <tly>283</tly>
      <trx>2197</trx>
      <try>283</try>
      <brx>2197</brx>
      <bry>3224</bry>
      <blx>283</blx>
      <bly>3224</bly>
      <rotation>0</rotation>
      <boxgroup>
        <type>4</type>
        <width>8</width>
        <varname>RUT</varname>
        <sortorder>1</sortorder>
        <label>RUT (sin puntos, gui&#xF3;n ni d&#xED;gito verificador. Ejemplo si el rut es 17.736.727-1 escribir 17736727):</label>
        <groupsection idref="1"/>
        <box>
          <tlx>1515</tlx>
          <tly>851</tly>
          <brx>1586</brx>
          <bry>946</bry>
          <value></value>
          <label></label>
        </box>
        <box>
          <tlx>1588</tlx>
          <tly>851</tly>
          <brx>1659</brx>
          <bry>946</bry>
          <value></value>
          <label></label>
        </box>
        <box>
          <tlx>1661</tlx>
          <tly>851</tly>
          <brx>1731</brx>
          <bry>946</bry>
          <value></value>
          <label></label>
        </box>
        <box>
          <tlx>1733</tlx>
          <tly>851</tly>
          <brx>1804</brx>
          <bry>946</bry>
          <value></value>
          <label></label>
        </box>
        <box>
          <tlx>1806</tlx>
          <tly>851</tly>
          <brx>1877</brx>
          <bry>946</bry>
          <value></value>
          <label></label>
        </box>
        <box>
          <tlx>1879</tlx>
          <tly>851</tly>
          <brx>1949</brx>
          <bry>946</bry>
          <value></value>
          <label></label>
        </box>
        <box>
          <tlx>1951</tlx>
          <tly>851</tly>
          <brx>2022</brx>
          <bry>946</bry>
          <value></value>
          <label></label>
        </box>
        <box>
          <tlx>2024</tlx>
          <tly>851</tly>
          <brx>2095</brx>
          <bry>946</bry>
          <value></value>
          <label></label>
        </box>
      </boxgroup>
      <boxgroup>
        <type>1</type>
        <width>5</width>
        <varname>MirPractica</varname>
        <sortorder>2</sortorder>
        <label>&lt;p&gt;&lt;/p&gt; : </label>
        <groupsection idref="1"/>
        <box>
          <tlx>1967</tlx>
          <tly>1067</tly>
          <brx>2026</brx>
          <bry>1126</bry>
          <value>Ejem1</value>
          <label>CELOSO/A</label>
        </box>
        <box>
          <tlx>1967</tlx>
          <tly>1174</tly>
          <brx>2026</brx>
          <bry>1233</bry>
          <value>Ejem2</value>
          <label>ATERRADO/A</label>
        </box>
        <box>
          <tlx>1967</tlx>
          <tly>1280</tly>
          <brx>2026</brx>
          <bry>1339</bry>
          <value>Ejem3</value>
          <label>ARROGANTE</label>
        </box>
        <box>
          <tlx>1967</tlx>
          <tly>1386</tly>
          <brx>2026</brx>
          <bry>1445</bry>
          <value>Ejem4</value>
          <label>ODIOSO/A</label>
        </box>
      </boxgroup>
      <boxgroup>
        <type>1</type>
        <width>5</width>
        <varname>Mir1</varname>
        <sortorder>3</sortorder>
        <label>1. : </label>
        <groupsection idref="2"/>
        <box>
          <tlx>1967</tlx>
          <tly>1779</tly>
          <brx>2026</brx>
          <bry>1838</bry>
          <value>MI1p1</value>
          <label>ALEGRE</label>
        </box>
        <box>
          <tlx>1967</tlx>
          <tly>1886</tly>
          <brx>2026</brx>
          <bry>1945</bry>
          <value>MI1p2</value>
          <label>COMPASIVO/A</label>
        </box>
        <box>
          <tlx>1967</tlx>
          <tly>1992</tly>
          <brx>2026</brx>
          <bry>2051</bry>
          <value>MI1p3</value>
          <label>IRRITADO/A</label>
        </box>
        <box>
          <tlx>1967</tlx>
          <tly>2098</tly>
          <brx>2026</brx>
          <bry>2157</bry>
          <value>MI1p4</value>
          <label>ABURRIDO/A</label>
        </box>
      </boxgroup>
      <boxgroup>
        <type>1</type>
        <width>5</width>
        <varname>Mir2</varname>
        <sortorder>4</sortorder>
        <label>2. : </label>
        <groupsection idref="3"/>
        <box>
          <tlx>1967</tlx>
          <tly>2491</tly>
          <brx>2026</brx>
          <bry>2551</bry>
          <value>MI2p1</value>
          <label>ATERRORIZADO/A</label>
        </box>
        <box>
          <tlx>1967</tlx>
          <tly>2598</tly>
          <brx>2026</brx>
          <bry>2657</bry>
          <value>MI2p2</value>
          <label>PREOCUPADO/A</label>
        </box>
        <box>
          <tlx>1967</tlx>
          <tly>2704</tly>
          <brx>2026</brx>
          <bry>2763</bry>
          <value>MI2p3</value>
          <label>ARROGANTE</label>
        </box>
        <box>
          <tlx>1967</tlx>
          <tly>2810</tly>
          <brx>2026</brx>
          <bry>2869</bry>
          <value>MI2p4</value>
          <label>MOLESTO/A</label>
        </box>
      </boxgroup>
    </page>
    <page>
      <id>87419902</id>
      <tlx>283</tlx>
      <tly>283</tly>
      <trx>2197</trx>
      <try>283</try>
      <brx>2197</brx>
      <bry>3224</bry>
      <blx>283</blx>
      <bly>3224</bly>
      <rotation>0</rotation>
      <boxgroup>
        <type>1</type>
        <width>5</width>
        <varname>Mir3</varname>
        <sortorder>5</sortorder>
        <label>3. : </label>
        <groupsection idref="4"/>
        <box>
          <tlx>1967</tlx>
          <tly>470</tly>
          <brx>2026</brx>
          <bry>529</bry>
          <value>MI3p1</value>
          <label>CHISTOSO/A</label>
        </box>
        <box>
          <tlx>1967</tlx>
          <tly>576</tly>
          <brx>2026</brx>
          <bry>635</bry>
          <value>MI3p2</value>
          <label>CONMOCIONADO/A</label>
        </box>
        <box>
          <tlx>1967</tlx>
          <tly>683</tly>
          <brx>2026</brx>
          <bry>742</bry>
          <value>MI3p3</value>
          <label>DESEOSO/A</label>
        </box>
        <box>
          <tlx>1967</tlx>
          <tly>789</tly>
          <brx>2026</brx>
          <bry>848</bry>
          <value>MI3p4</value>
          <label>CONVENCIDO/A</label>
        </box>
      </boxgroup>
      <boxgroup>
        <type>1</type>
        <width>5</width>
        <varname>Mir4</varname>
        <sortorder>6</sortorder>
        <label>4. : </label>
        <groupsection idref="5"/>
        <box>
          <tlx>1967</tlx>
          <tly>1182</tly>
          <brx>2026</brx>
          <bry>1241</bry>
          <value>MI4p1</value>
          <label>CHISTOSO/A</label>
        </box>
        <box>
          <tlx>1967</tlx>
          <tly>1288</tly>
          <brx>2026</brx>
          <bry>1347</bry>
          <value>MI4p2</value>
          <label>INSISTENTE</label>
        </box>
        <box>
          <tlx>1967</tlx>
          <tly>1395</tly>
          <brx>2026</brx>
          <bry>1454</bry>
          <value>MI4p3</value>
          <label>DIVERTIDO/A</label>
        </box>
        <box>
          <tlx>1967</tlx>
          <tly>1501</tly>
          <brx>2026</brx>
          <bry>1560</bry>
          <value>MI4p4</value>
          <label>RELAJADO/A</label>
        </box>
      </boxgroup>
      <boxgroup>
        <type>1</type>
        <width>5</width>
        <varname>Mir5</varname>
        <sortorder>7</sortorder>
        <label>5. : </label>
        <groupsection idref="6"/>
        <box>
          <tlx>1967</tlx>
          <tly>1894</tly>
          <brx>2026</brx>
          <bry>1953</bry>
          <value>MI5p1</value>
          <label>IRRITADO/A</label>
        </box>
        <box>
          <tlx>1967</tlx>
          <tly>2000</tly>
          <brx>2026</brx>
          <bry>2060</bry>
          <value>MI5p2</value>
          <label>SARC&#xC1;STICO/A</label>
        </box>
        <box>
          <tlx>1967</tlx>
          <tly>2107</tly>
          <brx>2026</brx>
          <bry>2166</bry>
          <value>MI5p3</value>
          <label>PREOCUPADO/A</label>
        </box>
        <box>
          <tlx>1967</tlx>
          <tly>2213</tly>
          <brx>2026</brx>
          <bry>2272</bry>
          <value>MI5p4</value>
          <label>SIMP&#xC1;TICO/A</label>
        </box>
      </boxgroup>
      <boxgroup>
        <type>1</type>
        <width>5</width>
        <varname>Mir6</varname>
        <sortorder>8</sortorder>
        <label>6. : </label>
        <groupsection idref="7"/>
        <box>
          <tlx>1967</tlx>
          <tly>2606</tly>
          <brx>2026</brx>
          <bry>2665</bry>
          <value>MI6p1</value>
          <label>ATERRADO/A</label>
        </box>
        <box>
          <tlx>1967</tlx>
          <tly>2713</tly>
          <brx>2026</brx>
          <bry>2772</bry>
          <value>MI6p2</value>
          <label>SO&#xD1;ADOR/A</label>
        </box>
        <box>
          <tlx>1967</tlx>
          <tly>2819</tly>
          <brx>2026</brx>
          <bry>2878</bry>
          <value>MI6p3</value>
          <label>IMPACIENTE</label>
        </box>
        <box>
          <tlx>1967</tlx>
          <tly>2925</tly>
          <brx>2026</brx>
          <bry>2984</bry>
          <value>MI6p4</value>
          <label>ALARMADO/A</label>
        </box>
      </boxgroup>
    </page>
    <page>
      <id>87419903</id>
      <tlx>283</tlx>
      <tly>283</tly>
      <trx>2197</trx>
      <try>283</try>
      <brx>2197</brx>
      <bry>3224</bry>
      <blx>283</blx>
      <bly>3224</bly>
      <rotation>0</rotation>
      <boxgroup>
        <type>1</type>
        <width>5</width>
        <varname>Mir7</varname>
        <sortorder>9</sortorder>
        <label>7. : </label>
        <groupsection idref="8"/>
        <box>
          <tlx>1967</tlx>
          <tly>470</tly>
          <brx>2026</brx>
          <bry>529</bry>
          <value>MI7p1</value>
          <label>APENADO/A</label>
        </box>
        <box>
          <tlx>1967</tlx>
          <tly>576</tly>
          <brx>2026</brx>
          <bry>635</bry>
          <value>MI7p2</value>
          <label>SIMP&#xC1;TICO/A</label>
        </box>
        <box>
          <tlx>1967</tlx>
          <tly>683</tly>
          <brx>2026</brx>
          <bry>742</bry>
          <value>MI7p3</value>
          <label>INC&#xD3;MODO/A</label>
        </box>
        <box>
          <tlx>1967</tlx>
          <tly>789</tly>
          <brx>2026</brx>
          <bry>848</bry>
          <value>MI7p4</value>
          <label>DESANIMADO/A</label>
        </box>
      </boxgroup>
      <boxgroup>
        <type>1</type>
        <width>5</width>
        <varname>Mir8</varname>
        <sortorder>10</sortorder>
        <label>8. : </label>
        <groupsection idref="9"/>
        <box>
          <tlx>1967</tlx>
          <tly>1182</tly>
          <brx>2026</brx>
          <bry>1241</bry>
          <value>MI8p1</value>
          <label>DESANIMADO/A</label>
        </box>
        <box>
          <tlx>1967</tlx>
          <tly>1288</tly>
          <brx>2026</brx>
          <bry>1347</bry>
          <value>MI8p2</value>
          <label>ALIVIADO/A</label>
        </box>
        <box>
          <tlx>1967</tlx>
          <tly>1395</tly>
          <brx>2026</brx>
          <bry>1454</bry>
          <value>MI8p3</value>
          <label>T&#xCD;MIDO/A</label>
        </box>
        <box>
          <tlx>1967</tlx>
          <tly>1501</tly>
          <brx>2026</brx>
          <bry>1560</bry>
          <value>MI8p4</value>
          <label>EXCITADO/A</label>
        </box>
      </boxgroup>
      <boxgroup>
        <type>1</type>
        <width>5</width>
        <varname>Mir9</varname>
        <sortorder>11</sortorder>
        <label>9. : </label>
        <groupsection idref="10"/>
        <box>
          <tlx>1967</tlx>
          <tly>1894</tly>
          <brx>2026</brx>
          <bry>1953</bry>
          <value>MI9p1</value>
          <label>MOLESTO/A</label>
        </box>
        <box>
          <tlx>1967</tlx>
          <tly>2000</tly>
          <brx>2026</brx>
          <bry>2060</bry>
          <value>MI9p2</value>
          <label>HOSTIL</label>
        </box>
        <box>
          <tlx>1967</tlx>
          <tly>2107</tly>
          <brx>2026</brx>
          <bry>2166</bry>
          <value>MI9p3</value>
          <label>HORRORIZADO/A</label>
        </box>
        <box>
          <tlx>1967</tlx>
          <tly>2213</tly>
          <brx>2026</brx>
          <bry>2272</bry>
          <value>MI9p4</value>
          <label>ENSIMISMADO</label>
        </box>
      </boxgroup>
      <boxgroup>
        <type>1</type>
        <width>5</width>
        <varname>Mir10</varname>
        <sortorder>12</sortorder>
        <label>10. : </label>
        <groupsection idref="11"/>
        <box>
          <tlx>1967</tlx>
          <tly>2606</tly>
          <brx>2026</brx>
          <bry>2665</bry>
          <value>M10p1</value>
          <label>CAUTELOSO/A</label>
        </box>
        <box>
          <tlx>1967</tlx>
          <tly>2713</tly>
          <brx>2026</brx>
          <bry>2772</bry>
          <value>M10p2</value>
          <label>INSISTENTE</label>
        </box>
        <box>
          <tlx>1967</tlx>
          <tly>2819</tly>
          <brx>2026</brx>
          <bry>2878</bry>
          <value>M10p3</value>
          <label>ABURRIDO/A</label>
        </box>
        <box>
          <tlx>1967</tlx>
          <tly>2925</tly>
          <brx>2026</brx>
          <bry>2984</bry>
          <value>M10p4</value>
          <label>ATERRADO/A</label>
        </box>
      </boxgroup>
    </page>
    <page>
      <id>87419904</id>
      <tlx>283</tlx>
      <tly>283</tly>
      <trx>2197</trx>
      <try>283</try>
      <brx>2197</brx>
      <bry>3224</bry>
      <blx>283</blx>
      <bly>3224</bly>
      <rotation>0</rotation>
      <boxgroup>
        <type>1</type>
        <width>5</width>
        <varname>Mir11</varname>
        <sortorder>13</sortorder>
        <label>11. : </label>
        <groupsection idref="12"/>
        <box>
          <tlx>1967</tlx>
          <tly>470</tly>
          <brx>2026</brx>
          <bry>529</bry>
          <value>M11p1</value>
          <label>ATERRORIZADO/A</label>
        </box>
        <box>
          <tlx>1967</tlx>
          <tly>576</tly>
          <brx>2026</brx>
          <bry>635</bry>
          <value>M11p2</value>
          <label>DIVERTIDO/A</label>
        </box>
        <box>
          <tlx>1967</tlx>
          <tly>683</tly>
          <brx>2026</brx>
          <bry>742</bry>
          <value>M11p3</value>
          <label>ARREPENTIDO/A</label>
        </box>
        <box>
          <tlx>1967</tlx>
          <tly>789</tly>
          <brx>2026</brx>
          <bry>848</bry>
          <value>M11p4</value>
          <label>ADULADOR/A</label>
        </box>
      </boxgroup>
      <boxgroup>
        <type>1</type>
        <width>5</width>
        <varname>Mir12</varname>
        <sortorder>14</sortorder>
        <label>12. : </label>
        <groupsection idref="13"/>
        <box>
          <tlx>1967</tlx>
          <tly>1182</tly>
          <brx>2026</brx>
          <bry>1241</bry>
          <value>M12p1</value>
          <label>CONFUNDIDO</label>
        </box>
        <box>
          <tlx>1967</tlx>
          <tly>1288</tly>
          <brx>2026</brx>
          <bry>1347</bry>
          <value>M12p2</value>
          <label>ABOCHORNADO/A</label>
        </box>
        <box>
          <tlx>1967</tlx>
          <tly>1395</tly>
          <brx>2026</brx>
          <bry>1454</bry>
          <value>M12p3</value>
          <label>ESC&#xC9;PTICO/A</label>
        </box>
        <box>
          <tlx>1967</tlx>
          <tly>1501</tly>
          <brx>2026</brx>
          <bry>1560</bry>
          <value>M12p4</value>
          <label>DESANIMADO/A</label>
        </box>
      </boxgroup>
      <boxgroup>
        <type>1</type>
        <width>5</width>
        <varname>Mir13</varname>
        <sortorder>15</sortorder>
        <label>13. : </label>
        <groupsection idref="14"/>
        <box>
          <tlx>1967</tlx>
          <tly>1894</tly>
          <brx>2026</brx>
          <bry>1953</bry>
          <value>M13p1</value>
          <label>RESUELTO/A</label>
        </box>
        <box>
          <tlx>1967</tlx>
          <tly>2000</tly>
          <brx>2026</brx>
          <bry>2060</bry>
          <value>M13p2</value>
          <label>EXPECTANTE</label>
        </box>
        <box>
          <tlx>1967</tlx>
          <tly>2107</tly>
          <brx>2026</brx>
          <bry>2166</bry>
          <value>M13p3</value>
          <label>AMENAZANTE</label>
        </box>
        <box>
          <tlx>1967</tlx>
          <tly>2213</tly>
          <brx>2026</brx>
          <bry>2272</bry>
          <value>M13p4</value>
          <label>T&#xCD;MIDO/A</label>
        </box>
      </boxgroup>
      <boxgroup>
        <type>1</type>
        <width>5</width>
        <varname>Mir14</varname>
        <sortorder>16</sortorder>
        <label>14. : </label>
        <groupsection idref="15"/>
        <box>
          <tlx>1967</tlx>
          <tly>2606</tly>
          <brx>2026</brx>
          <bry>2665</bry>
          <value>M14p1</value>
          <label>IRRITADO/A</label>
        </box>
        <box>
          <tlx>1967</tlx>
          <tly>2713</tly>
          <brx>2026</brx>
          <bry>2772</bry>
          <value>M14p2</value>
          <label>DESILUSIONADO/A</label>
        </box>
        <box>
          <tlx>1967</tlx>
          <tly>2819</tly>
          <brx>2026</brx>
          <bry>2878</bry>
          <value>M14p3</value>
          <label>DEPRIMIDO/A</label>
        </box>
        <box>
          <tlx>1967</tlx>
          <tly>2925</tly>
          <brx>2026</brx>
          <bry>2984</bry>
          <value>M14p4</value>
          <label>ACUSANTE</label>
        </box>
      </boxgroup>
    </page>
    <page>
      <id>87419905</id>
      <tlx>283</tlx>
      <tly>283</tly>
      <trx>2197</trx>
      <try>283</try>
      <brx>2197</brx>
      <bry>3224</bry>
      <blx>283</blx>
      <bly>3224</bly>
      <rotation>0</rotation>
      <boxgroup>
        <type>1</type>
        <width>5</width>
        <varname>Mir15</varname>
        <sortorder>17</sortorder>
        <label>15. : </label>
        <groupsection idref="16"/>
        <box>
          <tlx>1967</tlx>
          <tly>470</tly>
          <brx>2026</brx>
          <bry>529</bry>
          <value>M15p1</value>
          <label>CONTEMPLATIVO/A</label>
        </box>
        <box>
          <tlx>1967</tlx>
          <tly>576</tly>
          <brx>2026</brx>
          <bry>635</bry>
          <value>M15p2</value>
          <label>CONMOCIONADO/A</label>
        </box>
        <box>
          <tlx>1967</tlx>
          <tly>683</tly>
          <brx>2026</brx>
          <bry>742</bry>
          <value>M15p3</value>
          <label>ALENTADOR/A</label>
        </box>
        <box>
          <tlx>1967</tlx>
          <tly>789</tly>
          <brx>2026</brx>
          <bry>848</bry>
          <value>M15p4</value>
          <label>DIVERTIDO/A</label>
        </box>
      </boxgroup>
      <boxgroup>
        <type>1</type>
        <width>5</width>
        <varname>Mir16</varname>
        <sortorder>18</sortorder>
        <label>16. : </label>
        <groupsection idref="17"/>
        <box>
          <tlx>1967</tlx>
          <tly>1182</tly>
          <brx>2026</brx>
          <bry>1241</bry>
          <value>M16p1</value>
          <label>IRRITADO/A</label>
        </box>
        <box>
          <tlx>1967</tlx>
          <tly>1288</tly>
          <brx>2026</brx>
          <bry>1347</bry>
          <value>M16p2</value>
          <label>PENSATIVO/A</label>
        </box>
        <box>
          <tlx>1967</tlx>
          <tly>1395</tly>
          <brx>2026</brx>
          <bry>1454</bry>
          <value>M16p3</value>
          <label>ALENTADOR/A</label>
        </box>
        <box>
          <tlx>1967</tlx>
          <tly>1501</tly>
          <brx>2026</brx>
          <bry>1560</bry>
          <value>M16p4</value>
          <label>COMPRENSIVO/A</label>
        </box>
      </boxgroup>
      <boxgroup>
        <type>1</type>
        <width>5</width>
        <varname>Mir17</varname>
        <sortorder>19</sortorder>
        <label>17. : </label>
        <groupsection idref="18"/>
        <box>
          <tlx>1967</tlx>
          <tly>1894</tly>
          <brx>2026</brx>
          <bry>1953</bry>
          <value>M17p1</value>
          <label>DUBITATIVO/A</label>
        </box>
        <box>
          <tlx>1967</tlx>
          <tly>2000</tly>
          <brx>2026</brx>
          <bry>2060</bry>
          <value>M17p2</value>
          <label>CARI&#xD1;OSO/A</label>
        </box>
        <box>
          <tlx>1967</tlx>
          <tly>2107</tly>
          <brx>2026</brx>
          <bry>2166</bry>
          <value>M17p3</value>
          <label>ALEGRE</label>
        </box>
        <box>
          <tlx>1967</tlx>
          <tly>2213</tly>
          <brx>2026</brx>
          <bry>2272</bry>
          <value>M17p4</value>
          <label>ATERRADO/A</label>
        </box>
      </boxgroup>
    </page>
  </questionnaire>
</queXF>
