<?xml version="1.0" encoding="UTF-8"?>
<questionnaire id="874199">
  <title>Miradas</title>
  <investigator/>
  <dataCollector/>
  <questionnaireInfo>
    <position>before</position>
    <text>A continuación verá expresiones en los ojos de distintas personas. Por favor marque la alternativa que más representa la emoción de los ojos.</text>
    <administration>self</administration>
  </questionnaireInfo>
  <section id="34">
    <sectionInfo>
      <position>title</position>
      <text>Miradas</text>
      <administration>self</administration>
    </sectionInfo>
    <question>
      <text>RUT (sin puntos, guión ni dígito verificador. Ejemplo si el rut es 17.736.727-1 escribir 17736727):</text>
      <response varName="RUT">
        <free>
          <format>integer</format>
          <length>8</length>
          <label/>
        </free>
      </response>
    </question>
    <question>
      <text>&lt;p&gt;&lt;/p&gt;</text>
      <response varName="MirPractica">
        <fixed>
          <category>
            <label>CELOSO/A</label>
            <value>Ejem1</value>
          </category>
          <category>
            <label>ATERRADO/A</label>
            <value>Ejem2</value>
          </category>
          <category>
            <label>ARROGANTE</label>
            <value>Ejem3</value>
          </category>
          <category>
            <label>ODIOSO/A</label>
            <value>Ejem4</value>
          </category>
        </fixed>
      </response>
    </question>
  </section>
  <section id="74">
    <sectionInfo>
      <position>title</position>
      <text>Miradas1</text>
      <administration>self</administration>
    </sectionInfo>
    <question>
      <text>1.</text>
      <response varName="Mir1">
        <fixed>
          <category>
            <label>ALEGRE</label>
            <value>MI1p1</value>
          </category>
          <category>
            <label>COMPASIVO/A</label>
            <value>MI1p2</value>
          </category>
          <category>
            <label>IRRITADO/A</label>
            <value>MI1p3</value>
          </category>
          <category>
            <label>ABURRIDO/A</label>
            <value>MI1p4</value>
          </category>
        </fixed>
      </response>
    </question>
  </section>
  <section id="75">
    <sectionInfo>
      <position>title</position>
      <text>Miradas2</text>
      <administration>self</administration>
    </sectionInfo>
    <question>
      <text>2.</text>
      <response varName="Mir2">
        <fixed>
          <category>
            <label>ATERRORIZADO/A</label>
            <value>MI2p1</value>
          </category>
          <category>
            <label>PREOCUPADO/A</label>
            <value>MI2p2</value>
          </category>
          <category>
            <label>ARROGANTE</label>
            <value>MI2p3</value>
          </category>
          <category>
            <label>MOLESTO/A</label>
            <value>MI2p4</value>
          </category>
        </fixed>
      </response>
    </question>
  </section>
  <section id="76">
    <sectionInfo>
      <position>title</position>
      <text>Miradas3</text>
      <administration>self</administration>
    </sectionInfo>
    <question>
      <text>3.</text>
      <response varName="Mir3">
        <fixed>
          <category>
            <label>CHISTOSO/A</label>
            <value>MI3p1</value>
          </category>
          <category>
            <label>CONMOCIONADO/A</label>
            <value>MI3p2</value>
          </category>
          <category>
            <label>DESEOSO/A</label>
            <value>MI3p3</value>
          </category>
          <category>
            <label>CONVENCIDO/A</label>
            <value>MI3p4</value>
          </category>
        </fixed>
      </response>
    </question>
  </section>
  <section id="77">
    <sectionInfo>
      <position>title</position>
      <text>Miradas4</text>
      <administration>self</administration>
    </sectionInfo>
    <question>
      <text>4.</text>
      <response varName="Mir4">
        <fixed>
          <category>
            <label>CHISTOSO/A</label>
            <value>MI4p1</value>
          </category>
          <category>
            <label>INSISTENTE</label>
            <value>MI4p2</value>
          </category>
          <category>
            <label>DIVERTIDO/A</label>
            <value>MI4p3</value>
          </category>
          <category>
            <label>RELAJADO/A</label>
            <value>MI4p4</value>
          </category>
        </fixed>
      </response>
    </question>
  </section>
  <section id="78">
    <sectionInfo>
      <position>title</position>
      <text>Miradas5</text>
      <administration>self</administration>
    </sectionInfo>
    <question>
      <text>5.</text>
      <response varName="Mir5">
        <fixed>
          <category>
            <label>IRRITADO/A</label>
            <value>MI5p1</value>
          </category>
          <category>
            <label>SARCÁSTICO/A</label>
            <value>MI5p2</value>
          </category>
          <category>
            <label>PREOCUPADO/A</label>
            <value>MI5p3</value>
          </category>
          <category>
            <label>SIMPÁTICO/A</label>
            <value>MI5p4</value>
          </category>
        </fixed>
      </response>
    </question>
  </section>
  <section id="79">
    <sectionInfo>
      <position>title</position>
      <text>Miradas6</text>
      <administration>self</administration>
    </sectionInfo>
    <question>
      <text>6.</text>
      <response varName="Mir6">
        <fixed>
          <category>
            <label>ATERRADO/A</label>
            <value>MI6p1</value>
          </category>
          <category>
            <label>SOÑADOR/A</label>
            <value>MI6p2</value>
          </category>
          <category>
            <label>IMPACIENTE</label>
            <value>MI6p3</value>
          </category>
          <category>
            <label>ALARMADO/A</label>
            <value>MI6p4</value>
          </category>
        </fixed>
      </response>
    </question>
  </section>
  <section id="80">
    <sectionInfo>
      <position>title</position>
      <text>Miradas7</text>
      <administration>self</administration>
    </sectionInfo>
    <question>
      <text>7.</text>
      <response varName="Mir7">
        <fixed>
          <category>
            <label>APENADO/A</label>
            <value>MI7p1</value>
          </category>
          <category>
            <label>SIMPÁTICO/A</label>
            <value>MI7p2</value>
          </category>
          <category>
            <label>INCÓMODO/A</label>
            <value>MI7p3</value>
          </category>
          <category>
            <label>DESANIMADO/A</label>
            <value>MI7p4</value>
          </category>
        </fixed>
      </response>
    </question>
  </section>
  <section id="81">
    <sectionInfo>
      <position>title</position>
      <text>Miradas8</text>
      <administration>self</administration>
    </sectionInfo>
    <question>
      <text>8.</text>
      <response varName="Mir8">
        <fixed>
          <category>
            <label>DESANIMADO/A</label>
            <value>MI8p1</value>
          </category>
          <category>
            <label>ALIVIADO/A</label>
            <value>MI8p2</value>
          </category>
          <category>
            <label>TÍMIDO/A</label>
            <value>MI8p3</value>
          </category>
          <category>
            <label>EXCITADO/A</label>
            <value>MI8p4</value>
          </category>
        </fixed>
      </response>
    </question>
  </section>
  <section id="82">
    <sectionInfo>
      <position>title</position>
      <text>Miradas9</text>
      <administration>self</administration>
    </sectionInfo>
    <question>
      <text>9.</text>
      <response varName="Mir9">
        <fixed>
          <category>
            <label>MOLESTO/A</label>
            <value>MI9p1</value>
          </category>
          <category>
            <label>HOSTIL</label>
            <value>MI9p2</value>
          </category>
          <category>
            <label>HORRORIZADO/A</label>
            <value>MI9p3</value>
          </category>
          <category>
            <label>ENSIMISMADO</label>
            <value>MI9p4</value>
          </category>
        </fixed>
      </response>
    </question>
  </section>
  <section id="83">
    <sectionInfo>
      <position>title</position>
      <text>Miradas10</text>
      <administration>self</administration>
    </sectionInfo>
    <question>
      <text>10.</text>
      <response varName="Mir10">
        <fixed>
          <category>
            <label>CAUTELOSO/A</label>
            <value>M10p1</value>
          </category>
          <category>
            <label>INSISTENTE</label>
            <value>M10p2</value>
          </category>
          <category>
            <label>ABURRIDO/A</label>
            <value>M10p3</value>
          </category>
          <category>
            <label>ATERRADO/A</label>
            <value>M10p4</value>
          </category>
        </fixed>
      </response>
    </question>
  </section>
  <section id="84">
    <sectionInfo>
      <position>title</position>
      <text>Miradas11</text>
      <administration>self</administration>
    </sectionInfo>
    <question>
      <text>11.</text>
      <response varName="Mir11">
        <fixed>
          <category>
            <label>ATERRORIZADO/A</label>
            <value>M11p1</value>
          </category>
          <category>
            <label>DIVERTIDO/A</label>
            <value>M11p2</value>
          </category>
          <category>
            <label>ARREPENTIDO/A</label>
            <value>M11p3</value>
          </category>
          <category>
            <label>ADULADOR/A</label>
            <value>M11p4</value>
          </category>
        </fixed>
      </response>
    </question>
  </section>
  <section id="85">
    <sectionInfo>
      <position>title</position>
      <text>Miradas12</text>
      <administration>self</administration>
    </sectionInfo>
    <question>
      <text>12.</text>
      <response varName="Mir12">
        <fixed>
          <category>
            <label>CONFUNDIDO</label>
            <value>M12p1</value>
          </category>
          <category>
            <label>ABOCHORNADO/A</label>
            <value>M12p2</value>
          </category>
          <category>
            <label>ESCÉPTICO/A</label>
            <value>M12p3</value>
          </category>
          <category>
            <label>DESANIMADO/A</label>
            <value>M12p4</value>
          </category>
        </fixed>
      </response>
    </question>
  </section>
  <section id="86">
    <sectionInfo>
      <position>title</position>
      <text>Miradas13</text>
      <administration>self</administration>
    </sectionInfo>
    <question>
      <text>13.</text>
      <response varName="Mir13">
        <fixed>
          <category>
            <label>RESUELTO/A</label>
            <value>M13p1</value>
          </category>
          <category>
            <label>EXPECTANTE</label>
            <value>M13p2</value>
          </category>
          <category>
            <label>AMENAZANTE</label>
            <value>M13p3</value>
          </category>
          <category>
            <label>TÍMIDO/A</label>
            <value>M13p4</value>
          </category>
        </fixed>
      </response>
    </question>
  </section>
  <section id="87">
    <sectionInfo>
      <position>title</position>
      <text>Miradas14</text>
      <administration>self</administration>
    </sectionInfo>
    <question>
      <text>14.</text>
      <response varName="Mir14">
        <fixed>
          <category>
            <label>IRRITADO/A</label>
            <value>M14p1</value>
          </category>
          <category>
            <label>DESILUSIONADO/A</label>
            <value>M14p2</value>
          </category>
          <category>
            <label>DEPRIMIDO/A</label>
            <value>M14p3</value>
          </category>
          <category>
            <label>ACUSANTE</label>
            <value>M14p4</value>
          </category>
        </fixed>
      </response>
    </question>
  </section>
  <section id="88">
    <sectionInfo>
      <position>title</position>
      <text>Miradas15</text>
      <administration>self</administration>
    </sectionInfo>
    <question>
      <text>15.</text>
      <response varName="Mir15">
        <fixed>
          <category>
            <label>CONTEMPLATIVO/A</label>
            <value>M15p1</value>
          </category>
          <category>
            <label>CONMOCIONADO/A</label>
            <value>M15p2</value>
          </category>
          <category>
            <label>ALENTADOR/A</label>
            <value>M15p3</value>
          </category>
          <category>
            <label>DIVERTIDO/A</label>
            <value>M15p4</value>
          </category>
        </fixed>
      </response>
    </question>
  </section>
  <section id="89">
    <sectionInfo>
      <position>title</position>
      <text>Miradas16</text>
      <administration>self</administration>
    </sectionInfo>
    <question>
      <text>16.</text>
      <response varName="Mir16">
        <fixed>
          <category>
            <label>IRRITADO/A</label>
            <value>M16p1</value>
          </category>
          <category>
            <label>PENSATIVO/A</label>
            <value>M16p2</value>
          </category>
          <category>
            <label>ALENTADOR/A</label>
            <value>M16p3</value>
          </category>
          <category>
            <label>COMPRENSIVO/A</label>
            <value>M16p4</value>
          </category>
        </fixed>
      </response>
    </question>
  </section>
  <section id="90">
    <sectionInfo>
      <position>title</position>
      <text>Miradas17</text>
      <administration>self</administration>
    </sectionInfo>
    <question>
      <text>17.</text>
      <response varName="Mir17">
        <fixed>
          <category>
            <label>DUBITATIVO/A</label>
            <value>M17p1</value>
          </category>
          <category>
            <label>CARIÑOSO/A</label>
            <value>M17p2</value>
          </category>
          <category>
            <label>ALEGRE</label>
            <value>M17p3</value>
          </category>
          <category>
            <label>ATERRADO/A</label>
            <value>M17p4</value>
          </category>
        </fixed>
      </response>
    </question>
  </section>
</questionnaire>
