<?xml version="1.0" encoding="UTF-8"?>
<questionnaire id="111477">
  <title>Escala de Tacticas de Conflicto</title>
  <investigator/>
  <dataCollector/>
  <section id="284">
    <sectionInfo>
      <position>title</position>
      <text>Preguntas</text>
      <administration>self</administration>
    </sectionInfo>
    <question>
      <text>RUT (sin puntos, guión ni dígito verificador. Ejemplo si el rut es 17.736.727-1 escribir 17736727):</text>
      <response varName="RUT">
        <free>
          <format>integer</format>
          <length>8</length>
          <label/>
        </free>
      </response>
    </question>
    <question>
      <text>&lt;p&gt;¿Hace cuánto tiempo fue su última relación de pareja que duró al menos 6 meses?&lt;/p&gt;</text>
      <response varName="ETC0">
        <fixed>
          <category>
            <label>Hace menos de 1 año</label>
            <value>ETC1</value>
          </category>
          <category>
            <label>Hace más de 1 año y menos de 2 años</label>
            <value>ETC2</value>
          </category>
          <category>
            <label>Hace más de 2 años y menos de 5 años</label>
            <value>ETC3</value>
          </category>
          <category>
            <label>Hace más de 5 años</label>
            <value>ETC4</value>
          </category>
          <category>
            <label>Nunca he tenido una relación de pareja</label>
            <value>ETC5</value>
          </category>
        </fixed>
      </response>
    </question>
    <question>
      <text>&lt;p align="justify" class="western" style="margin-bottom: 0.14in; line-height: 115%"&gt;Por favor, marca cuantas veces, hiciste cada una de estas cosas durante el último año y cuantas veces las hizo tu pareja durante el último año. Si tu o tu pareja no han hecho alguna de estas cosas durante el último año, pero si han ocurrido antes, entonces encierra en un círculo el número 7.&lt;/p&gt;&#13;
&#13;
&lt;p align="justify" class="western" style="margin-bottom: 0.14in; line-height: 115%"&gt; &lt;/p&gt;&#13;
&#13;
&lt;p align="justify" class="western" style="margin-bottom: 0.14in; line-height: 115%"&gt;&lt;i&gt;&lt;b&gt;¿Con qué frecuencia ha ocurrido esto?&lt;/b&gt;&lt;/i&gt;&lt;/p&gt;</text>
      <subQuestion varName="ETC1_ETC01">
        <text>He insultado a mi pareja.</text>
      </subQuestion>
      <subQuestion varName="ETC1_ETC02">
        <text>Mi pareja me ha insultado.</text>
      </subQuestion>
      <subQuestion varName="ETC1_ETC03">
        <text>Lancé algo a mi pareja que pudo hacerle daño.</text>
      </subQuestion>
      <subQuestion varName="ETC1_ETC04">
        <text>Mi pareja me ha hecho esto.</text>
      </subQuestion>
      <subQuestion varName="ETC1_ETC05">
        <text>Le torcí el brazo o tiré del pelo a mi pareja.</text>
      </subQuestion>
      <subQuestion varName="ETC1_ETC06">
        <text>Mi pareja me ha hecho esto</text>
      </subQuestion>
      <subQuestion varName="ETC1_ETC07">
        <text>Aparté o empujé a mi pareja.</text>
      </subQuestion>
      <subQuestion varName="ETC1_ETC08">
        <text>Mi pareja me apartó o empujó.</text>
      </subQuestion>
      <subQuestion varName="ETC1_ETC09">
        <text>He utilizado un cuchillo o un arma con mi pareja.</text>
      </subQuestion>
      <subQuestion varName="ETC1_ETC10">
        <text>Mi pareja ha hecho esto.</text>
      </subQuestion>
      <response varName="ETC1">
        <fixed>
          <category>
            <label>1 vez en el último año</label>
            <value>ETC1</value>
          </category>
          <category>
            <label>2 veces en el último año</label>
            <value>ETC2</value>
          </category>
          <category>
            <label>3 a 5 veces  en el último año</label>
            <value>ETC3</value>
          </category>
          <category>
            <label>6 a 10 veces en el último año</label>
            <value>ETC4</value>
          </category>
          <category>
            <label>11 a 20 veces en el último año</label>
            <value>ETC5</value>
          </category>
          <category>
            <label>Más de 20 veces en el último año</label>
            <value>ETC6</value>
          </category>
          <category>
            <label>No en el último año pero ha ocurrido antes</label>
            <value>ETC7</value>
          </category>
          <category>
            <label>0 - Nunca ha ocurrido esto</label>
            <value>ETC0</value>
          </category>
        </fixed>
      </response>
    </question>
    <question>
      <subQuestion varName="ETC2_ETC11">
        <text>Le he dicho a mi pareja, feo/a o gordo/a.</text>
      </subQuestion>
      <subQuestion varName="ETC2_ETC12">
        <text>Mi pareja me ha dicho, feo/a o gordo/a.</text>
      </subQuestion>
      <subQuestion varName="ETC2_ETC13">
        <text>Le he pegado un puñetazo o he golpeado a mi pareja con algo que podría hacerle daño.</text>
      </subQuestion>
      <subQuestion varName="ETC2_ETC14">
        <text>Mi pareja me ha hecho esto.</text>
      </subQuestion>
      <subQuestion varName="ETC2_ETC15">
        <text>He destruido algo perteneciente a mi pareja.</text>
      </subQuestion>
      <subQuestion varName="ETC2_ETC16">
        <text>Mi pareja me ha hecho esto.</text>
      </subQuestion>
      <subQuestion varName="ETC2_ETC17">
        <text>He estrangulado a mi pareja.</text>
      </subQuestion>
      <subQuestion varName="ETC2_ETC18">
        <text>Mi pareja me ha hecho esto.</text>
      </subQuestion>
      <subQuestion varName="ETC2_ETC19">
        <text>Le he gritado a mi pareja.</text>
      </subQuestion>
      <subQuestion varName="ETC2_ETC20">
        <text>Mi pareja me ha gritado.</text>
      </subQuestion>
      <response varName="ETC2">
        <fixed>
          <category>
            <label>1 vez en el último año</label>
            <value>ETC1</value>
          </category>
          <category>
            <label>2 veces en el último año</label>
            <value>ETC2</value>
          </category>
          <category>
            <label>3 a 5 veces  en el último año</label>
            <value>ETC3</value>
          </category>
          <category>
            <label>6 a 10 veces en el último año</label>
            <value>ETC4</value>
          </category>
          <category>
            <label>11 a 20 veces en el último año</label>
            <value>ETC5</value>
          </category>
          <category>
            <label>Más de 20 veces en el último año</label>
            <value>ETC6</value>
          </category>
          <category>
            <label>No en el último año pero ha ocurrido antes</label>
            <value>ETC7</value>
          </category>
          <category>
            <label>0 - Nunca ha ocurrido esto</label>
            <value>ETC0</value>
          </category>
        </fixed>
      </response>
    </question>
    <question>
      <subQuestion varName="ETC3_ETC21">
        <text>Golpeé a mi pareja contra la pared.</text>
      </subQuestion>
      <subQuestion varName="ETC3_ETC22">
        <text>Mi pareja me ha hecho esto.</text>
      </subQuestion>
      <subQuestion varName="ETC3_ETC23">
        <text>Le he dado una paliza a mi pareja.</text>
      </subQuestion>
      <subQuestion varName="ETC3_ETC24">
        <text>Mi pareja ha hecho esto conmigo.</text>
      </subQuestion>
      <subQuestion varName="ETC3_ETC25">
        <text>He tironeado, agarrado con fuerza a mi pareja.</text>
      </subQuestion>
      <subQuestion varName="ETC3_ETC26">
        <text>Mi pareja me ha hecho esto.</text>
      </subQuestion>
      <subQuestion varName="ETC3_ETC27">
        <text>He salido furioso/a de la habitación o la casa durante una pelea.</text>
      </subQuestion>
      <subQuestion varName="ETC3_ETC28">
        <text>Mi pareja me ha hecho esto.</text>
      </subQuestion>
      <subQuestion varName="ETC3_ETC29">
        <text>Le he dado una cachetada a mi pareja</text>
      </subQuestion>
      <subQuestion varName="ETC3_ETC30">
        <text>Mi pareja me ha hecho esto.</text>
      </subQuestion>
      <response varName="ETC3">
        <fixed>
          <category>
            <label>1 vez en el último año</label>
            <value>ETC1</value>
          </category>
          <category>
            <label>2 veces en el último año</label>
            <value>ETC2</value>
          </category>
          <category>
            <label>3 a 5 veces  en el último año</label>
            <value>ETC3</value>
          </category>
          <category>
            <label>6 a 10 veces en el último año</label>
            <value>ETC4</value>
          </category>
          <category>
            <label>11 a 20 veces en el último año</label>
            <value>ETC5</value>
          </category>
          <category>
            <label>Más de 20 veces en el último año</label>
            <value>ETC6</value>
          </category>
          <category>
            <label>No en el último año pero ha ocurrido antes</label>
            <value>ETC7</value>
          </category>
          <category>
            <label>0 - Nunca ha ocurrido esto</label>
            <value>ETC0</value>
          </category>
        </fixed>
      </response>
    </question>
    <question>
      <subQuestion varName="ETC4_ETC31">
        <text>Quemé con agua hirviendo a mi pareja a propósito.</text>
      </subQuestion>
      <subQuestion varName="ETC4_ETC32">
        <text>Mi pareja me ha hecho esto.</text>
      </subQuestion>
      <subQuestion varName="ETC4_ETC33">
        <text>Le he dicho a mi pareja que es un pésimo amante.</text>
      </subQuestion>
      <subQuestion varName="ETC4_ETC34">
        <text>Mi pareja me ha hecho esto.</text>
      </subQuestion>
      <subQuestion varName="ETC4_ETC35">
        <text>Hice algo solo para molestar a mi pareja.</text>
      </subQuestion>
      <subQuestion varName="ETC4_ETC36">
        <text>Mi pareja me ha hecho esto.</text>
      </subQuestion>
      <subQuestion varName="ETC4_ETC37">
        <text>Amenacé con golpear o tirarle algo a mi pareja</text>
      </subQuestion>
      <subQuestion varName="ETC4_ETC38">
        <text>Mi pareja me ha hecho esto.</text>
      </subQuestion>
      <subQuestion varName="ETC4_ETC39">
        <text>Le he dado patadas a mi pareja.</text>
      </subQuestion>
      <subQuestion varName="ETC4_ETC40">
        <text>Mi pareja me ha hecho esto.</text>
      </subQuestion>
      <response varName="ETC4">
        <fixed>
          <category>
            <label>1 vez en el último año</label>
            <value>ETC1</value>
          </category>
          <category>
            <label>2 veces en el último año</label>
            <value>ETC2</value>
          </category>
          <category>
            <label>3 a 5 veces  en el último año</label>
            <value>ETC3</value>
          </category>
          <category>
            <label>6 a 10 veces en el último año</label>
            <value>ETC4</value>
          </category>
          <category>
            <label>11 a 20 veces en el último año</label>
            <value>ETC5</value>
          </category>
          <category>
            <label>Más de 20 veces en el último año</label>
            <value>ETC6</value>
          </category>
          <category>
            <label>No en el último año pero ha ocurrido antes</label>
            <value>ETC7</value>
          </category>
          <category>
            <label>0 - Nunca ha ocurrido esto</label>
            <value>ETC0</value>
          </category>
        </fixed>
      </response>
    </question>
  </section>
</questionnaire>
