<?xml version="1.0"?>
<queXF>
  <questionnaire>
    <id>111477</id>
    <section id="1">
      <label>Preguntas</label>
      <title>Section A</title>
    </section>
    <page>
      <id>11147701</id>
      <tlx>283</tlx>
      <tly>283</tly>
      <trx>2197</trx>
      <try>283</try>
      <brx>2197</brx>
      <bry>3224</bry>
      <blx>283</blx>
      <bly>3224</bly>
      <rotation>0</rotation>
      <boxgroup>
        <type>4</type>
        <width>8</width>
        <varname>RUT</varname>
        <sortorder>1</sortorder>
        <label>RUT (sin puntos, gui&#xF3;n ni d&#xED;gito verificador. Ejemplo si el rut es 17.736.727-1 escribir 17736727):</label>
        <groupsection idref="1"/>
        <box>
          <tlx>1515</tlx>
          <tly>509</tly>
          <brx>1586</brx>
          <bry>603</bry>
          <value></value>
          <label></label>
        </box>
        <box>
          <tlx>1588</tlx>
          <tly>509</tly>
          <brx>1659</brx>
          <bry>603</bry>
          <value></value>
          <label></label>
        </box>
        <box>
          <tlx>1661</tlx>
          <tly>509</tly>
          <brx>1731</brx>
          <bry>603</bry>
          <value></value>
          <label></label>
        </box>
        <box>
          <tlx>1733</tlx>
          <tly>509</tly>
          <brx>1804</brx>
          <bry>603</bry>
          <value></value>
          <label></label>
        </box>
        <box>
          <tlx>1806</tlx>
          <tly>509</tly>
          <brx>1877</brx>
          <bry>603</bry>
          <value></value>
          <label></label>
        </box>
        <box>
          <tlx>1879</tlx>
          <tly>509</tly>
          <brx>1949</brx>
          <bry>603</bry>
          <value></value>
          <label></label>
        </box>
        <box>
          <tlx>1951</tlx>
          <tly>509</tly>
          <brx>2022</brx>
          <bry>603</bry>
          <value></value>
          <label></label>
        </box>
        <box>
          <tlx>2024</tlx>
          <tly>509</tly>
          <brx>2095</brx>
          <bry>603</bry>
          <value></value>
          <label></label>
        </box>
      </boxgroup>
      <boxgroup>
        <type>1</type>
        <width>4</width>
        <varname>ETC0</varname>
        <sortorder>2</sortorder>
        <label>&lt;p&gt;&#xBF;Hace cu&#xE1;nto tiempo fue su &#xFA;ltima relaci&#xF3;n de pareja que dur&#xF3; al menos 6 meses?&lt;/p&gt; : </label>
        <groupsection idref="1"/>
        <box>
          <tlx>1967</tlx>
          <tly>787</tly>
          <brx>2026</brx>
          <bry>846</bry>
          <value>ETC1</value>
          <label>Hace menos de 1 a&#xF1;o</label>
        </box>
        <box>
          <tlx>1967</tlx>
          <tly>894</tly>
          <brx>2026</brx>
          <bry>953</bry>
          <value>ETC2</value>
          <label>Hace m&#xE1;s de 1 a&#xF1;o y menos de 2 a&#xF1;os</label>
        </box>
        <box>
          <tlx>1967</tlx>
          <tly>1000</tly>
          <brx>2026</brx>
          <bry>1059</bry>
          <value>ETC3</value>
          <label>Hace m&#xE1;s de 2 a&#xF1;os y menos de 5 a&#xF1;os</label>
        </box>
        <box>
          <tlx>1967</tlx>
          <tly>1106</tly>
          <brx>2026</brx>
          <bry>1165</bry>
          <value>ETC4</value>
          <label>Hace m&#xE1;s de 5 a&#xF1;os</label>
        </box>
        <box>
          <tlx>1967</tlx>
          <tly>1213</tly>
          <brx>2026</brx>
          <bry>1272</bry>
          <value>ETC5</value>
          <label>Nunca he tenido una relaci&#xF3;n de pareja</label>
        </box>
      </boxgroup>
      <boxgroup>
        <type>1</type>
        <width>4</width>
        <varname>ETC1_ETC01</varname>
        <sortorder>3</sortorder>
        <label>&lt;p align="justify" class="western" style="margin-bottom: 0.14in; line-height: 115%"&gt;Por favor, marca cuantas veces, hiciste cada una de estas cosas durante el &#xFA;ltimo a&#xF1;o y cuantas veces las hizo tu pareja durante el &#xFA;ltimo a&#xF1;o. Si tu o tu pareja no han hecho alguna de estas cosas durante el &#xFA;ltimo a&#xF1;o, pero si han ocurrido antes, entonces encierra en un c&#xED;rculo el n&#xFA;mero 7.&lt;/p&gt;&#xD;
&#xD;
&lt;p align="justify" class="western" style="margin-bottom: 0.14in; line-height: 115%"&gt;&#xA0;&lt;/p&gt;&#xD;
&#xD;
&lt;p align="justify" class="western" style="margin-bottom: 0.14in; line-height: 115%"&gt;&lt;i&gt;&lt;b&gt;&#xBF;Con qu&#xE9; frecuencia ha ocurrido esto?&lt;/b&gt;&lt;/i&gt;&lt;/p&gt; : He insultado a mi pareja.</label>
        <groupsection idref="1"/>
        <box>
          <tlx>892</tlx>
          <tly>1985</tly>
          <brx>951</brx>
          <bry>2044</bry>
          <value>ETC1</value>
          <label>1 vez en el &#xFA;ltimo a&#xF1;o</label>
        </box>
        <box>
          <tlx>1045</tlx>
          <tly>1985</tly>
          <brx>1104</brx>
          <bry>2044</bry>
          <value>ETC2</value>
          <label>2 veces en el &#xFA;ltimo a&#xF1;o</label>
        </box>
        <box>
          <tlx>1199</tlx>
          <tly>1985</tly>
          <brx>1258</brx>
          <bry>2044</bry>
          <value>ETC3</value>
          <label>3 a 5 veces  en el &#xFA;ltimo a&#xF1;o</label>
        </box>
        <box>
          <tlx>1352</tlx>
          <tly>1985</tly>
          <brx>1411</brx>
          <bry>2044</bry>
          <value>ETC4</value>
          <label>6 a 10 veces en el &#xFA;ltimo a&#xF1;o</label>
        </box>
        <box>
          <tlx>1506</tlx>
          <tly>1985</tly>
          <brx>1565</brx>
          <bry>2044</bry>
          <value>ETC5</value>
          <label>11 a 20 veces en el &#xFA;ltimo a&#xF1;o</label>
        </box>
        <box>
          <tlx>1659</tlx>
          <tly>1985</tly>
          <brx>1719</brx>
          <bry>2044</bry>
          <value>ETC6</value>
          <label>M&#xE1;s de 20 veces en el &#xFA;ltimo a&#xF1;o</label>
        </box>
        <box>
          <tlx>1813</tlx>
          <tly>1985</tly>
          <brx>1872</brx>
          <bry>2044</bry>
          <value>ETC7</value>
          <label>No en el &#xFA;ltimo a&#xF1;o pero ha ocurrido antes</label>
        </box>
        <box>
          <tlx>1967</tlx>
          <tly>1985</tly>
          <brx>2026</brx>
          <bry>2044</bry>
          <value>ETC0</value>
          <label>0 - Nunca ha ocurrido esto</label>
        </box>
      </boxgroup>
      <boxgroup>
        <type>1</type>
        <width>4</width>
        <varname>ETC1_ETC02</varname>
        <sortorder>4</sortorder>
        <label>&lt;p align="justify" class="western" style="margin-bottom: 0.14in; line-height: 115%"&gt;Por favor, marca cuantas veces, hiciste cada una de estas cosas durante el &#xFA;ltimo a&#xF1;o y cuantas veces las hizo tu pareja durante el &#xFA;ltimo a&#xF1;o. Si tu o tu pareja no han hecho alguna de estas cosas durante el &#xFA;ltimo a&#xF1;o, pero si han ocurrido antes, entonces encierra en un c&#xED;rculo el n&#xFA;mero 7.&lt;/p&gt;&#xD;
&#xD;
&lt;p align="justify" class="western" style="margin-bottom: 0.14in; line-height: 115%"&gt;&#xA0;&lt;/p&gt;&#xD;
&#xD;
&lt;p align="justify" class="western" style="margin-bottom: 0.14in; line-height: 115%"&gt;&lt;i&gt;&lt;b&gt;&#xBF;Con qu&#xE9; frecuencia ha ocurrido esto?&lt;/b&gt;&lt;/i&gt;&lt;/p&gt; : Mi pareja me ha insultado.</label>
        <groupsection idref="1"/>
        <box>
          <tlx>892</tlx>
          <tly>2109</tly>
          <brx>951</brx>
          <bry>2168</bry>
          <value>ETC1</value>
          <label>1 vez en el &#xFA;ltimo a&#xF1;o</label>
        </box>
        <box>
          <tlx>1045</tlx>
          <tly>2109</tly>
          <brx>1104</brx>
          <bry>2168</bry>
          <value>ETC2</value>
          <label>2 veces en el &#xFA;ltimo a&#xF1;o</label>
        </box>
        <box>
          <tlx>1199</tlx>
          <tly>2109</tly>
          <brx>1258</brx>
          <bry>2168</bry>
          <value>ETC3</value>
          <label>3 a 5 veces  en el &#xFA;ltimo a&#xF1;o</label>
        </box>
        <box>
          <tlx>1352</tlx>
          <tly>2109</tly>
          <brx>1411</brx>
          <bry>2168</bry>
          <value>ETC4</value>
          <label>6 a 10 veces en el &#xFA;ltimo a&#xF1;o</label>
        </box>
        <box>
          <tlx>1506</tlx>
          <tly>2109</tly>
          <brx>1565</brx>
          <bry>2168</bry>
          <value>ETC5</value>
          <label>11 a 20 veces en el &#xFA;ltimo a&#xF1;o</label>
        </box>
        <box>
          <tlx>1659</tlx>
          <tly>2109</tly>
          <brx>1719</brx>
          <bry>2168</bry>
          <value>ETC6</value>
          <label>M&#xE1;s de 20 veces en el &#xFA;ltimo a&#xF1;o</label>
        </box>
        <box>
          <tlx>1813</tlx>
          <tly>2109</tly>
          <brx>1872</brx>
          <bry>2168</bry>
          <value>ETC7</value>
          <label>No en el &#xFA;ltimo a&#xF1;o pero ha ocurrido antes</label>
        </box>
        <box>
          <tlx>1967</tlx>
          <tly>2109</tly>
          <brx>2026</brx>
          <bry>2168</bry>
          <value>ETC0</value>
          <label>0 - Nunca ha ocurrido esto</label>
        </box>
      </boxgroup>
      <boxgroup>
        <type>1</type>
        <width>4</width>
        <varname>ETC1_ETC03</varname>
        <sortorder>5</sortorder>
        <label>&lt;p align="justify" class="western" style="margin-bottom: 0.14in; line-height: 115%"&gt;Por favor, marca cuantas veces, hiciste cada una de estas cosas durante el &#xFA;ltimo a&#xF1;o y cuantas veces las hizo tu pareja durante el &#xFA;ltimo a&#xF1;o. Si tu o tu pareja no han hecho alguna de estas cosas durante el &#xFA;ltimo a&#xF1;o, pero si han ocurrido antes, entonces encierra en un c&#xED;rculo el n&#xFA;mero 7.&lt;/p&gt;&#xD;
&#xD;
&lt;p align="justify" class="western" style="margin-bottom: 0.14in; line-height: 115%"&gt;&#xA0;&lt;/p&gt;&#xD;
&#xD;
&lt;p align="justify" class="western" style="margin-bottom: 0.14in; line-height: 115%"&gt;&lt;i&gt;&lt;b&gt;&#xBF;Con qu&#xE9; frecuencia ha ocurrido esto?&lt;/b&gt;&lt;/i&gt;&lt;/p&gt; : Lanc&#xE9; algo a mi pareja que pudo hacerle da&#xF1;o.</label>
        <groupsection idref="1"/>
        <box>
          <tlx>892</tlx>
          <tly>2233</tly>
          <brx>951</brx>
          <bry>2292</bry>
          <value>ETC1</value>
          <label>1 vez en el &#xFA;ltimo a&#xF1;o</label>
        </box>
        <box>
          <tlx>1045</tlx>
          <tly>2233</tly>
          <brx>1104</brx>
          <bry>2292</bry>
          <value>ETC2</value>
          <label>2 veces en el &#xFA;ltimo a&#xF1;o</label>
        </box>
        <box>
          <tlx>1199</tlx>
          <tly>2233</tly>
          <brx>1258</brx>
          <bry>2292</bry>
          <value>ETC3</value>
          <label>3 a 5 veces  en el &#xFA;ltimo a&#xF1;o</label>
        </box>
        <box>
          <tlx>1352</tlx>
          <tly>2233</tly>
          <brx>1411</brx>
          <bry>2292</bry>
          <value>ETC4</value>
          <label>6 a 10 veces en el &#xFA;ltimo a&#xF1;o</label>
        </box>
        <box>
          <tlx>1506</tlx>
          <tly>2233</tly>
          <brx>1565</brx>
          <bry>2292</bry>
          <value>ETC5</value>
          <label>11 a 20 veces en el &#xFA;ltimo a&#xF1;o</label>
        </box>
        <box>
          <tlx>1659</tlx>
          <tly>2233</tly>
          <brx>1719</brx>
          <bry>2292</bry>
          <value>ETC6</value>
          <label>M&#xE1;s de 20 veces en el &#xFA;ltimo a&#xF1;o</label>
        </box>
        <box>
          <tlx>1813</tlx>
          <tly>2233</tly>
          <brx>1872</brx>
          <bry>2292</bry>
          <value>ETC7</value>
          <label>No en el &#xFA;ltimo a&#xF1;o pero ha ocurrido antes</label>
        </box>
        <box>
          <tlx>1967</tlx>
          <tly>2233</tly>
          <brx>2026</brx>
          <bry>2292</bry>
          <value>ETC0</value>
          <label>0 - Nunca ha ocurrido esto</label>
        </box>
      </boxgroup>
      <boxgroup>
        <type>1</type>
        <width>4</width>
        <varname>ETC1_ETC04</varname>
        <sortorder>6</sortorder>
        <label>&lt;p align="justify" class="western" style="margin-bottom: 0.14in; line-height: 115%"&gt;Por favor, marca cuantas veces, hiciste cada una de estas cosas durante el &#xFA;ltimo a&#xF1;o y cuantas veces las hizo tu pareja durante el &#xFA;ltimo a&#xF1;o. Si tu o tu pareja no han hecho alguna de estas cosas durante el &#xFA;ltimo a&#xF1;o, pero si han ocurrido antes, entonces encierra en un c&#xED;rculo el n&#xFA;mero 7.&lt;/p&gt;&#xD;
&#xD;
&lt;p align="justify" class="western" style="margin-bottom: 0.14in; line-height: 115%"&gt;&#xA0;&lt;/p&gt;&#xD;
&#xD;
&lt;p align="justify" class="western" style="margin-bottom: 0.14in; line-height: 115%"&gt;&lt;i&gt;&lt;b&gt;&#xBF;Con qu&#xE9; frecuencia ha ocurrido esto?&lt;/b&gt;&lt;/i&gt;&lt;/p&gt; : Mi pareja me ha hecho esto.</label>
        <groupsection idref="1"/>
        <box>
          <tlx>892</tlx>
          <tly>2357</tly>
          <brx>951</brx>
          <bry>2416</bry>
          <value>ETC1</value>
          <label>1 vez en el &#xFA;ltimo a&#xF1;o</label>
        </box>
        <box>
          <tlx>1045</tlx>
          <tly>2357</tly>
          <brx>1104</brx>
          <bry>2416</bry>
          <value>ETC2</value>
          <label>2 veces en el &#xFA;ltimo a&#xF1;o</label>
        </box>
        <box>
          <tlx>1199</tlx>
          <tly>2357</tly>
          <brx>1258</brx>
          <bry>2416</bry>
          <value>ETC3</value>
          <label>3 a 5 veces  en el &#xFA;ltimo a&#xF1;o</label>
        </box>
        <box>
          <tlx>1352</tlx>
          <tly>2357</tly>
          <brx>1411</brx>
          <bry>2416</bry>
          <value>ETC4</value>
          <label>6 a 10 veces en el &#xFA;ltimo a&#xF1;o</label>
        </box>
        <box>
          <tlx>1506</tlx>
          <tly>2357</tly>
          <brx>1565</brx>
          <bry>2416</bry>
          <value>ETC5</value>
          <label>11 a 20 veces en el &#xFA;ltimo a&#xF1;o</label>
        </box>
        <box>
          <tlx>1659</tlx>
          <tly>2357</tly>
          <brx>1719</brx>
          <bry>2416</bry>
          <value>ETC6</value>
          <label>M&#xE1;s de 20 veces en el &#xFA;ltimo a&#xF1;o</label>
        </box>
        <box>
          <tlx>1813</tlx>
          <tly>2357</tly>
          <brx>1872</brx>
          <bry>2416</bry>
          <value>ETC7</value>
          <label>No en el &#xFA;ltimo a&#xF1;o pero ha ocurrido antes</label>
        </box>
        <box>
          <tlx>1967</tlx>
          <tly>2357</tly>
          <brx>2026</brx>
          <bry>2416</bry>
          <value>ETC0</value>
          <label>0 - Nunca ha ocurrido esto</label>
        </box>
      </boxgroup>
      <boxgroup>
        <type>1</type>
        <width>4</width>
        <varname>ETC1_ETC05</varname>
        <sortorder>7</sortorder>
        <label>&lt;p align="justify" class="western" style="margin-bottom: 0.14in; line-height: 115%"&gt;Por favor, marca cuantas veces, hiciste cada una de estas cosas durante el &#xFA;ltimo a&#xF1;o y cuantas veces las hizo tu pareja durante el &#xFA;ltimo a&#xF1;o. Si tu o tu pareja no han hecho alguna de estas cosas durante el &#xFA;ltimo a&#xF1;o, pero si han ocurrido antes, entonces encierra en un c&#xED;rculo el n&#xFA;mero 7.&lt;/p&gt;&#xD;
&#xD;
&lt;p align="justify" class="western" style="margin-bottom: 0.14in; line-height: 115%"&gt;&#xA0;&lt;/p&gt;&#xD;
&#xD;
&lt;p align="justify" class="western" style="margin-bottom: 0.14in; line-height: 115%"&gt;&lt;i&gt;&lt;b&gt;&#xBF;Con qu&#xE9; frecuencia ha ocurrido esto?&lt;/b&gt;&lt;/i&gt;&lt;/p&gt; : Le torc&#xED; el brazo o tir&#xE9; del pelo a mi pareja.</label>
        <groupsection idref="1"/>
        <box>
          <tlx>892</tlx>
          <tly>2481</tly>
          <brx>951</brx>
          <bry>2540</bry>
          <value>ETC1</value>
          <label>1 vez en el &#xFA;ltimo a&#xF1;o</label>
        </box>
        <box>
          <tlx>1045</tlx>
          <tly>2481</tly>
          <brx>1104</brx>
          <bry>2540</bry>
          <value>ETC2</value>
          <label>2 veces en el &#xFA;ltimo a&#xF1;o</label>
        </box>
        <box>
          <tlx>1199</tlx>
          <tly>2481</tly>
          <brx>1258</brx>
          <bry>2540</bry>
          <value>ETC3</value>
          <label>3 a 5 veces  en el &#xFA;ltimo a&#xF1;o</label>
        </box>
        <box>
          <tlx>1352</tlx>
          <tly>2481</tly>
          <brx>1411</brx>
          <bry>2540</bry>
          <value>ETC4</value>
          <label>6 a 10 veces en el &#xFA;ltimo a&#xF1;o</label>
        </box>
        <box>
          <tlx>1506</tlx>
          <tly>2481</tly>
          <brx>1565</brx>
          <bry>2540</bry>
          <value>ETC5</value>
          <label>11 a 20 veces en el &#xFA;ltimo a&#xF1;o</label>
        </box>
        <box>
          <tlx>1659</tlx>
          <tly>2481</tly>
          <brx>1719</brx>
          <bry>2540</bry>
          <value>ETC6</value>
          <label>M&#xE1;s de 20 veces en el &#xFA;ltimo a&#xF1;o</label>
        </box>
        <box>
          <tlx>1813</tlx>
          <tly>2481</tly>
          <brx>1872</brx>
          <bry>2540</bry>
          <value>ETC7</value>
          <label>No en el &#xFA;ltimo a&#xF1;o pero ha ocurrido antes</label>
        </box>
        <box>
          <tlx>1967</tlx>
          <tly>2481</tly>
          <brx>2026</brx>
          <bry>2540</bry>
          <value>ETC0</value>
          <label>0 - Nunca ha ocurrido esto</label>
        </box>
      </boxgroup>
      <boxgroup>
        <type>1</type>
        <width>4</width>
        <varname>ETC1_ETC06</varname>
        <sortorder>8</sortorder>
        <label>&lt;p align="justify" class="western" style="margin-bottom: 0.14in; line-height: 115%"&gt;Por favor, marca cuantas veces, hiciste cada una de estas cosas durante el &#xFA;ltimo a&#xF1;o y cuantas veces las hizo tu pareja durante el &#xFA;ltimo a&#xF1;o. Si tu o tu pareja no han hecho alguna de estas cosas durante el &#xFA;ltimo a&#xF1;o, pero si han ocurrido antes, entonces encierra en un c&#xED;rculo el n&#xFA;mero 7.&lt;/p&gt;&#xD;
&#xD;
&lt;p align="justify" class="western" style="margin-bottom: 0.14in; line-height: 115%"&gt;&#xA0;&lt;/p&gt;&#xD;
&#xD;
&lt;p align="justify" class="western" style="margin-bottom: 0.14in; line-height: 115%"&gt;&lt;i&gt;&lt;b&gt;&#xBF;Con qu&#xE9; frecuencia ha ocurrido esto?&lt;/b&gt;&lt;/i&gt;&lt;/p&gt; : Mi pareja me ha hecho esto</label>
        <groupsection idref="1"/>
        <box>
          <tlx>892</tlx>
          <tly>2605</tly>
          <brx>951</brx>
          <bry>2664</bry>
          <value>ETC1</value>
          <label>1 vez en el &#xFA;ltimo a&#xF1;o</label>
        </box>
        <box>
          <tlx>1045</tlx>
          <tly>2605</tly>
          <brx>1104</brx>
          <bry>2664</bry>
          <value>ETC2</value>
          <label>2 veces en el &#xFA;ltimo a&#xF1;o</label>
        </box>
        <box>
          <tlx>1199</tlx>
          <tly>2605</tly>
          <brx>1258</brx>
          <bry>2664</bry>
          <value>ETC3</value>
          <label>3 a 5 veces  en el &#xFA;ltimo a&#xF1;o</label>
        </box>
        <box>
          <tlx>1352</tlx>
          <tly>2605</tly>
          <brx>1411</brx>
          <bry>2664</bry>
          <value>ETC4</value>
          <label>6 a 10 veces en el &#xFA;ltimo a&#xF1;o</label>
        </box>
        <box>
          <tlx>1506</tlx>
          <tly>2605</tly>
          <brx>1565</brx>
          <bry>2664</bry>
          <value>ETC5</value>
          <label>11 a 20 veces en el &#xFA;ltimo a&#xF1;o</label>
        </box>
        <box>
          <tlx>1659</tlx>
          <tly>2605</tly>
          <brx>1719</brx>
          <bry>2664</bry>
          <value>ETC6</value>
          <label>M&#xE1;s de 20 veces en el &#xFA;ltimo a&#xF1;o</label>
        </box>
        <box>
          <tlx>1813</tlx>
          <tly>2605</tly>
          <brx>1872</brx>
          <bry>2664</bry>
          <value>ETC7</value>
          <label>No en el &#xFA;ltimo a&#xF1;o pero ha ocurrido antes</label>
        </box>
        <box>
          <tlx>1967</tlx>
          <tly>2605</tly>
          <brx>2026</brx>
          <bry>2664</bry>
          <value>ETC0</value>
          <label>0 - Nunca ha ocurrido esto</label>
        </box>
      </boxgroup>
      <boxgroup>
        <type>1</type>
        <width>4</width>
        <varname>ETC1_ETC07</varname>
        <sortorder>9</sortorder>
        <label>&lt;p align="justify" class="western" style="margin-bottom: 0.14in; line-height: 115%"&gt;Por favor, marca cuantas veces, hiciste cada una de estas cosas durante el &#xFA;ltimo a&#xF1;o y cuantas veces las hizo tu pareja durante el &#xFA;ltimo a&#xF1;o. Si tu o tu pareja no han hecho alguna de estas cosas durante el &#xFA;ltimo a&#xF1;o, pero si han ocurrido antes, entonces encierra en un c&#xED;rculo el n&#xFA;mero 7.&lt;/p&gt;&#xD;
&#xD;
&lt;p align="justify" class="western" style="margin-bottom: 0.14in; line-height: 115%"&gt;&#xA0;&lt;/p&gt;&#xD;
&#xD;
&lt;p align="justify" class="western" style="margin-bottom: 0.14in; line-height: 115%"&gt;&lt;i&gt;&lt;b&gt;&#xBF;Con qu&#xE9; frecuencia ha ocurrido esto?&lt;/b&gt;&lt;/i&gt;&lt;/p&gt; : Apart&#xE9; o empuj&#xE9; a mi pareja.</label>
        <groupsection idref="1"/>
        <box>
          <tlx>892</tlx>
          <tly>2729</tly>
          <brx>951</brx>
          <bry>2788</bry>
          <value>ETC1</value>
          <label>1 vez en el &#xFA;ltimo a&#xF1;o</label>
        </box>
        <box>
          <tlx>1045</tlx>
          <tly>2729</tly>
          <brx>1104</brx>
          <bry>2788</bry>
          <value>ETC2</value>
          <label>2 veces en el &#xFA;ltimo a&#xF1;o</label>
        </box>
        <box>
          <tlx>1199</tlx>
          <tly>2729</tly>
          <brx>1258</brx>
          <bry>2788</bry>
          <value>ETC3</value>
          <label>3 a 5 veces  en el &#xFA;ltimo a&#xF1;o</label>
        </box>
        <box>
          <tlx>1352</tlx>
          <tly>2729</tly>
          <brx>1411</brx>
          <bry>2788</bry>
          <value>ETC4</value>
          <label>6 a 10 veces en el &#xFA;ltimo a&#xF1;o</label>
        </box>
        <box>
          <tlx>1506</tlx>
          <tly>2729</tly>
          <brx>1565</brx>
          <bry>2788</bry>
          <value>ETC5</value>
          <label>11 a 20 veces en el &#xFA;ltimo a&#xF1;o</label>
        </box>
        <box>
          <tlx>1659</tlx>
          <tly>2729</tly>
          <brx>1719</brx>
          <bry>2788</bry>
          <value>ETC6</value>
          <label>M&#xE1;s de 20 veces en el &#xFA;ltimo a&#xF1;o</label>
        </box>
        <box>
          <tlx>1813</tlx>
          <tly>2729</tly>
          <brx>1872</brx>
          <bry>2788</bry>
          <value>ETC7</value>
          <label>No en el &#xFA;ltimo a&#xF1;o pero ha ocurrido antes</label>
        </box>
        <box>
          <tlx>1967</tlx>
          <tly>2729</tly>
          <brx>2026</brx>
          <bry>2788</bry>
          <value>ETC0</value>
          <label>0 - Nunca ha ocurrido esto</label>
        </box>
      </boxgroup>
      <boxgroup>
        <type>1</type>
        <width>4</width>
        <varname>ETC1_ETC08</varname>
        <sortorder>10</sortorder>
        <label>&lt;p align="justify" class="western" style="margin-bottom: 0.14in; line-height: 115%"&gt;Por favor, marca cuantas veces, hiciste cada una de estas cosas durante el &#xFA;ltimo a&#xF1;o y cuantas veces las hizo tu pareja durante el &#xFA;ltimo a&#xF1;o. Si tu o tu pareja no han hecho alguna de estas cosas durante el &#xFA;ltimo a&#xF1;o, pero si han ocurrido antes, entonces encierra en un c&#xED;rculo el n&#xFA;mero 7.&lt;/p&gt;&#xD;
&#xD;
&lt;p align="justify" class="western" style="margin-bottom: 0.14in; line-height: 115%"&gt;&#xA0;&lt;/p&gt;&#xD;
&#xD;
&lt;p align="justify" class="western" style="margin-bottom: 0.14in; line-height: 115%"&gt;&lt;i&gt;&lt;b&gt;&#xBF;Con qu&#xE9; frecuencia ha ocurrido esto?&lt;/b&gt;&lt;/i&gt;&lt;/p&gt; : Mi pareja me apart&#xF3; o empuj&#xF3;.</label>
        <groupsection idref="1"/>
        <box>
          <tlx>892</tlx>
          <tly>2853</tly>
          <brx>951</brx>
          <bry>2912</bry>
          <value>ETC1</value>
          <label>1 vez en el &#xFA;ltimo a&#xF1;o</label>
        </box>
        <box>
          <tlx>1045</tlx>
          <tly>2853</tly>
          <brx>1104</brx>
          <bry>2912</bry>
          <value>ETC2</value>
          <label>2 veces en el &#xFA;ltimo a&#xF1;o</label>
        </box>
        <box>
          <tlx>1199</tlx>
          <tly>2853</tly>
          <brx>1258</brx>
          <bry>2912</bry>
          <value>ETC3</value>
          <label>3 a 5 veces  en el &#xFA;ltimo a&#xF1;o</label>
        </box>
        <box>
          <tlx>1352</tlx>
          <tly>2853</tly>
          <brx>1411</brx>
          <bry>2912</bry>
          <value>ETC4</value>
          <label>6 a 10 veces en el &#xFA;ltimo a&#xF1;o</label>
        </box>
        <box>
          <tlx>1506</tlx>
          <tly>2853</tly>
          <brx>1565</brx>
          <bry>2912</bry>
          <value>ETC5</value>
          <label>11 a 20 veces en el &#xFA;ltimo a&#xF1;o</label>
        </box>
        <box>
          <tlx>1659</tlx>
          <tly>2853</tly>
          <brx>1719</brx>
          <bry>2912</bry>
          <value>ETC6</value>
          <label>M&#xE1;s de 20 veces en el &#xFA;ltimo a&#xF1;o</label>
        </box>
        <box>
          <tlx>1813</tlx>
          <tly>2853</tly>
          <brx>1872</brx>
          <bry>2912</bry>
          <value>ETC7</value>
          <label>No en el &#xFA;ltimo a&#xF1;o pero ha ocurrido antes</label>
        </box>
        <box>
          <tlx>1967</tlx>
          <tly>2853</tly>
          <brx>2026</brx>
          <bry>2912</bry>
          <value>ETC0</value>
          <label>0 - Nunca ha ocurrido esto</label>
        </box>
      </boxgroup>
      <boxgroup>
        <type>1</type>
        <width>4</width>
        <varname>ETC1_ETC09</varname>
        <sortorder>11</sortorder>
        <label>&lt;p align="justify" class="western" style="margin-bottom: 0.14in; line-height: 115%"&gt;Por favor, marca cuantas veces, hiciste cada una de estas cosas durante el &#xFA;ltimo a&#xF1;o y cuantas veces las hizo tu pareja durante el &#xFA;ltimo a&#xF1;o. Si tu o tu pareja no han hecho alguna de estas cosas durante el &#xFA;ltimo a&#xF1;o, pero si han ocurrido antes, entonces encierra en un c&#xED;rculo el n&#xFA;mero 7.&lt;/p&gt;&#xD;
&#xD;
&lt;p align="justify" class="western" style="margin-bottom: 0.14in; line-height: 115%"&gt;&#xA0;&lt;/p&gt;&#xD;
&#xD;
&lt;p align="justify" class="western" style="margin-bottom: 0.14in; line-height: 115%"&gt;&lt;i&gt;&lt;b&gt;&#xBF;Con qu&#xE9; frecuencia ha ocurrido esto?&lt;/b&gt;&lt;/i&gt;&lt;/p&gt; : He utilizado un cuchillo o un arma con mi pareja.</label>
        <groupsection idref="1"/>
        <box>
          <tlx>892</tlx>
          <tly>2977</tly>
          <brx>951</brx>
          <bry>3036</bry>
          <value>ETC1</value>
          <label>1 vez en el &#xFA;ltimo a&#xF1;o</label>
        </box>
        <box>
          <tlx>1045</tlx>
          <tly>2977</tly>
          <brx>1104</brx>
          <bry>3036</bry>
          <value>ETC2</value>
          <label>2 veces en el &#xFA;ltimo a&#xF1;o</label>
        </box>
        <box>
          <tlx>1199</tlx>
          <tly>2977</tly>
          <brx>1258</brx>
          <bry>3036</bry>
          <value>ETC3</value>
          <label>3 a 5 veces  en el &#xFA;ltimo a&#xF1;o</label>
        </box>
        <box>
          <tlx>1352</tlx>
          <tly>2977</tly>
          <brx>1411</brx>
          <bry>3036</bry>
          <value>ETC4</value>
          <label>6 a 10 veces en el &#xFA;ltimo a&#xF1;o</label>
        </box>
        <box>
          <tlx>1506</tlx>
          <tly>2977</tly>
          <brx>1565</brx>
          <bry>3036</bry>
          <value>ETC5</value>
          <label>11 a 20 veces en el &#xFA;ltimo a&#xF1;o</label>
        </box>
        <box>
          <tlx>1659</tlx>
          <tly>2977</tly>
          <brx>1719</brx>
          <bry>3036</bry>
          <value>ETC6</value>
          <label>M&#xE1;s de 20 veces en el &#xFA;ltimo a&#xF1;o</label>
        </box>
        <box>
          <tlx>1813</tlx>
          <tly>2977</tly>
          <brx>1872</brx>
          <bry>3036</bry>
          <value>ETC7</value>
          <label>No en el &#xFA;ltimo a&#xF1;o pero ha ocurrido antes</label>
        </box>
        <box>
          <tlx>1967</tlx>
          <tly>2977</tly>
          <brx>2026</brx>
          <bry>3036</bry>
          <value>ETC0</value>
          <label>0 - Nunca ha ocurrido esto</label>
        </box>
      </boxgroup>
      <boxgroup>
        <type>1</type>
        <width>4</width>
        <varname>ETC1_ETC10</varname>
        <sortorder>12</sortorder>
        <label>&lt;p align="justify" class="western" style="margin-bottom: 0.14in; line-height: 115%"&gt;Por favor, marca cuantas veces, hiciste cada una de estas cosas durante el &#xFA;ltimo a&#xF1;o y cuantas veces las hizo tu pareja durante el &#xFA;ltimo a&#xF1;o. Si tu o tu pareja no han hecho alguna de estas cosas durante el &#xFA;ltimo a&#xF1;o, pero si han ocurrido antes, entonces encierra en un c&#xED;rculo el n&#xFA;mero 7.&lt;/p&gt;&#xD;
&#xD;
&lt;p align="justify" class="western" style="margin-bottom: 0.14in; line-height: 115%"&gt;&#xA0;&lt;/p&gt;&#xD;
&#xD;
&lt;p align="justify" class="western" style="margin-bottom: 0.14in; line-height: 115%"&gt;&lt;i&gt;&lt;b&gt;&#xBF;Con qu&#xE9; frecuencia ha ocurrido esto?&lt;/b&gt;&lt;/i&gt;&lt;/p&gt; : Mi pareja ha hecho esto.</label>
        <groupsection idref="1"/>
        <box>
          <tlx>892</tlx>
          <tly>3101</tly>
          <brx>951</brx>
          <bry>3160</bry>
          <value>ETC1</value>
          <label>1 vez en el &#xFA;ltimo a&#xF1;o</label>
        </box>
        <box>
          <tlx>1045</tlx>
          <tly>3101</tly>
          <brx>1104</brx>
          <bry>3160</bry>
          <value>ETC2</value>
          <label>2 veces en el &#xFA;ltimo a&#xF1;o</label>
        </box>
        <box>
          <tlx>1199</tlx>
          <tly>3101</tly>
          <brx>1258</brx>
          <bry>3160</bry>
          <value>ETC3</value>
          <label>3 a 5 veces  en el &#xFA;ltimo a&#xF1;o</label>
        </box>
        <box>
          <tlx>1352</tlx>
          <tly>3101</tly>
          <brx>1411</brx>
          <bry>3160</bry>
          <value>ETC4</value>
          <label>6 a 10 veces en el &#xFA;ltimo a&#xF1;o</label>
        </box>
        <box>
          <tlx>1506</tlx>
          <tly>3101</tly>
          <brx>1565</brx>
          <bry>3160</bry>
          <value>ETC5</value>
          <label>11 a 20 veces en el &#xFA;ltimo a&#xF1;o</label>
        </box>
        <box>
          <tlx>1659</tlx>
          <tly>3101</tly>
          <brx>1719</brx>
          <bry>3160</bry>
          <value>ETC6</value>
          <label>M&#xE1;s de 20 veces en el &#xFA;ltimo a&#xF1;o</label>
        </box>
        <box>
          <tlx>1813</tlx>
          <tly>3101</tly>
          <brx>1872</brx>
          <bry>3160</bry>
          <value>ETC7</value>
          <label>No en el &#xFA;ltimo a&#xF1;o pero ha ocurrido antes</label>
        </box>
        <box>
          <tlx>1967</tlx>
          <tly>3101</tly>
          <brx>2026</brx>
          <bry>3160</bry>
          <value>ETC0</value>
          <label>0 - Nunca ha ocurrido esto</label>
        </box>
      </boxgroup>
    </page>
    <page>
      <id>11147702</id>
      <tlx>283</tlx>
      <tly>283</tly>
      <trx>2197</trx>
      <try>283</try>
      <brx>2197</brx>
      <bry>3224</bry>
      <blx>283</blx>
      <bly>3224</bly>
      <rotation>0</rotation>
      <boxgroup>
        <type>1</type>
        <width>4</width>
        <varname>ETC2_ETC11</varname>
        <sortorder>13</sortorder>
        <label>Le he dicho a mi pareja, feo/a o gordo/a.</label>
        <groupsection idref="1"/>
        <box>
          <tlx>892</tlx>
          <tly>384</tly>
          <brx>951</brx>
          <bry>443</bry>
          <value>ETC1</value>
          <label>1 vez en el &#xFA;ltimo a&#xF1;o</label>
        </box>
        <box>
          <tlx>1045</tlx>
          <tly>384</tly>
          <brx>1104</brx>
          <bry>443</bry>
          <value>ETC2</value>
          <label>2 veces en el &#xFA;ltimo a&#xF1;o</label>
        </box>
        <box>
          <tlx>1199</tlx>
          <tly>384</tly>
          <brx>1258</brx>
          <bry>443</bry>
          <value>ETC3</value>
          <label>3 a 5 veces  en el &#xFA;ltimo a&#xF1;o</label>
        </box>
        <box>
          <tlx>1352</tlx>
          <tly>384</tly>
          <brx>1411</brx>
          <bry>443</bry>
          <value>ETC4</value>
          <label>6 a 10 veces en el &#xFA;ltimo a&#xF1;o</label>
        </box>
        <box>
          <tlx>1506</tlx>
          <tly>384</tly>
          <brx>1565</brx>
          <bry>443</bry>
          <value>ETC5</value>
          <label>11 a 20 veces en el &#xFA;ltimo a&#xF1;o</label>
        </box>
        <box>
          <tlx>1659</tlx>
          <tly>384</tly>
          <brx>1719</brx>
          <bry>443</bry>
          <value>ETC6</value>
          <label>M&#xE1;s de 20 veces en el &#xFA;ltimo a&#xF1;o</label>
        </box>
        <box>
          <tlx>1813</tlx>
          <tly>384</tly>
          <brx>1872</brx>
          <bry>443</bry>
          <value>ETC7</value>
          <label>No en el &#xFA;ltimo a&#xF1;o pero ha ocurrido antes</label>
        </box>
        <box>
          <tlx>1967</tlx>
          <tly>384</tly>
          <brx>2026</brx>
          <bry>443</bry>
          <value>ETC0</value>
          <label>0 - Nunca ha ocurrido esto</label>
        </box>
      </boxgroup>
      <boxgroup>
        <type>1</type>
        <width>4</width>
        <varname>ETC2_ETC12</varname>
        <sortorder>14</sortorder>
        <label>Mi pareja me ha dicho, feo/a o gordo/a.</label>
        <groupsection idref="1"/>
        <box>
          <tlx>892</tlx>
          <tly>508</tly>
          <brx>951</brx>
          <bry>567</bry>
          <value>ETC1</value>
          <label>1 vez en el &#xFA;ltimo a&#xF1;o</label>
        </box>
        <box>
          <tlx>1045</tlx>
          <tly>508</tly>
          <brx>1104</brx>
          <bry>567</bry>
          <value>ETC2</value>
          <label>2 veces en el &#xFA;ltimo a&#xF1;o</label>
        </box>
        <box>
          <tlx>1199</tlx>
          <tly>508</tly>
          <brx>1258</brx>
          <bry>567</bry>
          <value>ETC3</value>
          <label>3 a 5 veces  en el &#xFA;ltimo a&#xF1;o</label>
        </box>
        <box>
          <tlx>1352</tlx>
          <tly>508</tly>
          <brx>1411</brx>
          <bry>567</bry>
          <value>ETC4</value>
          <label>6 a 10 veces en el &#xFA;ltimo a&#xF1;o</label>
        </box>
        <box>
          <tlx>1506</tlx>
          <tly>508</tly>
          <brx>1565</brx>
          <bry>567</bry>
          <value>ETC5</value>
          <label>11 a 20 veces en el &#xFA;ltimo a&#xF1;o</label>
        </box>
        <box>
          <tlx>1659</tlx>
          <tly>508</tly>
          <brx>1719</brx>
          <bry>567</bry>
          <value>ETC6</value>
          <label>M&#xE1;s de 20 veces en el &#xFA;ltimo a&#xF1;o</label>
        </box>
        <box>
          <tlx>1813</tlx>
          <tly>508</tly>
          <brx>1872</brx>
          <bry>567</bry>
          <value>ETC7</value>
          <label>No en el &#xFA;ltimo a&#xF1;o pero ha ocurrido antes</label>
        </box>
        <box>
          <tlx>1967</tlx>
          <tly>508</tly>
          <brx>2026</brx>
          <bry>567</bry>
          <value>ETC0</value>
          <label>0 - Nunca ha ocurrido esto</label>
        </box>
      </boxgroup>
      <boxgroup>
        <type>1</type>
        <width>4</width>
        <varname>ETC2_ETC13</varname>
        <sortorder>15</sortorder>
        <label>Le he pegado un pu&#xF1;etazo o he golpeado a mi pareja con algo que podr&#xED;a hacerle da&#xF1;o.</label>
        <groupsection idref="1"/>
        <box>
          <tlx>892</tlx>
          <tly>663</tly>
          <brx>951</brx>
          <bry>722</bry>
          <value>ETC1</value>
          <label>1 vez en el &#xFA;ltimo a&#xF1;o</label>
        </box>
        <box>
          <tlx>1045</tlx>
          <tly>663</tly>
          <brx>1104</brx>
          <bry>722</bry>
          <value>ETC2</value>
          <label>2 veces en el &#xFA;ltimo a&#xF1;o</label>
        </box>
        <box>
          <tlx>1199</tlx>
          <tly>663</tly>
          <brx>1258</brx>
          <bry>722</bry>
          <value>ETC3</value>
          <label>3 a 5 veces  en el &#xFA;ltimo a&#xF1;o</label>
        </box>
        <box>
          <tlx>1352</tlx>
          <tly>663</tly>
          <brx>1411</brx>
          <bry>722</bry>
          <value>ETC4</value>
          <label>6 a 10 veces en el &#xFA;ltimo a&#xF1;o</label>
        </box>
        <box>
          <tlx>1506</tlx>
          <tly>663</tly>
          <brx>1565</brx>
          <bry>722</bry>
          <value>ETC5</value>
          <label>11 a 20 veces en el &#xFA;ltimo a&#xF1;o</label>
        </box>
        <box>
          <tlx>1659</tlx>
          <tly>663</tly>
          <brx>1719</brx>
          <bry>722</bry>
          <value>ETC6</value>
          <label>M&#xE1;s de 20 veces en el &#xFA;ltimo a&#xF1;o</label>
        </box>
        <box>
          <tlx>1813</tlx>
          <tly>663</tly>
          <brx>1872</brx>
          <bry>722</bry>
          <value>ETC7</value>
          <label>No en el &#xFA;ltimo a&#xF1;o pero ha ocurrido antes</label>
        </box>
        <box>
          <tlx>1967</tlx>
          <tly>663</tly>
          <brx>2026</brx>
          <bry>722</bry>
          <value>ETC0</value>
          <label>0 - Nunca ha ocurrido esto</label>
        </box>
      </boxgroup>
      <boxgroup>
        <type>1</type>
        <width>4</width>
        <varname>ETC2_ETC14</varname>
        <sortorder>16</sortorder>
        <label>Mi pareja me ha hecho esto.</label>
        <groupsection idref="1"/>
        <box>
          <tlx>892</tlx>
          <tly>818</tly>
          <brx>951</brx>
          <bry>877</bry>
          <value>ETC1</value>
          <label>1 vez en el &#xFA;ltimo a&#xF1;o</label>
        </box>
        <box>
          <tlx>1045</tlx>
          <tly>818</tly>
          <brx>1104</brx>
          <bry>877</bry>
          <value>ETC2</value>
          <label>2 veces en el &#xFA;ltimo a&#xF1;o</label>
        </box>
        <box>
          <tlx>1199</tlx>
          <tly>818</tly>
          <brx>1258</brx>
          <bry>877</bry>
          <value>ETC3</value>
          <label>3 a 5 veces  en el &#xFA;ltimo a&#xF1;o</label>
        </box>
        <box>
          <tlx>1352</tlx>
          <tly>818</tly>
          <brx>1411</brx>
          <bry>877</bry>
          <value>ETC4</value>
          <label>6 a 10 veces en el &#xFA;ltimo a&#xF1;o</label>
        </box>
        <box>
          <tlx>1506</tlx>
          <tly>818</tly>
          <brx>1565</brx>
          <bry>877</bry>
          <value>ETC5</value>
          <label>11 a 20 veces en el &#xFA;ltimo a&#xF1;o</label>
        </box>
        <box>
          <tlx>1659</tlx>
          <tly>818</tly>
          <brx>1719</brx>
          <bry>877</bry>
          <value>ETC6</value>
          <label>M&#xE1;s de 20 veces en el &#xFA;ltimo a&#xF1;o</label>
        </box>
        <box>
          <tlx>1813</tlx>
          <tly>818</tly>
          <brx>1872</brx>
          <bry>877</bry>
          <value>ETC7</value>
          <label>No en el &#xFA;ltimo a&#xF1;o pero ha ocurrido antes</label>
        </box>
        <box>
          <tlx>1967</tlx>
          <tly>818</tly>
          <brx>2026</brx>
          <bry>877</bry>
          <value>ETC0</value>
          <label>0 - Nunca ha ocurrido esto</label>
        </box>
      </boxgroup>
      <boxgroup>
        <type>1</type>
        <width>4</width>
        <varname>ETC2_ETC15</varname>
        <sortorder>17</sortorder>
        <label>He destruido algo perteneciente a mi pareja.</label>
        <groupsection idref="1"/>
        <box>
          <tlx>892</tlx>
          <tly>942</tly>
          <brx>951</brx>
          <bry>1001</bry>
          <value>ETC1</value>
          <label>1 vez en el &#xFA;ltimo a&#xF1;o</label>
        </box>
        <box>
          <tlx>1045</tlx>
          <tly>942</tly>
          <brx>1104</brx>
          <bry>1001</bry>
          <value>ETC2</value>
          <label>2 veces en el &#xFA;ltimo a&#xF1;o</label>
        </box>
        <box>
          <tlx>1199</tlx>
          <tly>942</tly>
          <brx>1258</brx>
          <bry>1001</bry>
          <value>ETC3</value>
          <label>3 a 5 veces  en el &#xFA;ltimo a&#xF1;o</label>
        </box>
        <box>
          <tlx>1352</tlx>
          <tly>942</tly>
          <brx>1411</brx>
          <bry>1001</bry>
          <value>ETC4</value>
          <label>6 a 10 veces en el &#xFA;ltimo a&#xF1;o</label>
        </box>
        <box>
          <tlx>1506</tlx>
          <tly>942</tly>
          <brx>1565</brx>
          <bry>1001</bry>
          <value>ETC5</value>
          <label>11 a 20 veces en el &#xFA;ltimo a&#xF1;o</label>
        </box>
        <box>
          <tlx>1659</tlx>
          <tly>942</tly>
          <brx>1719</brx>
          <bry>1001</bry>
          <value>ETC6</value>
          <label>M&#xE1;s de 20 veces en el &#xFA;ltimo a&#xF1;o</label>
        </box>
        <box>
          <tlx>1813</tlx>
          <tly>942</tly>
          <brx>1872</brx>
          <bry>1001</bry>
          <value>ETC7</value>
          <label>No en el &#xFA;ltimo a&#xF1;o pero ha ocurrido antes</label>
        </box>
        <box>
          <tlx>1967</tlx>
          <tly>942</tly>
          <brx>2026</brx>
          <bry>1001</bry>
          <value>ETC0</value>
          <label>0 - Nunca ha ocurrido esto</label>
        </box>
      </boxgroup>
      <boxgroup>
        <type>1</type>
        <width>4</width>
        <varname>ETC2_ETC16</varname>
        <sortorder>18</sortorder>
        <label>Mi pareja me ha hecho esto.</label>
        <groupsection idref="1"/>
        <box>
          <tlx>892</tlx>
          <tly>1066</tly>
          <brx>951</brx>
          <bry>1125</bry>
          <value>ETC1</value>
          <label>1 vez en el &#xFA;ltimo a&#xF1;o</label>
        </box>
        <box>
          <tlx>1045</tlx>
          <tly>1066</tly>
          <brx>1104</brx>
          <bry>1125</bry>
          <value>ETC2</value>
          <label>2 veces en el &#xFA;ltimo a&#xF1;o</label>
        </box>
        <box>
          <tlx>1199</tlx>
          <tly>1066</tly>
          <brx>1258</brx>
          <bry>1125</bry>
          <value>ETC3</value>
          <label>3 a 5 veces  en el &#xFA;ltimo a&#xF1;o</label>
        </box>
        <box>
          <tlx>1352</tlx>
          <tly>1066</tly>
          <brx>1411</brx>
          <bry>1125</bry>
          <value>ETC4</value>
          <label>6 a 10 veces en el &#xFA;ltimo a&#xF1;o</label>
        </box>
        <box>
          <tlx>1506</tlx>
          <tly>1066</tly>
          <brx>1565</brx>
          <bry>1125</bry>
          <value>ETC5</value>
          <label>11 a 20 veces en el &#xFA;ltimo a&#xF1;o</label>
        </box>
        <box>
          <tlx>1659</tlx>
          <tly>1066</tly>
          <brx>1719</brx>
          <bry>1125</bry>
          <value>ETC6</value>
          <label>M&#xE1;s de 20 veces en el &#xFA;ltimo a&#xF1;o</label>
        </box>
        <box>
          <tlx>1813</tlx>
          <tly>1066</tly>
          <brx>1872</brx>
          <bry>1125</bry>
          <value>ETC7</value>
          <label>No en el &#xFA;ltimo a&#xF1;o pero ha ocurrido antes</label>
        </box>
        <box>
          <tlx>1967</tlx>
          <tly>1066</tly>
          <brx>2026</brx>
          <bry>1125</bry>
          <value>ETC0</value>
          <label>0 - Nunca ha ocurrido esto</label>
        </box>
      </boxgroup>
      <boxgroup>
        <type>1</type>
        <width>4</width>
        <varname>ETC2_ETC17</varname>
        <sortorder>19</sortorder>
        <label>He estrangulado a mi pareja.</label>
        <groupsection idref="1"/>
        <box>
          <tlx>892</tlx>
          <tly>1190</tly>
          <brx>951</brx>
          <bry>1250</bry>
          <value>ETC1</value>
          <label>1 vez en el &#xFA;ltimo a&#xF1;o</label>
        </box>
        <box>
          <tlx>1045</tlx>
          <tly>1190</tly>
          <brx>1104</brx>
          <bry>1250</bry>
          <value>ETC2</value>
          <label>2 veces en el &#xFA;ltimo a&#xF1;o</label>
        </box>
        <box>
          <tlx>1199</tlx>
          <tly>1190</tly>
          <brx>1258</brx>
          <bry>1250</bry>
          <value>ETC3</value>
          <label>3 a 5 veces  en el &#xFA;ltimo a&#xF1;o</label>
        </box>
        <box>
          <tlx>1352</tlx>
          <tly>1190</tly>
          <brx>1411</brx>
          <bry>1250</bry>
          <value>ETC4</value>
          <label>6 a 10 veces en el &#xFA;ltimo a&#xF1;o</label>
        </box>
        <box>
          <tlx>1506</tlx>
          <tly>1190</tly>
          <brx>1565</brx>
          <bry>1250</bry>
          <value>ETC5</value>
          <label>11 a 20 veces en el &#xFA;ltimo a&#xF1;o</label>
        </box>
        <box>
          <tlx>1659</tlx>
          <tly>1190</tly>
          <brx>1719</brx>
          <bry>1250</bry>
          <value>ETC6</value>
          <label>M&#xE1;s de 20 veces en el &#xFA;ltimo a&#xF1;o</label>
        </box>
        <box>
          <tlx>1813</tlx>
          <tly>1190</tly>
          <brx>1872</brx>
          <bry>1250</bry>
          <value>ETC7</value>
          <label>No en el &#xFA;ltimo a&#xF1;o pero ha ocurrido antes</label>
        </box>
        <box>
          <tlx>1967</tlx>
          <tly>1190</tly>
          <brx>2026</brx>
          <bry>1250</bry>
          <value>ETC0</value>
          <label>0 - Nunca ha ocurrido esto</label>
        </box>
      </boxgroup>
      <boxgroup>
        <type>1</type>
        <width>4</width>
        <varname>ETC2_ETC18</varname>
        <sortorder>20</sortorder>
        <label>Mi pareja me ha hecho esto.</label>
        <groupsection idref="1"/>
        <box>
          <tlx>892</tlx>
          <tly>1314</tly>
          <brx>951</brx>
          <bry>1374</bry>
          <value>ETC1</value>
          <label>1 vez en el &#xFA;ltimo a&#xF1;o</label>
        </box>
        <box>
          <tlx>1045</tlx>
          <tly>1314</tly>
          <brx>1104</brx>
          <bry>1374</bry>
          <value>ETC2</value>
          <label>2 veces en el &#xFA;ltimo a&#xF1;o</label>
        </box>
        <box>
          <tlx>1199</tlx>
          <tly>1314</tly>
          <brx>1258</brx>
          <bry>1374</bry>
          <value>ETC3</value>
          <label>3 a 5 veces  en el &#xFA;ltimo a&#xF1;o</label>
        </box>
        <box>
          <tlx>1352</tlx>
          <tly>1314</tly>
          <brx>1411</brx>
          <bry>1374</bry>
          <value>ETC4</value>
          <label>6 a 10 veces en el &#xFA;ltimo a&#xF1;o</label>
        </box>
        <box>
          <tlx>1506</tlx>
          <tly>1314</tly>
          <brx>1565</brx>
          <bry>1374</bry>
          <value>ETC5</value>
          <label>11 a 20 veces en el &#xFA;ltimo a&#xF1;o</label>
        </box>
        <box>
          <tlx>1659</tlx>
          <tly>1314</tly>
          <brx>1719</brx>
          <bry>1374</bry>
          <value>ETC6</value>
          <label>M&#xE1;s de 20 veces en el &#xFA;ltimo a&#xF1;o</label>
        </box>
        <box>
          <tlx>1813</tlx>
          <tly>1314</tly>
          <brx>1872</brx>
          <bry>1374</bry>
          <value>ETC7</value>
          <label>No en el &#xFA;ltimo a&#xF1;o pero ha ocurrido antes</label>
        </box>
        <box>
          <tlx>1967</tlx>
          <tly>1314</tly>
          <brx>2026</brx>
          <bry>1374</bry>
          <value>ETC0</value>
          <label>0 - Nunca ha ocurrido esto</label>
        </box>
      </boxgroup>
      <boxgroup>
        <type>1</type>
        <width>4</width>
        <varname>ETC2_ETC19</varname>
        <sortorder>21</sortorder>
        <label>Le he gritado a mi pareja.</label>
        <groupsection idref="1"/>
        <box>
          <tlx>892</tlx>
          <tly>1438</tly>
          <brx>951</brx>
          <bry>1498</bry>
          <value>ETC1</value>
          <label>1 vez en el &#xFA;ltimo a&#xF1;o</label>
        </box>
        <box>
          <tlx>1045</tlx>
          <tly>1438</tly>
          <brx>1104</brx>
          <bry>1498</bry>
          <value>ETC2</value>
          <label>2 veces en el &#xFA;ltimo a&#xF1;o</label>
        </box>
        <box>
          <tlx>1199</tlx>
          <tly>1438</tly>
          <brx>1258</brx>
          <bry>1498</bry>
          <value>ETC3</value>
          <label>3 a 5 veces  en el &#xFA;ltimo a&#xF1;o</label>
        </box>
        <box>
          <tlx>1352</tlx>
          <tly>1438</tly>
          <brx>1411</brx>
          <bry>1498</bry>
          <value>ETC4</value>
          <label>6 a 10 veces en el &#xFA;ltimo a&#xF1;o</label>
        </box>
        <box>
          <tlx>1506</tlx>
          <tly>1438</tly>
          <brx>1565</brx>
          <bry>1498</bry>
          <value>ETC5</value>
          <label>11 a 20 veces en el &#xFA;ltimo a&#xF1;o</label>
        </box>
        <box>
          <tlx>1659</tlx>
          <tly>1438</tly>
          <brx>1719</brx>
          <bry>1498</bry>
          <value>ETC6</value>
          <label>M&#xE1;s de 20 veces en el &#xFA;ltimo a&#xF1;o</label>
        </box>
        <box>
          <tlx>1813</tlx>
          <tly>1438</tly>
          <brx>1872</brx>
          <bry>1498</bry>
          <value>ETC7</value>
          <label>No en el &#xFA;ltimo a&#xF1;o pero ha ocurrido antes</label>
        </box>
        <box>
          <tlx>1967</tlx>
          <tly>1438</tly>
          <brx>2026</brx>
          <bry>1498</bry>
          <value>ETC0</value>
          <label>0 - Nunca ha ocurrido esto</label>
        </box>
      </boxgroup>
      <boxgroup>
        <type>1</type>
        <width>4</width>
        <varname>ETC2_ETC20</varname>
        <sortorder>22</sortorder>
        <label>Mi pareja me ha gritado.</label>
        <groupsection idref="1"/>
        <box>
          <tlx>892</tlx>
          <tly>1563</tly>
          <brx>951</brx>
          <bry>1622</bry>
          <value>ETC1</value>
          <label>1 vez en el &#xFA;ltimo a&#xF1;o</label>
        </box>
        <box>
          <tlx>1045</tlx>
          <tly>1563</tly>
          <brx>1104</brx>
          <bry>1622</bry>
          <value>ETC2</value>
          <label>2 veces en el &#xFA;ltimo a&#xF1;o</label>
        </box>
        <box>
          <tlx>1199</tlx>
          <tly>1563</tly>
          <brx>1258</brx>
          <bry>1622</bry>
          <value>ETC3</value>
          <label>3 a 5 veces  en el &#xFA;ltimo a&#xF1;o</label>
        </box>
        <box>
          <tlx>1352</tlx>
          <tly>1563</tly>
          <brx>1411</brx>
          <bry>1622</bry>
          <value>ETC4</value>
          <label>6 a 10 veces en el &#xFA;ltimo a&#xF1;o</label>
        </box>
        <box>
          <tlx>1506</tlx>
          <tly>1563</tly>
          <brx>1565</brx>
          <bry>1622</bry>
          <value>ETC5</value>
          <label>11 a 20 veces en el &#xFA;ltimo a&#xF1;o</label>
        </box>
        <box>
          <tlx>1659</tlx>
          <tly>1563</tly>
          <brx>1719</brx>
          <bry>1622</bry>
          <value>ETC6</value>
          <label>M&#xE1;s de 20 veces en el &#xFA;ltimo a&#xF1;o</label>
        </box>
        <box>
          <tlx>1813</tlx>
          <tly>1563</tly>
          <brx>1872</brx>
          <bry>1622</bry>
          <value>ETC7</value>
          <label>No en el &#xFA;ltimo a&#xF1;o pero ha ocurrido antes</label>
        </box>
        <box>
          <tlx>1967</tlx>
          <tly>1563</tly>
          <brx>2026</brx>
          <bry>1622</bry>
          <value>ETC0</value>
          <label>0 - Nunca ha ocurrido esto</label>
        </box>
      </boxgroup>
      <boxgroup>
        <type>1</type>
        <width>4</width>
        <varname>ETC3_ETC21</varname>
        <sortorder>23</sortorder>
        <label>Golpe&#xE9; a mi pareja contra la pared.</label>
        <groupsection idref="1"/>
        <box>
          <tlx>892</tlx>
          <tly>1879</tly>
          <brx>951</brx>
          <bry>1938</bry>
          <value>ETC1</value>
          <label>1 vez en el &#xFA;ltimo a&#xF1;o</label>
        </box>
        <box>
          <tlx>1045</tlx>
          <tly>1879</tly>
          <brx>1104</brx>
          <bry>1938</bry>
          <value>ETC2</value>
          <label>2 veces en el &#xFA;ltimo a&#xF1;o</label>
        </box>
        <box>
          <tlx>1199</tlx>
          <tly>1879</tly>
          <brx>1258</brx>
          <bry>1938</bry>
          <value>ETC3</value>
          <label>3 a 5 veces  en el &#xFA;ltimo a&#xF1;o</label>
        </box>
        <box>
          <tlx>1352</tlx>
          <tly>1879</tly>
          <brx>1411</brx>
          <bry>1938</bry>
          <value>ETC4</value>
          <label>6 a 10 veces en el &#xFA;ltimo a&#xF1;o</label>
        </box>
        <box>
          <tlx>1506</tlx>
          <tly>1879</tly>
          <brx>1565</brx>
          <bry>1938</bry>
          <value>ETC5</value>
          <label>11 a 20 veces en el &#xFA;ltimo a&#xF1;o</label>
        </box>
        <box>
          <tlx>1659</tlx>
          <tly>1879</tly>
          <brx>1719</brx>
          <bry>1938</bry>
          <value>ETC6</value>
          <label>M&#xE1;s de 20 veces en el &#xFA;ltimo a&#xF1;o</label>
        </box>
        <box>
          <tlx>1813</tlx>
          <tly>1879</tly>
          <brx>1872</brx>
          <bry>1938</bry>
          <value>ETC7</value>
          <label>No en el &#xFA;ltimo a&#xF1;o pero ha ocurrido antes</label>
        </box>
        <box>
          <tlx>1967</tlx>
          <tly>1879</tly>
          <brx>2026</brx>
          <bry>1938</bry>
          <value>ETC0</value>
          <label>0 - Nunca ha ocurrido esto</label>
        </box>
      </boxgroup>
      <boxgroup>
        <type>1</type>
        <width>4</width>
        <varname>ETC3_ETC22</varname>
        <sortorder>24</sortorder>
        <label>Mi pareja me ha hecho esto.</label>
        <groupsection idref="1"/>
        <box>
          <tlx>892</tlx>
          <tly>2003</tly>
          <brx>951</brx>
          <bry>2062</bry>
          <value>ETC1</value>
          <label>1 vez en el &#xFA;ltimo a&#xF1;o</label>
        </box>
        <box>
          <tlx>1045</tlx>
          <tly>2003</tly>
          <brx>1104</brx>
          <bry>2062</bry>
          <value>ETC2</value>
          <label>2 veces en el &#xFA;ltimo a&#xF1;o</label>
        </box>
        <box>
          <tlx>1199</tlx>
          <tly>2003</tly>
          <brx>1258</brx>
          <bry>2062</bry>
          <value>ETC3</value>
          <label>3 a 5 veces  en el &#xFA;ltimo a&#xF1;o</label>
        </box>
        <box>
          <tlx>1352</tlx>
          <tly>2003</tly>
          <brx>1411</brx>
          <bry>2062</bry>
          <value>ETC4</value>
          <label>6 a 10 veces en el &#xFA;ltimo a&#xF1;o</label>
        </box>
        <box>
          <tlx>1506</tlx>
          <tly>2003</tly>
          <brx>1565</brx>
          <bry>2062</bry>
          <value>ETC5</value>
          <label>11 a 20 veces en el &#xFA;ltimo a&#xF1;o</label>
        </box>
        <box>
          <tlx>1659</tlx>
          <tly>2003</tly>
          <brx>1719</brx>
          <bry>2062</bry>
          <value>ETC6</value>
          <label>M&#xE1;s de 20 veces en el &#xFA;ltimo a&#xF1;o</label>
        </box>
        <box>
          <tlx>1813</tlx>
          <tly>2003</tly>
          <brx>1872</brx>
          <bry>2062</bry>
          <value>ETC7</value>
          <label>No en el &#xFA;ltimo a&#xF1;o pero ha ocurrido antes</label>
        </box>
        <box>
          <tlx>1967</tlx>
          <tly>2003</tly>
          <brx>2026</brx>
          <bry>2062</bry>
          <value>ETC0</value>
          <label>0 - Nunca ha ocurrido esto</label>
        </box>
      </boxgroup>
      <boxgroup>
        <type>1</type>
        <width>4</width>
        <varname>ETC3_ETC23</varname>
        <sortorder>25</sortorder>
        <label>Le he dado una paliza a mi pareja.</label>
        <groupsection idref="1"/>
        <box>
          <tlx>892</tlx>
          <tly>2127</tly>
          <brx>951</brx>
          <bry>2186</bry>
          <value>ETC1</value>
          <label>1 vez en el &#xFA;ltimo a&#xF1;o</label>
        </box>
        <box>
          <tlx>1045</tlx>
          <tly>2127</tly>
          <brx>1104</brx>
          <bry>2186</bry>
          <value>ETC2</value>
          <label>2 veces en el &#xFA;ltimo a&#xF1;o</label>
        </box>
        <box>
          <tlx>1199</tlx>
          <tly>2127</tly>
          <brx>1258</brx>
          <bry>2186</bry>
          <value>ETC3</value>
          <label>3 a 5 veces  en el &#xFA;ltimo a&#xF1;o</label>
        </box>
        <box>
          <tlx>1352</tlx>
          <tly>2127</tly>
          <brx>1411</brx>
          <bry>2186</bry>
          <value>ETC4</value>
          <label>6 a 10 veces en el &#xFA;ltimo a&#xF1;o</label>
        </box>
        <box>
          <tlx>1506</tlx>
          <tly>2127</tly>
          <brx>1565</brx>
          <bry>2186</bry>
          <value>ETC5</value>
          <label>11 a 20 veces en el &#xFA;ltimo a&#xF1;o</label>
        </box>
        <box>
          <tlx>1659</tlx>
          <tly>2127</tly>
          <brx>1719</brx>
          <bry>2186</bry>
          <value>ETC6</value>
          <label>M&#xE1;s de 20 veces en el &#xFA;ltimo a&#xF1;o</label>
        </box>
        <box>
          <tlx>1813</tlx>
          <tly>2127</tly>
          <brx>1872</brx>
          <bry>2186</bry>
          <value>ETC7</value>
          <label>No en el &#xFA;ltimo a&#xF1;o pero ha ocurrido antes</label>
        </box>
        <box>
          <tlx>1967</tlx>
          <tly>2127</tly>
          <brx>2026</brx>
          <bry>2186</bry>
          <value>ETC0</value>
          <label>0 - Nunca ha ocurrido esto</label>
        </box>
      </boxgroup>
      <boxgroup>
        <type>1</type>
        <width>4</width>
        <varname>ETC3_ETC24</varname>
        <sortorder>26</sortorder>
        <label>Mi pareja ha hecho esto conmigo.</label>
        <groupsection idref="1"/>
        <box>
          <tlx>892</tlx>
          <tly>2251</tly>
          <brx>951</brx>
          <bry>2310</bry>
          <value>ETC1</value>
          <label>1 vez en el &#xFA;ltimo a&#xF1;o</label>
        </box>
        <box>
          <tlx>1045</tlx>
          <tly>2251</tly>
          <brx>1104</brx>
          <bry>2310</bry>
          <value>ETC2</value>
          <label>2 veces en el &#xFA;ltimo a&#xF1;o</label>
        </box>
        <box>
          <tlx>1199</tlx>
          <tly>2251</tly>
          <brx>1258</brx>
          <bry>2310</bry>
          <value>ETC3</value>
          <label>3 a 5 veces  en el &#xFA;ltimo a&#xF1;o</label>
        </box>
        <box>
          <tlx>1352</tlx>
          <tly>2251</tly>
          <brx>1411</brx>
          <bry>2310</bry>
          <value>ETC4</value>
          <label>6 a 10 veces en el &#xFA;ltimo a&#xF1;o</label>
        </box>
        <box>
          <tlx>1506</tlx>
          <tly>2251</tly>
          <brx>1565</brx>
          <bry>2310</bry>
          <value>ETC5</value>
          <label>11 a 20 veces en el &#xFA;ltimo a&#xF1;o</label>
        </box>
        <box>
          <tlx>1659</tlx>
          <tly>2251</tly>
          <brx>1719</brx>
          <bry>2310</bry>
          <value>ETC6</value>
          <label>M&#xE1;s de 20 veces en el &#xFA;ltimo a&#xF1;o</label>
        </box>
        <box>
          <tlx>1813</tlx>
          <tly>2251</tly>
          <brx>1872</brx>
          <bry>2310</bry>
          <value>ETC7</value>
          <label>No en el &#xFA;ltimo a&#xF1;o pero ha ocurrido antes</label>
        </box>
        <box>
          <tlx>1967</tlx>
          <tly>2251</tly>
          <brx>2026</brx>
          <bry>2310</bry>
          <value>ETC0</value>
          <label>0 - Nunca ha ocurrido esto</label>
        </box>
      </boxgroup>
      <boxgroup>
        <type>1</type>
        <width>4</width>
        <varname>ETC3_ETC25</varname>
        <sortorder>27</sortorder>
        <label>He tironeado, agarrado con fuerza a mi pareja.</label>
        <groupsection idref="1"/>
        <box>
          <tlx>892</tlx>
          <tly>2375</tly>
          <brx>951</brx>
          <bry>2434</bry>
          <value>ETC1</value>
          <label>1 vez en el &#xFA;ltimo a&#xF1;o</label>
        </box>
        <box>
          <tlx>1045</tlx>
          <tly>2375</tly>
          <brx>1104</brx>
          <bry>2434</bry>
          <value>ETC2</value>
          <label>2 veces en el &#xFA;ltimo a&#xF1;o</label>
        </box>
        <box>
          <tlx>1199</tlx>
          <tly>2375</tly>
          <brx>1258</brx>
          <bry>2434</bry>
          <value>ETC3</value>
          <label>3 a 5 veces  en el &#xFA;ltimo a&#xF1;o</label>
        </box>
        <box>
          <tlx>1352</tlx>
          <tly>2375</tly>
          <brx>1411</brx>
          <bry>2434</bry>
          <value>ETC4</value>
          <label>6 a 10 veces en el &#xFA;ltimo a&#xF1;o</label>
        </box>
        <box>
          <tlx>1506</tlx>
          <tly>2375</tly>
          <brx>1565</brx>
          <bry>2434</bry>
          <value>ETC5</value>
          <label>11 a 20 veces en el &#xFA;ltimo a&#xF1;o</label>
        </box>
        <box>
          <tlx>1659</tlx>
          <tly>2375</tly>
          <brx>1719</brx>
          <bry>2434</bry>
          <value>ETC6</value>
          <label>M&#xE1;s de 20 veces en el &#xFA;ltimo a&#xF1;o</label>
        </box>
        <box>
          <tlx>1813</tlx>
          <tly>2375</tly>
          <brx>1872</brx>
          <bry>2434</bry>
          <value>ETC7</value>
          <label>No en el &#xFA;ltimo a&#xF1;o pero ha ocurrido antes</label>
        </box>
        <box>
          <tlx>1967</tlx>
          <tly>2375</tly>
          <brx>2026</brx>
          <bry>2434</bry>
          <value>ETC0</value>
          <label>0 - Nunca ha ocurrido esto</label>
        </box>
      </boxgroup>
      <boxgroup>
        <type>1</type>
        <width>4</width>
        <varname>ETC3_ETC26</varname>
        <sortorder>28</sortorder>
        <label>Mi pareja me ha hecho esto.</label>
        <groupsection idref="1"/>
        <box>
          <tlx>892</tlx>
          <tly>2499</tly>
          <brx>951</brx>
          <bry>2558</bry>
          <value>ETC1</value>
          <label>1 vez en el &#xFA;ltimo a&#xF1;o</label>
        </box>
        <box>
          <tlx>1045</tlx>
          <tly>2499</tly>
          <brx>1104</brx>
          <bry>2558</bry>
          <value>ETC2</value>
          <label>2 veces en el &#xFA;ltimo a&#xF1;o</label>
        </box>
        <box>
          <tlx>1199</tlx>
          <tly>2499</tly>
          <brx>1258</brx>
          <bry>2558</bry>
          <value>ETC3</value>
          <label>3 a 5 veces  en el &#xFA;ltimo a&#xF1;o</label>
        </box>
        <box>
          <tlx>1352</tlx>
          <tly>2499</tly>
          <brx>1411</brx>
          <bry>2558</bry>
          <value>ETC4</value>
          <label>6 a 10 veces en el &#xFA;ltimo a&#xF1;o</label>
        </box>
        <box>
          <tlx>1506</tlx>
          <tly>2499</tly>
          <brx>1565</brx>
          <bry>2558</bry>
          <value>ETC5</value>
          <label>11 a 20 veces en el &#xFA;ltimo a&#xF1;o</label>
        </box>
        <box>
          <tlx>1659</tlx>
          <tly>2499</tly>
          <brx>1719</brx>
          <bry>2558</bry>
          <value>ETC6</value>
          <label>M&#xE1;s de 20 veces en el &#xFA;ltimo a&#xF1;o</label>
        </box>
        <box>
          <tlx>1813</tlx>
          <tly>2499</tly>
          <brx>1872</brx>
          <bry>2558</bry>
          <value>ETC7</value>
          <label>No en el &#xFA;ltimo a&#xF1;o pero ha ocurrido antes</label>
        </box>
        <box>
          <tlx>1967</tlx>
          <tly>2499</tly>
          <brx>2026</brx>
          <bry>2558</bry>
          <value>ETC0</value>
          <label>0 - Nunca ha ocurrido esto</label>
        </box>
      </boxgroup>
      <boxgroup>
        <type>1</type>
        <width>4</width>
        <varname>ETC3_ETC27</varname>
        <sortorder>29</sortorder>
        <label>He salido furioso/a de la habitaci&#xF3;n o la casa durante una pelea.</label>
        <groupsection idref="1"/>
        <box>
          <tlx>892</tlx>
          <tly>2623</tly>
          <brx>951</brx>
          <bry>2682</bry>
          <value>ETC1</value>
          <label>1 vez en el &#xFA;ltimo a&#xF1;o</label>
        </box>
        <box>
          <tlx>1045</tlx>
          <tly>2623</tly>
          <brx>1104</brx>
          <bry>2682</bry>
          <value>ETC2</value>
          <label>2 veces en el &#xFA;ltimo a&#xF1;o</label>
        </box>
        <box>
          <tlx>1199</tlx>
          <tly>2623</tly>
          <brx>1258</brx>
          <bry>2682</bry>
          <value>ETC3</value>
          <label>3 a 5 veces  en el &#xFA;ltimo a&#xF1;o</label>
        </box>
        <box>
          <tlx>1352</tlx>
          <tly>2623</tly>
          <brx>1411</brx>
          <bry>2682</bry>
          <value>ETC4</value>
          <label>6 a 10 veces en el &#xFA;ltimo a&#xF1;o</label>
        </box>
        <box>
          <tlx>1506</tlx>
          <tly>2623</tly>
          <brx>1565</brx>
          <bry>2682</bry>
          <value>ETC5</value>
          <label>11 a 20 veces en el &#xFA;ltimo a&#xF1;o</label>
        </box>
        <box>
          <tlx>1659</tlx>
          <tly>2623</tly>
          <brx>1719</brx>
          <bry>2682</bry>
          <value>ETC6</value>
          <label>M&#xE1;s de 20 veces en el &#xFA;ltimo a&#xF1;o</label>
        </box>
        <box>
          <tlx>1813</tlx>
          <tly>2623</tly>
          <brx>1872</brx>
          <bry>2682</bry>
          <value>ETC7</value>
          <label>No en el &#xFA;ltimo a&#xF1;o pero ha ocurrido antes</label>
        </box>
        <box>
          <tlx>1967</tlx>
          <tly>2623</tly>
          <brx>2026</brx>
          <bry>2682</bry>
          <value>ETC0</value>
          <label>0 - Nunca ha ocurrido esto</label>
        </box>
      </boxgroup>
      <boxgroup>
        <type>1</type>
        <width>4</width>
        <varname>ETC3_ETC28</varname>
        <sortorder>30</sortorder>
        <label>Mi pareja me ha hecho esto.</label>
        <groupsection idref="1"/>
        <box>
          <tlx>892</tlx>
          <tly>2747</tly>
          <brx>951</brx>
          <bry>2806</bry>
          <value>ETC1</value>
          <label>1 vez en el &#xFA;ltimo a&#xF1;o</label>
        </box>
        <box>
          <tlx>1045</tlx>
          <tly>2747</tly>
          <brx>1104</brx>
          <bry>2806</bry>
          <value>ETC2</value>
          <label>2 veces en el &#xFA;ltimo a&#xF1;o</label>
        </box>
        <box>
          <tlx>1199</tlx>
          <tly>2747</tly>
          <brx>1258</brx>
          <bry>2806</bry>
          <value>ETC3</value>
          <label>3 a 5 veces  en el &#xFA;ltimo a&#xF1;o</label>
        </box>
        <box>
          <tlx>1352</tlx>
          <tly>2747</tly>
          <brx>1411</brx>
          <bry>2806</bry>
          <value>ETC4</value>
          <label>6 a 10 veces en el &#xFA;ltimo a&#xF1;o</label>
        </box>
        <box>
          <tlx>1506</tlx>
          <tly>2747</tly>
          <brx>1565</brx>
          <bry>2806</bry>
          <value>ETC5</value>
          <label>11 a 20 veces en el &#xFA;ltimo a&#xF1;o</label>
        </box>
        <box>
          <tlx>1659</tlx>
          <tly>2747</tly>
          <brx>1719</brx>
          <bry>2806</bry>
          <value>ETC6</value>
          <label>M&#xE1;s de 20 veces en el &#xFA;ltimo a&#xF1;o</label>
        </box>
        <box>
          <tlx>1813</tlx>
          <tly>2747</tly>
          <brx>1872</brx>
          <bry>2806</bry>
          <value>ETC7</value>
          <label>No en el &#xFA;ltimo a&#xF1;o pero ha ocurrido antes</label>
        </box>
        <box>
          <tlx>1967</tlx>
          <tly>2747</tly>
          <brx>2026</brx>
          <bry>2806</bry>
          <value>ETC0</value>
          <label>0 - Nunca ha ocurrido esto</label>
        </box>
      </boxgroup>
      <boxgroup>
        <type>1</type>
        <width>4</width>
        <varname>ETC3_ETC29</varname>
        <sortorder>31</sortorder>
        <label>Le he dado una cachetada a mi pareja</label>
        <groupsection idref="1"/>
        <box>
          <tlx>892</tlx>
          <tly>2871</tly>
          <brx>951</brx>
          <bry>2930</bry>
          <value>ETC1</value>
          <label>1 vez en el &#xFA;ltimo a&#xF1;o</label>
        </box>
        <box>
          <tlx>1045</tlx>
          <tly>2871</tly>
          <brx>1104</brx>
          <bry>2930</bry>
          <value>ETC2</value>
          <label>2 veces en el &#xFA;ltimo a&#xF1;o</label>
        </box>
        <box>
          <tlx>1199</tlx>
          <tly>2871</tly>
          <brx>1258</brx>
          <bry>2930</bry>
          <value>ETC3</value>
          <label>3 a 5 veces  en el &#xFA;ltimo a&#xF1;o</label>
        </box>
        <box>
          <tlx>1352</tlx>
          <tly>2871</tly>
          <brx>1411</brx>
          <bry>2930</bry>
          <value>ETC4</value>
          <label>6 a 10 veces en el &#xFA;ltimo a&#xF1;o</label>
        </box>
        <box>
          <tlx>1506</tlx>
          <tly>2871</tly>
          <brx>1565</brx>
          <bry>2930</bry>
          <value>ETC5</value>
          <label>11 a 20 veces en el &#xFA;ltimo a&#xF1;o</label>
        </box>
        <box>
          <tlx>1659</tlx>
          <tly>2871</tly>
          <brx>1719</brx>
          <bry>2930</bry>
          <value>ETC6</value>
          <label>M&#xE1;s de 20 veces en el &#xFA;ltimo a&#xF1;o</label>
        </box>
        <box>
          <tlx>1813</tlx>
          <tly>2871</tly>
          <brx>1872</brx>
          <bry>2930</bry>
          <value>ETC7</value>
          <label>No en el &#xFA;ltimo a&#xF1;o pero ha ocurrido antes</label>
        </box>
        <box>
          <tlx>1967</tlx>
          <tly>2871</tly>
          <brx>2026</brx>
          <bry>2930</bry>
          <value>ETC0</value>
          <label>0 - Nunca ha ocurrido esto</label>
        </box>
      </boxgroup>
      <boxgroup>
        <type>1</type>
        <width>4</width>
        <varname>ETC3_ETC30</varname>
        <sortorder>32</sortorder>
        <label>Mi pareja me ha hecho esto.</label>
        <groupsection idref="1"/>
        <box>
          <tlx>892</tlx>
          <tly>2995</tly>
          <brx>951</brx>
          <bry>3054</bry>
          <value>ETC1</value>
          <label>1 vez en el &#xFA;ltimo a&#xF1;o</label>
        </box>
        <box>
          <tlx>1045</tlx>
          <tly>2995</tly>
          <brx>1104</brx>
          <bry>3054</bry>
          <value>ETC2</value>
          <label>2 veces en el &#xFA;ltimo a&#xF1;o</label>
        </box>
        <box>
          <tlx>1199</tlx>
          <tly>2995</tly>
          <brx>1258</brx>
          <bry>3054</bry>
          <value>ETC3</value>
          <label>3 a 5 veces  en el &#xFA;ltimo a&#xF1;o</label>
        </box>
        <box>
          <tlx>1352</tlx>
          <tly>2995</tly>
          <brx>1411</brx>
          <bry>3054</bry>
          <value>ETC4</value>
          <label>6 a 10 veces en el &#xFA;ltimo a&#xF1;o</label>
        </box>
        <box>
          <tlx>1506</tlx>
          <tly>2995</tly>
          <brx>1565</brx>
          <bry>3054</bry>
          <value>ETC5</value>
          <label>11 a 20 veces en el &#xFA;ltimo a&#xF1;o</label>
        </box>
        <box>
          <tlx>1659</tlx>
          <tly>2995</tly>
          <brx>1719</brx>
          <bry>3054</bry>
          <value>ETC6</value>
          <label>M&#xE1;s de 20 veces en el &#xFA;ltimo a&#xF1;o</label>
        </box>
        <box>
          <tlx>1813</tlx>
          <tly>2995</tly>
          <brx>1872</brx>
          <bry>3054</bry>
          <value>ETC7</value>
          <label>No en el &#xFA;ltimo a&#xF1;o pero ha ocurrido antes</label>
        </box>
        <box>
          <tlx>1967</tlx>
          <tly>2995</tly>
          <brx>2026</brx>
          <bry>3054</bry>
          <value>ETC0</value>
          <label>0 - Nunca ha ocurrido esto</label>
        </box>
      </boxgroup>
    </page>
    <page>
      <id>11147703</id>
      <tlx>283</tlx>
      <tly>283</tly>
      <trx>2197</trx>
      <try>283</try>
      <brx>2197</brx>
      <bry>3224</bry>
      <blx>283</blx>
      <bly>3224</bly>
      <rotation>0</rotation>
      <boxgroup>
        <type>1</type>
        <width>4</width>
        <varname>ETC4_ETC31</varname>
        <sortorder>33</sortorder>
        <label>Quem&#xE9; con agua hirviendo a mi pareja a prop&#xF3;sito.</label>
        <groupsection idref="1"/>
        <box>
          <tlx>892</tlx>
          <tly>384</tly>
          <brx>951</brx>
          <bry>443</bry>
          <value>ETC1</value>
          <label>1 vez en el &#xFA;ltimo a&#xF1;o</label>
        </box>
        <box>
          <tlx>1045</tlx>
          <tly>384</tly>
          <brx>1104</brx>
          <bry>443</bry>
          <value>ETC2</value>
          <label>2 veces en el &#xFA;ltimo a&#xF1;o</label>
        </box>
        <box>
          <tlx>1199</tlx>
          <tly>384</tly>
          <brx>1258</brx>
          <bry>443</bry>
          <value>ETC3</value>
          <label>3 a 5 veces  en el &#xFA;ltimo a&#xF1;o</label>
        </box>
        <box>
          <tlx>1352</tlx>
          <tly>384</tly>
          <brx>1411</brx>
          <bry>443</bry>
          <value>ETC4</value>
          <label>6 a 10 veces en el &#xFA;ltimo a&#xF1;o</label>
        </box>
        <box>
          <tlx>1506</tlx>
          <tly>384</tly>
          <brx>1565</brx>
          <bry>443</bry>
          <value>ETC5</value>
          <label>11 a 20 veces en el &#xFA;ltimo a&#xF1;o</label>
        </box>
        <box>
          <tlx>1659</tlx>
          <tly>384</tly>
          <brx>1719</brx>
          <bry>443</bry>
          <value>ETC6</value>
          <label>M&#xE1;s de 20 veces en el &#xFA;ltimo a&#xF1;o</label>
        </box>
        <box>
          <tlx>1813</tlx>
          <tly>384</tly>
          <brx>1872</brx>
          <bry>443</bry>
          <value>ETC7</value>
          <label>No en el &#xFA;ltimo a&#xF1;o pero ha ocurrido antes</label>
        </box>
        <box>
          <tlx>1967</tlx>
          <tly>384</tly>
          <brx>2026</brx>
          <bry>443</bry>
          <value>ETC0</value>
          <label>0 - Nunca ha ocurrido esto</label>
        </box>
      </boxgroup>
      <boxgroup>
        <type>1</type>
        <width>4</width>
        <varname>ETC4_ETC32</varname>
        <sortorder>34</sortorder>
        <label>Mi pareja me ha hecho esto.</label>
        <groupsection idref="1"/>
        <box>
          <tlx>892</tlx>
          <tly>508</tly>
          <brx>951</brx>
          <bry>567</bry>
          <value>ETC1</value>
          <label>1 vez en el &#xFA;ltimo a&#xF1;o</label>
        </box>
        <box>
          <tlx>1045</tlx>
          <tly>508</tly>
          <brx>1104</brx>
          <bry>567</bry>
          <value>ETC2</value>
          <label>2 veces en el &#xFA;ltimo a&#xF1;o</label>
        </box>
        <box>
          <tlx>1199</tlx>
          <tly>508</tly>
          <brx>1258</brx>
          <bry>567</bry>
          <value>ETC3</value>
          <label>3 a 5 veces  en el &#xFA;ltimo a&#xF1;o</label>
        </box>
        <box>
          <tlx>1352</tlx>
          <tly>508</tly>
          <brx>1411</brx>
          <bry>567</bry>
          <value>ETC4</value>
          <label>6 a 10 veces en el &#xFA;ltimo a&#xF1;o</label>
        </box>
        <box>
          <tlx>1506</tlx>
          <tly>508</tly>
          <brx>1565</brx>
          <bry>567</bry>
          <value>ETC5</value>
          <label>11 a 20 veces en el &#xFA;ltimo a&#xF1;o</label>
        </box>
        <box>
          <tlx>1659</tlx>
          <tly>508</tly>
          <brx>1719</brx>
          <bry>567</bry>
          <value>ETC6</value>
          <label>M&#xE1;s de 20 veces en el &#xFA;ltimo a&#xF1;o</label>
        </box>
        <box>
          <tlx>1813</tlx>
          <tly>508</tly>
          <brx>1872</brx>
          <bry>567</bry>
          <value>ETC7</value>
          <label>No en el &#xFA;ltimo a&#xF1;o pero ha ocurrido antes</label>
        </box>
        <box>
          <tlx>1967</tlx>
          <tly>508</tly>
          <brx>2026</brx>
          <bry>567</bry>
          <value>ETC0</value>
          <label>0 - Nunca ha ocurrido esto</label>
        </box>
      </boxgroup>
      <boxgroup>
        <type>1</type>
        <width>4</width>
        <varname>ETC4_ETC33</varname>
        <sortorder>35</sortorder>
        <label>Le he dicho a mi pareja que es un p&#xE9;simo amante.</label>
        <groupsection idref="1"/>
        <box>
          <tlx>892</tlx>
          <tly>632</tly>
          <brx>951</brx>
          <bry>691</bry>
          <value>ETC1</value>
          <label>1 vez en el &#xFA;ltimo a&#xF1;o</label>
        </box>
        <box>
          <tlx>1045</tlx>
          <tly>632</tly>
          <brx>1104</brx>
          <bry>691</bry>
          <value>ETC2</value>
          <label>2 veces en el &#xFA;ltimo a&#xF1;o</label>
        </box>
        <box>
          <tlx>1199</tlx>
          <tly>632</tly>
          <brx>1258</brx>
          <bry>691</bry>
          <value>ETC3</value>
          <label>3 a 5 veces  en el &#xFA;ltimo a&#xF1;o</label>
        </box>
        <box>
          <tlx>1352</tlx>
          <tly>632</tly>
          <brx>1411</brx>
          <bry>691</bry>
          <value>ETC4</value>
          <label>6 a 10 veces en el &#xFA;ltimo a&#xF1;o</label>
        </box>
        <box>
          <tlx>1506</tlx>
          <tly>632</tly>
          <brx>1565</brx>
          <bry>691</bry>
          <value>ETC5</value>
          <label>11 a 20 veces en el &#xFA;ltimo a&#xF1;o</label>
        </box>
        <box>
          <tlx>1659</tlx>
          <tly>632</tly>
          <brx>1719</brx>
          <bry>691</bry>
          <value>ETC6</value>
          <label>M&#xE1;s de 20 veces en el &#xFA;ltimo a&#xF1;o</label>
        </box>
        <box>
          <tlx>1813</tlx>
          <tly>632</tly>
          <brx>1872</brx>
          <bry>691</bry>
          <value>ETC7</value>
          <label>No en el &#xFA;ltimo a&#xF1;o pero ha ocurrido antes</label>
        </box>
        <box>
          <tlx>1967</tlx>
          <tly>632</tly>
          <brx>2026</brx>
          <bry>691</bry>
          <value>ETC0</value>
          <label>0 - Nunca ha ocurrido esto</label>
        </box>
      </boxgroup>
      <boxgroup>
        <type>1</type>
        <width>4</width>
        <varname>ETC4_ETC34</varname>
        <sortorder>36</sortorder>
        <label>Mi pareja me ha hecho esto.</label>
        <groupsection idref="1"/>
        <box>
          <tlx>892</tlx>
          <tly>756</tly>
          <brx>951</brx>
          <bry>815</bry>
          <value>ETC1</value>
          <label>1 vez en el &#xFA;ltimo a&#xF1;o</label>
        </box>
        <box>
          <tlx>1045</tlx>
          <tly>756</tly>
          <brx>1104</brx>
          <bry>815</bry>
          <value>ETC2</value>
          <label>2 veces en el &#xFA;ltimo a&#xF1;o</label>
        </box>
        <box>
          <tlx>1199</tlx>
          <tly>756</tly>
          <brx>1258</brx>
          <bry>815</bry>
          <value>ETC3</value>
          <label>3 a 5 veces  en el &#xFA;ltimo a&#xF1;o</label>
        </box>
        <box>
          <tlx>1352</tlx>
          <tly>756</tly>
          <brx>1411</brx>
          <bry>815</bry>
          <value>ETC4</value>
          <label>6 a 10 veces en el &#xFA;ltimo a&#xF1;o</label>
        </box>
        <box>
          <tlx>1506</tlx>
          <tly>756</tly>
          <brx>1565</brx>
          <bry>815</bry>
          <value>ETC5</value>
          <label>11 a 20 veces en el &#xFA;ltimo a&#xF1;o</label>
        </box>
        <box>
          <tlx>1659</tlx>
          <tly>756</tly>
          <brx>1719</brx>
          <bry>815</bry>
          <value>ETC6</value>
          <label>M&#xE1;s de 20 veces en el &#xFA;ltimo a&#xF1;o</label>
        </box>
        <box>
          <tlx>1813</tlx>
          <tly>756</tly>
          <brx>1872</brx>
          <bry>815</bry>
          <value>ETC7</value>
          <label>No en el &#xFA;ltimo a&#xF1;o pero ha ocurrido antes</label>
        </box>
        <box>
          <tlx>1967</tlx>
          <tly>756</tly>
          <brx>2026</brx>
          <bry>815</bry>
          <value>ETC0</value>
          <label>0 - Nunca ha ocurrido esto</label>
        </box>
      </boxgroup>
      <boxgroup>
        <type>1</type>
        <width>4</width>
        <varname>ETC4_ETC35</varname>
        <sortorder>37</sortorder>
        <label>Hice algo solo para molestar a mi pareja.</label>
        <groupsection idref="1"/>
        <box>
          <tlx>892</tlx>
          <tly>880</tly>
          <brx>951</brx>
          <bry>939</bry>
          <value>ETC1</value>
          <label>1 vez en el &#xFA;ltimo a&#xF1;o</label>
        </box>
        <box>
          <tlx>1045</tlx>
          <tly>880</tly>
          <brx>1104</brx>
          <bry>939</bry>
          <value>ETC2</value>
          <label>2 veces en el &#xFA;ltimo a&#xF1;o</label>
        </box>
        <box>
          <tlx>1199</tlx>
          <tly>880</tly>
          <brx>1258</brx>
          <bry>939</bry>
          <value>ETC3</value>
          <label>3 a 5 veces  en el &#xFA;ltimo a&#xF1;o</label>
        </box>
        <box>
          <tlx>1352</tlx>
          <tly>880</tly>
          <brx>1411</brx>
          <bry>939</bry>
          <value>ETC4</value>
          <label>6 a 10 veces en el &#xFA;ltimo a&#xF1;o</label>
        </box>
        <box>
          <tlx>1506</tlx>
          <tly>880</tly>
          <brx>1565</brx>
          <bry>939</bry>
          <value>ETC5</value>
          <label>11 a 20 veces en el &#xFA;ltimo a&#xF1;o</label>
        </box>
        <box>
          <tlx>1659</tlx>
          <tly>880</tly>
          <brx>1719</brx>
          <bry>939</bry>
          <value>ETC6</value>
          <label>M&#xE1;s de 20 veces en el &#xFA;ltimo a&#xF1;o</label>
        </box>
        <box>
          <tlx>1813</tlx>
          <tly>880</tly>
          <brx>1872</brx>
          <bry>939</bry>
          <value>ETC7</value>
          <label>No en el &#xFA;ltimo a&#xF1;o pero ha ocurrido antes</label>
        </box>
        <box>
          <tlx>1967</tlx>
          <tly>880</tly>
          <brx>2026</brx>
          <bry>939</bry>
          <value>ETC0</value>
          <label>0 - Nunca ha ocurrido esto</label>
        </box>
      </boxgroup>
      <boxgroup>
        <type>1</type>
        <width>4</width>
        <varname>ETC4_ETC36</varname>
        <sortorder>38</sortorder>
        <label>Mi pareja me ha hecho esto.</label>
        <groupsection idref="1"/>
        <box>
          <tlx>892</tlx>
          <tly>1004</tly>
          <brx>951</brx>
          <bry>1063</bry>
          <value>ETC1</value>
          <label>1 vez en el &#xFA;ltimo a&#xF1;o</label>
        </box>
        <box>
          <tlx>1045</tlx>
          <tly>1004</tly>
          <brx>1104</brx>
          <bry>1063</bry>
          <value>ETC2</value>
          <label>2 veces en el &#xFA;ltimo a&#xF1;o</label>
        </box>
        <box>
          <tlx>1199</tlx>
          <tly>1004</tly>
          <brx>1258</brx>
          <bry>1063</bry>
          <value>ETC3</value>
          <label>3 a 5 veces  en el &#xFA;ltimo a&#xF1;o</label>
        </box>
        <box>
          <tlx>1352</tlx>
          <tly>1004</tly>
          <brx>1411</brx>
          <bry>1063</bry>
          <value>ETC4</value>
          <label>6 a 10 veces en el &#xFA;ltimo a&#xF1;o</label>
        </box>
        <box>
          <tlx>1506</tlx>
          <tly>1004</tly>
          <brx>1565</brx>
          <bry>1063</bry>
          <value>ETC5</value>
          <label>11 a 20 veces en el &#xFA;ltimo a&#xF1;o</label>
        </box>
        <box>
          <tlx>1659</tlx>
          <tly>1004</tly>
          <brx>1719</brx>
          <bry>1063</bry>
          <value>ETC6</value>
          <label>M&#xE1;s de 20 veces en el &#xFA;ltimo a&#xF1;o</label>
        </box>
        <box>
          <tlx>1813</tlx>
          <tly>1004</tly>
          <brx>1872</brx>
          <bry>1063</bry>
          <value>ETC7</value>
          <label>No en el &#xFA;ltimo a&#xF1;o pero ha ocurrido antes</label>
        </box>
        <box>
          <tlx>1967</tlx>
          <tly>1004</tly>
          <brx>2026</brx>
          <bry>1063</bry>
          <value>ETC0</value>
          <label>0 - Nunca ha ocurrido esto</label>
        </box>
      </boxgroup>
      <boxgroup>
        <type>1</type>
        <width>4</width>
        <varname>ETC4_ETC37</varname>
        <sortorder>39</sortorder>
        <label>Amenac&#xE9; con golpear o tirarle algo a mi pareja</label>
        <groupsection idref="1"/>
        <box>
          <tlx>892</tlx>
          <tly>1128</tly>
          <brx>951</brx>
          <bry>1188</bry>
          <value>ETC1</value>
          <label>1 vez en el &#xFA;ltimo a&#xF1;o</label>
        </box>
        <box>
          <tlx>1045</tlx>
          <tly>1128</tly>
          <brx>1104</brx>
          <bry>1188</bry>
          <value>ETC2</value>
          <label>2 veces en el &#xFA;ltimo a&#xF1;o</label>
        </box>
        <box>
          <tlx>1199</tlx>
          <tly>1128</tly>
          <brx>1258</brx>
          <bry>1188</bry>
          <value>ETC3</value>
          <label>3 a 5 veces  en el &#xFA;ltimo a&#xF1;o</label>
        </box>
        <box>
          <tlx>1352</tlx>
          <tly>1128</tly>
          <brx>1411</brx>
          <bry>1188</bry>
          <value>ETC4</value>
          <label>6 a 10 veces en el &#xFA;ltimo a&#xF1;o</label>
        </box>
        <box>
          <tlx>1506</tlx>
          <tly>1128</tly>
          <brx>1565</brx>
          <bry>1188</bry>
          <value>ETC5</value>
          <label>11 a 20 veces en el &#xFA;ltimo a&#xF1;o</label>
        </box>
        <box>
          <tlx>1659</tlx>
          <tly>1128</tly>
          <brx>1719</brx>
          <bry>1188</bry>
          <value>ETC6</value>
          <label>M&#xE1;s de 20 veces en el &#xFA;ltimo a&#xF1;o</label>
        </box>
        <box>
          <tlx>1813</tlx>
          <tly>1128</tly>
          <brx>1872</brx>
          <bry>1188</bry>
          <value>ETC7</value>
          <label>No en el &#xFA;ltimo a&#xF1;o pero ha ocurrido antes</label>
        </box>
        <box>
          <tlx>1967</tlx>
          <tly>1128</tly>
          <brx>2026</brx>
          <bry>1188</bry>
          <value>ETC0</value>
          <label>0 - Nunca ha ocurrido esto</label>
        </box>
      </boxgroup>
      <boxgroup>
        <type>1</type>
        <width>4</width>
        <varname>ETC4_ETC38</varname>
        <sortorder>40</sortorder>
        <label>Mi pareja me ha hecho esto.</label>
        <groupsection idref="1"/>
        <box>
          <tlx>892</tlx>
          <tly>1252</tly>
          <brx>951</brx>
          <bry>1312</bry>
          <value>ETC1</value>
          <label>1 vez en el &#xFA;ltimo a&#xF1;o</label>
        </box>
        <box>
          <tlx>1045</tlx>
          <tly>1252</tly>
          <brx>1104</brx>
          <bry>1312</bry>
          <value>ETC2</value>
          <label>2 veces en el &#xFA;ltimo a&#xF1;o</label>
        </box>
        <box>
          <tlx>1199</tlx>
          <tly>1252</tly>
          <brx>1258</brx>
          <bry>1312</bry>
          <value>ETC3</value>
          <label>3 a 5 veces  en el &#xFA;ltimo a&#xF1;o</label>
        </box>
        <box>
          <tlx>1352</tlx>
          <tly>1252</tly>
          <brx>1411</brx>
          <bry>1312</bry>
          <value>ETC4</value>
          <label>6 a 10 veces en el &#xFA;ltimo a&#xF1;o</label>
        </box>
        <box>
          <tlx>1506</tlx>
          <tly>1252</tly>
          <brx>1565</brx>
          <bry>1312</bry>
          <value>ETC5</value>
          <label>11 a 20 veces en el &#xFA;ltimo a&#xF1;o</label>
        </box>
        <box>
          <tlx>1659</tlx>
          <tly>1252</tly>
          <brx>1719</brx>
          <bry>1312</bry>
          <value>ETC6</value>
          <label>M&#xE1;s de 20 veces en el &#xFA;ltimo a&#xF1;o</label>
        </box>
        <box>
          <tlx>1813</tlx>
          <tly>1252</tly>
          <brx>1872</brx>
          <bry>1312</bry>
          <value>ETC7</value>
          <label>No en el &#xFA;ltimo a&#xF1;o pero ha ocurrido antes</label>
        </box>
        <box>
          <tlx>1967</tlx>
          <tly>1252</tly>
          <brx>2026</brx>
          <bry>1312</bry>
          <value>ETC0</value>
          <label>0 - Nunca ha ocurrido esto</label>
        </box>
      </boxgroup>
      <boxgroup>
        <type>1</type>
        <width>4</width>
        <varname>ETC4_ETC39</varname>
        <sortorder>41</sortorder>
        <label>Le he dado patadas a mi pareja.</label>
        <groupsection idref="1"/>
        <box>
          <tlx>892</tlx>
          <tly>1376</tly>
          <brx>951</brx>
          <bry>1436</bry>
          <value>ETC1</value>
          <label>1 vez en el &#xFA;ltimo a&#xF1;o</label>
        </box>
        <box>
          <tlx>1045</tlx>
          <tly>1376</tly>
          <brx>1104</brx>
          <bry>1436</bry>
          <value>ETC2</value>
          <label>2 veces en el &#xFA;ltimo a&#xF1;o</label>
        </box>
        <box>
          <tlx>1199</tlx>
          <tly>1376</tly>
          <brx>1258</brx>
          <bry>1436</bry>
          <value>ETC3</value>
          <label>3 a 5 veces  en el &#xFA;ltimo a&#xF1;o</label>
        </box>
        <box>
          <tlx>1352</tlx>
          <tly>1376</tly>
          <brx>1411</brx>
          <bry>1436</bry>
          <value>ETC4</value>
          <label>6 a 10 veces en el &#xFA;ltimo a&#xF1;o</label>
        </box>
        <box>
          <tlx>1506</tlx>
          <tly>1376</tly>
          <brx>1565</brx>
          <bry>1436</bry>
          <value>ETC5</value>
          <label>11 a 20 veces en el &#xFA;ltimo a&#xF1;o</label>
        </box>
        <box>
          <tlx>1659</tlx>
          <tly>1376</tly>
          <brx>1719</brx>
          <bry>1436</bry>
          <value>ETC6</value>
          <label>M&#xE1;s de 20 veces en el &#xFA;ltimo a&#xF1;o</label>
        </box>
        <box>
          <tlx>1813</tlx>
          <tly>1376</tly>
          <brx>1872</brx>
          <bry>1436</bry>
          <value>ETC7</value>
          <label>No en el &#xFA;ltimo a&#xF1;o pero ha ocurrido antes</label>
        </box>
        <box>
          <tlx>1967</tlx>
          <tly>1376</tly>
          <brx>2026</brx>
          <bry>1436</bry>
          <value>ETC0</value>
          <label>0 - Nunca ha ocurrido esto</label>
        </box>
      </boxgroup>
      <boxgroup>
        <type>1</type>
        <width>4</width>
        <varname>ETC4_ETC40</varname>
        <sortorder>42</sortorder>
        <label>Mi pareja me ha hecho esto.</label>
        <groupsection idref="1"/>
        <box>
          <tlx>892</tlx>
          <tly>1500</tly>
          <brx>951</brx>
          <bry>1560</bry>
          <value>ETC1</value>
          <label>1 vez en el &#xFA;ltimo a&#xF1;o</label>
        </box>
        <box>
          <tlx>1045</tlx>
          <tly>1500</tly>
          <brx>1104</brx>
          <bry>1560</bry>
          <value>ETC2</value>
          <label>2 veces en el &#xFA;ltimo a&#xF1;o</label>
        </box>
        <box>
          <tlx>1199</tlx>
          <tly>1500</tly>
          <brx>1258</brx>
          <bry>1560</bry>
          <value>ETC3</value>
          <label>3 a 5 veces  en el &#xFA;ltimo a&#xF1;o</label>
        </box>
        <box>
          <tlx>1352</tlx>
          <tly>1500</tly>
          <brx>1411</brx>
          <bry>1560</bry>
          <value>ETC4</value>
          <label>6 a 10 veces en el &#xFA;ltimo a&#xF1;o</label>
        </box>
        <box>
          <tlx>1506</tlx>
          <tly>1500</tly>
          <brx>1565</brx>
          <bry>1560</bry>
          <value>ETC5</value>
          <label>11 a 20 veces en el &#xFA;ltimo a&#xF1;o</label>
        </box>
        <box>
          <tlx>1659</tlx>
          <tly>1500</tly>
          <brx>1719</brx>
          <bry>1560</bry>
          <value>ETC6</value>
          <label>M&#xE1;s de 20 veces en el &#xFA;ltimo a&#xF1;o</label>
        </box>
        <box>
          <tlx>1813</tlx>
          <tly>1500</tly>
          <brx>1872</brx>
          <bry>1560</bry>
          <value>ETC7</value>
          <label>No en el &#xFA;ltimo a&#xF1;o pero ha ocurrido antes</label>
        </box>
        <box>
          <tlx>1967</tlx>
          <tly>1500</tly>
          <brx>2026</brx>
          <bry>1560</bry>
          <value>ETC0</value>
          <label>0 - Nunca ha ocurrido esto</label>
        </box>
      </boxgroup>
    </page>
  </questionnaire>
</queXF>
