<?xml version="1.0" encoding="UTF-8"?>
<questionnaire id="858814">
  <title>SPRIII</title>
  <investigator/>
  <dataCollector/>
  <section id="274">
    <sectionInfo>
      <position>title</position>
      <text>Preguntas</text>
      <administration>self</administration>
    </sectionInfo>
    <question>
      <text>RUT (sin puntos, guión ni dígito verificador. Ejemplo si el rut es 17.736.727-1 escribir 17736727):</text>
      <response varName="RUT">
        <free>
          <format>integer</format>
          <length>8</length>
          <label/>
        </free>
      </response>
    </question>
    <question>
      <text>&lt;p&gt;A continuación va a responder una serie de enunciados teniendo en cuenta el grado de acuerdo o desacuerdo. Por favor responda del 1 al 5 siendo:&lt;/p&gt;&#13;
&#13;
&lt;p&gt;1. Muy en desacuerdo-No me describe para nada &lt;/p&gt;&#13;
&#13;
&lt;p&gt;2. En desacuerdo-no me describe &lt;/p&gt;&#13;
&#13;
&lt;p&gt;3. Neutral-puede o no describirme&lt;/p&gt;&#13;
&#13;
&lt;p&gt;4. De acuerdo-me describe &lt;/p&gt;&#13;
&#13;
&lt;p&gt;5. Muy de acuerdo-me describe mucho &lt;/p&gt;</text>
      <subQuestion varName="SPR1_SPR01">
        <text>Soy una persona rebelde </text>
      </subQuestion>
      <subQuestion varName="SPR1_SPR02">
        <text>Soy más terco que otras personas</text>
      </subQuestion>
      <subQuestion varName="SPR1_SPR03">
        <text>Puedo ganarle a un  detector de mentiras.</text>
      </subQuestion>
      <subQuestion varName="SPR1_SPR04">
        <text>He usado sustancias ilegales (ej. Marihuana, éxtasis)</text>
      </subQuestion>
      <subQuestion varName="SPR1_SPR05">
        <text>No he estado involucrado en bandas que realicen actividades criminales </text>
      </subQuestion>
      <subQuestion varName="SPR1_SPR06">
        <text>Nunca he robado un camión, auto o moto</text>
      </subQuestion>
      <subQuestion varName="SPR1_SPR07">
        <text>Considero que la mayoría de la gente es débil</text>
      </subQuestion>
      <subQuestion varName="SPR1_SPR08">
        <text>Con frecuencia elogio o halago a personas para que estén de mi parte</text>
      </subQuestion>
      <subQuestion varName="SPR1_SPR09">
        <text>Con frecuencia me involucro en actividades riesgosas por la emoción que estas me producen </text>
      </subQuestion>
      <response varName="SPR1">
        <fixed>
          <category>
            <label>Muy en desacuerdo-No me describe para nada</label>
            <value>SPR1</value>
          </category>
          <category>
            <label>En desacuerdo-no me describe</label>
            <value>SPR2</value>
          </category>
          <category>
            <label>Neutral-puede o no describirme</label>
            <value>SPR3</value>
          </category>
          <category>
            <label>De acuerdo-me describe</label>
            <value>SPR4</value>
          </category>
          <category>
            <label>Muy de acuerdo-me describe mucho</label>
            <value>SPR5</value>
          </category>
        </fixed>
      </response>
    </question>
    <question>
      <subQuestion varName="SPR2_SPR10">
        <text>He engañado a otros para obtener dinero</text>
      </subQuestion>
      <subQuestion varName="SPR2_SPR11">
        <text>Me causa dolor ver un  animal herido</text>
      </subQuestion>
      <subQuestion varName="SPR2_SPR12">
        <text>He atacado a un policía o a un trabajador social</text>
      </subQuestion>
      <subQuestion varName="SPR2_SPR13">
        <text>He fingido ser alguien más para obtener algo o  conseguir algún beneficio</text>
      </subQuestion>
      <subQuestion varName="SPR2_SPR14">
        <text>Siempre planeo mis actividades de la semana</text>
      </subQuestion>
      <subQuestion varName="SPR2_SPR15">
        <text>Disfruto viendo peleas que involucran puñetazos</text>
      </subQuestion>
      <subQuestion varName="SPR2_SPR16">
        <text>No soy astuto o uso trucos</text>
      </subQuestion>
      <subQuestion varName="SPR2_SPR17">
        <text>Soy bueno en los trabajos riesgosos porque tomo decisiones rápidas</text>
      </subQuestion>
      <subQuestion varName="SPR2_SPR18">
        <text>Nunca he forzado a alguien a tener sexo</text>
      </subQuestion>
      <subQuestion varName="SPR2_SPR19">
        <text>Mis amigos podrían decir que soy una persona afectuosa</text>
      </subQuestion>
      <response varName="SPR2">
        <fixed>
          <category>
            <label>Muy en desacuerdo-No me describe para nada</label>
            <value>SPR1</value>
          </category>
          <category>
            <label>En desacuerdo-no me describe</label>
            <value>SPR2</value>
          </category>
          <category>
            <label>Neutral-puede o no describirme</label>
            <value>SPR3</value>
          </category>
          <category>
            <label>De acuerdo-me describe</label>
            <value>SPR4</value>
          </category>
          <category>
            <label>Muy de acuerdo-me describe mucho</label>
            <value>SPR5</value>
          </category>
        </fixed>
      </response>
    </question>
    <question>
      <subQuestion varName="SPR3_SPR20">
        <text>Me divierte estafar a alguien</text>
      </subQuestion>
      <subQuestion varName="SPR3_SPR21">
        <text>Nunca he atacado a alguien con la idea de herirlo</text>
      </subQuestion>
      <subQuestion varName="SPR3_SPR22">
        <text>Nunca se me olvidan mis citas o compromisos</text>
      </subQuestion>
      <subQuestion varName="SPR3_SPR23">
        <text>Evito las películas de terror</text>
      </subQuestion>
      <subQuestion varName="SPR3_SPR24">
        <text>Confío en la honestidad de otras personas</text>
      </subQuestion>
      <subQuestion varName="SPR3_SPR25">
        <text>Odio conducir a alta velocidad</text>
      </subQuestion>
      <subQuestion varName="SPR3_SPR26">
        <text>Siento tristeza cuando veo una persona sin hogar o desamparada</text>
      </subQuestion>
      <subQuestion varName="SPR3_SPR27">
        <text>Me divierte ver que tan lejos se puede presionar a una persona antes de que se enoje</text>
      </subQuestion>
      <subQuestion varName="SPR3_SPR28">
        <text>Disfruto haciendo actividades inusuales o de riesgo</text>
      </subQuestion>
      <subQuestion varName="SPR3_SPR29">
        <text>He irrumpido o ingresado  en edificios o vehículos para robar o vandalismo</text>
      </subQuestion>
      <response varName="SPR3">
        <fixed>
          <category>
            <label>Muy en desacuerdo-No me describe para nada</label>
            <value>SPR1</value>
          </category>
          <category>
            <label>En desacuerdo-no me describe</label>
            <value>SPR2</value>
          </category>
          <category>
            <label>Neutral-puede o no describirme</label>
            <value>SPR3</value>
          </category>
          <category>
            <label>De acuerdo-me describe</label>
            <value>SPR4</value>
          </category>
          <category>
            <label>Muy de acuerdo-me describe mucho</label>
            <value>SPR5</value>
          </category>
        </fixed>
      </response>
    </question>
    <question>
      <subQuestion varName="SPR4_SPR30">
        <text>No me importa estar en contacto con mi familia</text>
      </subQuestion>
      <subQuestion varName="SPR4_SPR31">
        <text>Encuentro difícil manipular a otras personas</text>
      </subQuestion>
      <subQuestion varName="SPR4_SPR32">
        <text>Raramente sigo las reglas</text>
      </subQuestion>
      <subQuestion varName="SPR4_SPR33">
        <text>Nunca lloro durante las películas</text>
      </subQuestion>
      <subQuestion varName="SPR4_SPR34">
        <text>Nunca he sido arrestado</text>
      </subQuestion>
      <subQuestion varName="SPR4_SPR35">
        <text>Uno debe tomar ventaja de otros antes de que otros tomen ventaja de mi</text>
      </subQuestion>
      <subQuestion varName="SPR4_SPR36">
        <text>No disfruto apostar dinero</text>
      </subQuestion>
      <subQuestion varName="SPR4_SPR37">
        <text>La gente suele decir que soy de corazón frio</text>
      </subQuestion>
      <subQuestion varName="SPR4_SPR38">
        <text>La gente puede dar cuenta que estoy mintiendo</text>
      </subQuestion>
      <subQuestion varName="SPR4_SPR39">
        <text>Me gusta tener sexo con personas que apenas conozco</text>
      </subQuestion>
      <response varName="SPR4">
        <fixed>
          <category>
            <label>Muy en desacuerdo-No me describe para nada</label>
            <value>SPR1</value>
          </category>
          <category>
            <label>En desacuerdo-no me describe</label>
            <value>SPR2</value>
          </category>
          <category>
            <label>Neutral-puede o no describirme</label>
            <value>SPR3</value>
          </category>
          <category>
            <label>De acuerdo-me describe</label>
            <value>SPR4</value>
          </category>
          <category>
            <label>Muy de acuerdo-me describe mucho</label>
            <value>SPR5</value>
          </category>
        </fixed>
      </response>
    </question>
    <question>
      <subQuestion varName="SPR5_SPR40">
        <text>Me gustan las películas y deportes violentos</text>
      </subQuestion>
      <subQuestion varName="SPR5_SPR41">
        <text>Uno debe fingir  de vez en cuando que le agrada una persona para conseguir algo de ellas</text>
      </subQuestion>
      <subQuestion varName="SPR5_SPR42">
        <text>Soy una persona impulsiva</text>
      </subQuestion>
      <subQuestion varName="SPR5_SPR43">
        <text>He usado drogas ilícitas ilegales  “fuertes” (Ejemplo, heroína, cocaína)</text>
      </subQuestion>
      <subQuestion varName="SPR5_SPR44">
        <text>Soy una persona de corazón blando</text>
      </subQuestion>
      <subQuestion varName="SPR5_SPR45">
        <text>Me es fácil convencer a otros de hacer cualquier cosa</text>
      </subQuestion>
      <subQuestion varName="SPR5_SPR46">
        <text>Nunca he robado en una tienda</text>
      </subQuestion>
      <subQuestion varName="SPR5_SPR47">
        <text>No disfruto tomando riesgos</text>
      </subQuestion>
      <subQuestion varName="SPR5_SPR48">
        <text>Las personas se ponen muy sensibles cuando les digo la verdad sobre ellos mismos</text>
      </subQuestion>
      <subQuestion varName="SPR5_SPR49">
        <text>He sido condenado por cometer crímenes serios</text>
      </subQuestion>
      <response varName="SPR5">
        <fixed>
          <category>
            <label>Muy en desacuerdo-No me describe para nada</label>
            <value>SPR1</value>
          </category>
          <category>
            <label>En desacuerdo-no me describe</label>
            <value>SPR2</value>
          </category>
          <category>
            <label>Neutral-puede o no describirme</label>
            <value>SPR3</value>
          </category>
          <category>
            <label>De acuerdo-me describe</label>
            <value>SPR4</value>
          </category>
          <category>
            <label>Muy de acuerdo-me describe mucho</label>
            <value>SPR5</value>
          </category>
        </fixed>
      </response>
    </question>
    <question>
      <subQuestion varName="SPR6_SPR50">
        <text>La mayoría de las personas mienten a diario</text>
      </subQuestion>
      <subQuestion varName="SPR6_SPR51">
        <text>Me mantengo metiéndome en problemas por las mismas razones</text>
      </subQuestion>
      <subQuestion varName="SPR6_SPR52">
        <text>De vez en cuando he cargado un arma (ej. cuchillos o pistolas) para mi protección</text>
      </subQuestion>
      <subQuestion varName="SPR6_SPR53">
        <text>La gente llora demasiado en los funerales</text>
      </subQuestion>
      <subQuestion varName="SPR6_SPR54">
        <text>Se puede obtener lo que quieras cuando le dices a otros lo que quieren escuchar</text>
      </subQuestion>
      <subQuestion varName="SPR6_SPR55">
        <text>Me aburro fácilmente</text>
      </subQuestion>
      <subQuestion varName="SPR6_SPR56">
        <text>Nunca me he sentido culpable si en algún momento herí o dañé a otras personas</text>
      </subQuestion>
      <subQuestion varName="SPR6_SPR57">
        <text>He amenazado a personas para obtener de ellas dinero, ropa u otras cosas</text>
      </subQuestion>
      <subQuestion varName="SPR6_SPR58">
        <text>Muchas personas son “tontas” y por esta razón pueden ser estafadas fácilmente</text>
      </subQuestion>
      <subQuestion varName="SPR6_SPR59">
        <text>Admito que en ocasiones hablo en tono violento y sin pensar</text>
      </subQuestion>
      <subQuestion varName="SPR6_SPR60">
        <text>En ocasiones dejo  a personas o amigos que ya no necesito</text>
      </subQuestion>
      <subQuestion varName="SPR6_SPR61">
        <text>Nunca pasaría por encima de alguien por obtener algo que deseo</text>
      </subQuestion>
      <subQuestion varName="SPR6_SPR62">
        <text>He tenido amigos cercanos que han estado en prisión</text>
      </subQuestion>
      <subQuestion varName="SPR6_SPR63">
        <text>He tratado intencionalmente de golpear a alguien con el vehículo  que conduzco</text>
      </subQuestion>
      <subQuestion varName="SPR6_SPR64">
        <text>He violado mi libertad condicional (En caso de no tener la experiencia responder 1 )</text>
      </subQuestion>
      <response varName="SPR6">
        <fixed>
          <category>
            <label>Muy en desacuerdo-No me describe para nada</label>
            <value>SPR1</value>
          </category>
          <category>
            <label>En desacuerdo-no me describe</label>
            <value>SPR2</value>
          </category>
          <category>
            <label>Neutral-puede o no describirme</label>
            <value>SPR3</value>
          </category>
          <category>
            <label>De acuerdo-me describe</label>
            <value>SPR4</value>
          </category>
          <category>
            <label>Muy de acuerdo me describe mucho</label>
            <value>SPR5</value>
          </category>
        </fixed>
      </response>
    </question>
  </section>
</questionnaire>
