<?xml version="1.0"?>
<queXF>
  <questionnaire>
    <id>858814</id>
    <section id="1">
      <label>Preguntas</label>
      <title>Section A</title>
    </section>
    <page>
      <id>85881401</id>
      <tlx>283</tlx>
      <tly>283</tly>
      <trx>2197</trx>
      <try>283</try>
      <brx>2197</brx>
      <bry>3224</bry>
      <blx>283</blx>
      <bly>3224</bly>
      <rotation>0</rotation>
      <boxgroup>
        <type>4</type>
        <width>8</width>
        <varname>RUT</varname>
        <sortorder>1</sortorder>
        <label>RUT (sin puntos, gui&#xF3;n ni d&#xED;gito verificador. Ejemplo si el rut es 17.736.727-1 escribir 17736727):</label>
        <groupsection idref="1"/>
        <box>
          <tlx>1515</tlx>
          <tly>509</tly>
          <brx>1586</brx>
          <bry>603</bry>
          <value></value>
          <label></label>
        </box>
        <box>
          <tlx>1588</tlx>
          <tly>509</tly>
          <brx>1659</brx>
          <bry>603</bry>
          <value></value>
          <label></label>
        </box>
        <box>
          <tlx>1661</tlx>
          <tly>509</tly>
          <brx>1731</brx>
          <bry>603</bry>
          <value></value>
          <label></label>
        </box>
        <box>
          <tlx>1733</tlx>
          <tly>509</tly>
          <brx>1804</brx>
          <bry>603</bry>
          <value></value>
          <label></label>
        </box>
        <box>
          <tlx>1806</tlx>
          <tly>509</tly>
          <brx>1877</brx>
          <bry>603</bry>
          <value></value>
          <label></label>
        </box>
        <box>
          <tlx>1879</tlx>
          <tly>509</tly>
          <brx>1949</brx>
          <bry>603</bry>
          <value></value>
          <label></label>
        </box>
        <box>
          <tlx>1951</tlx>
          <tly>509</tly>
          <brx>2022</brx>
          <bry>603</bry>
          <value></value>
          <label></label>
        </box>
        <box>
          <tlx>2024</tlx>
          <tly>509</tly>
          <brx>2095</brx>
          <bry>603</bry>
          <value></value>
          <label></label>
        </box>
      </boxgroup>
      <boxgroup>
        <type>1</type>
        <width>4</width>
        <varname>SPR1_SPR01</varname>
        <sortorder>2</sortorder>
        <label>&lt;p&gt;A continuaci&#xF3;n va a responder una serie de enunciados teniendo en cuenta el grado de acuerdo o desacuerdo. Por favor responda del 1 al 5 siendo:&lt;/p&gt;&#xD;
&#xD;
&lt;p&gt;1. Muy en desacuerdo-No me describe para nada &lt;/p&gt;&#xD;
&#xD;
&lt;p&gt;2. En desacuerdo-no me describe &lt;/p&gt;&#xD;
&#xD;
&lt;p&gt;3. Neutral-puede o no describirme&lt;/p&gt;&#xD;
&#xD;
&lt;p&gt;4. De acuerdo-me describe &lt;/p&gt;&#xD;
&#xD;
&lt;p&gt;5. Muy de acuerdo-me describe mucho &lt;/p&gt; : Soy una persona rebelde&#xA0;</label>
        <groupsection idref="1"/>
        <box>
          <tlx>1352</tlx>
          <tly>1602</tly>
          <brx>1411</brx>
          <bry>1661</bry>
          <value>SPR1</value>
          <label>Muy en desacuerdo-No me describe para nada</label>
        </box>
        <box>
          <tlx>1506</tlx>
          <tly>1602</tly>
          <brx>1565</brx>
          <bry>1661</bry>
          <value>SPR2</value>
          <label>En desacuerdo-no me describe</label>
        </box>
        <box>
          <tlx>1659</tlx>
          <tly>1602</tly>
          <brx>1719</brx>
          <bry>1661</bry>
          <value>SPR3</value>
          <label>Neutral-puede o no describirme</label>
        </box>
        <box>
          <tlx>1813</tlx>
          <tly>1602</tly>
          <brx>1872</brx>
          <bry>1661</bry>
          <value>SPR4</value>
          <label>De acuerdo-me describe</label>
        </box>
        <box>
          <tlx>1967</tlx>
          <tly>1602</tly>
          <brx>2026</brx>
          <bry>1661</bry>
          <value>SPR5</value>
          <label>Muy de acuerdo-me describe mucho</label>
        </box>
      </boxgroup>
      <boxgroup>
        <type>1</type>
        <width>4</width>
        <varname>SPR1_SPR02</varname>
        <sortorder>3</sortorder>
        <label>&lt;p&gt;A continuaci&#xF3;n va a responder una serie de enunciados teniendo en cuenta el grado de acuerdo o desacuerdo. Por favor responda del 1 al 5 siendo:&lt;/p&gt;&#xD;
&#xD;
&lt;p&gt;1. Muy en desacuerdo-No me describe para nada &lt;/p&gt;&#xD;
&#xD;
&lt;p&gt;2. En desacuerdo-no me describe &lt;/p&gt;&#xD;
&#xD;
&lt;p&gt;3. Neutral-puede o no describirme&lt;/p&gt;&#xD;
&#xD;
&lt;p&gt;4. De acuerdo-me describe &lt;/p&gt;&#xD;
&#xD;
&lt;p&gt;5. Muy de acuerdo-me describe mucho &lt;/p&gt; : Soy m&#xE1;s terco que otras personas</label>
        <groupsection idref="1"/>
        <box>
          <tlx>1352</tlx>
          <tly>1726</tly>
          <brx>1411</brx>
          <bry>1785</bry>
          <value>SPR1</value>
          <label>Muy en desacuerdo-No me describe para nada</label>
        </box>
        <box>
          <tlx>1506</tlx>
          <tly>1726</tly>
          <brx>1565</brx>
          <bry>1785</bry>
          <value>SPR2</value>
          <label>En desacuerdo-no me describe</label>
        </box>
        <box>
          <tlx>1659</tlx>
          <tly>1726</tly>
          <brx>1719</brx>
          <bry>1785</bry>
          <value>SPR3</value>
          <label>Neutral-puede o no describirme</label>
        </box>
        <box>
          <tlx>1813</tlx>
          <tly>1726</tly>
          <brx>1872</brx>
          <bry>1785</bry>
          <value>SPR4</value>
          <label>De acuerdo-me describe</label>
        </box>
        <box>
          <tlx>1967</tlx>
          <tly>1726</tly>
          <brx>2026</brx>
          <bry>1785</bry>
          <value>SPR5</value>
          <label>Muy de acuerdo-me describe mucho</label>
        </box>
      </boxgroup>
      <boxgroup>
        <type>1</type>
        <width>4</width>
        <varname>SPR1_SPR03</varname>
        <sortorder>4</sortorder>
        <label>&lt;p&gt;A continuaci&#xF3;n va a responder una serie de enunciados teniendo en cuenta el grado de acuerdo o desacuerdo. Por favor responda del 1 al 5 siendo:&lt;/p&gt;&#xD;
&#xD;
&lt;p&gt;1. Muy en desacuerdo-No me describe para nada &lt;/p&gt;&#xD;
&#xD;
&lt;p&gt;2. En desacuerdo-no me describe &lt;/p&gt;&#xD;
&#xD;
&lt;p&gt;3. Neutral-puede o no describirme&lt;/p&gt;&#xD;
&#xD;
&lt;p&gt;4. De acuerdo-me describe &lt;/p&gt;&#xD;
&#xD;
&lt;p&gt;5. Muy de acuerdo-me describe mucho &lt;/p&gt; : Puedo ganarle a un &#xA0;detector de mentiras.</label>
        <groupsection idref="1"/>
        <box>
          <tlx>1352</tlx>
          <tly>1850</tly>
          <brx>1411</brx>
          <bry>1909</bry>
          <value>SPR1</value>
          <label>Muy en desacuerdo-No me describe para nada</label>
        </box>
        <box>
          <tlx>1506</tlx>
          <tly>1850</tly>
          <brx>1565</brx>
          <bry>1909</bry>
          <value>SPR2</value>
          <label>En desacuerdo-no me describe</label>
        </box>
        <box>
          <tlx>1659</tlx>
          <tly>1850</tly>
          <brx>1719</brx>
          <bry>1909</bry>
          <value>SPR3</value>
          <label>Neutral-puede o no describirme</label>
        </box>
        <box>
          <tlx>1813</tlx>
          <tly>1850</tly>
          <brx>1872</brx>
          <bry>1909</bry>
          <value>SPR4</value>
          <label>De acuerdo-me describe</label>
        </box>
        <box>
          <tlx>1967</tlx>
          <tly>1850</tly>
          <brx>2026</brx>
          <bry>1909</bry>
          <value>SPR5</value>
          <label>Muy de acuerdo-me describe mucho</label>
        </box>
      </boxgroup>
      <boxgroup>
        <type>1</type>
        <width>4</width>
        <varname>SPR1_SPR04</varname>
        <sortorder>5</sortorder>
        <label>&lt;p&gt;A continuaci&#xF3;n va a responder una serie de enunciados teniendo en cuenta el grado de acuerdo o desacuerdo. Por favor responda del 1 al 5 siendo:&lt;/p&gt;&#xD;
&#xD;
&lt;p&gt;1. Muy en desacuerdo-No me describe para nada &lt;/p&gt;&#xD;
&#xD;
&lt;p&gt;2. En desacuerdo-no me describe &lt;/p&gt;&#xD;
&#xD;
&lt;p&gt;3. Neutral-puede o no describirme&lt;/p&gt;&#xD;
&#xD;
&lt;p&gt;4. De acuerdo-me describe &lt;/p&gt;&#xD;
&#xD;
&lt;p&gt;5. Muy de acuerdo-me describe mucho &lt;/p&gt; : He usado sustancias ilegales (ej. Marihuana, &#xE9;xtasis)</label>
        <groupsection idref="1"/>
        <box>
          <tlx>1352</tlx>
          <tly>1974</tly>
          <brx>1411</brx>
          <bry>2033</bry>
          <value>SPR1</value>
          <label>Muy en desacuerdo-No me describe para nada</label>
        </box>
        <box>
          <tlx>1506</tlx>
          <tly>1974</tly>
          <brx>1565</brx>
          <bry>2033</bry>
          <value>SPR2</value>
          <label>En desacuerdo-no me describe</label>
        </box>
        <box>
          <tlx>1659</tlx>
          <tly>1974</tly>
          <brx>1719</brx>
          <bry>2033</bry>
          <value>SPR3</value>
          <label>Neutral-puede o no describirme</label>
        </box>
        <box>
          <tlx>1813</tlx>
          <tly>1974</tly>
          <brx>1872</brx>
          <bry>2033</bry>
          <value>SPR4</value>
          <label>De acuerdo-me describe</label>
        </box>
        <box>
          <tlx>1967</tlx>
          <tly>1974</tly>
          <brx>2026</brx>
          <bry>2033</bry>
          <value>SPR5</value>
          <label>Muy de acuerdo-me describe mucho</label>
        </box>
      </boxgroup>
      <boxgroup>
        <type>1</type>
        <width>4</width>
        <varname>SPR1_SPR05</varname>
        <sortorder>6</sortorder>
        <label>&lt;p&gt;A continuaci&#xF3;n va a responder una serie de enunciados teniendo en cuenta el grado de acuerdo o desacuerdo. Por favor responda del 1 al 5 siendo:&lt;/p&gt;&#xD;
&#xD;
&lt;p&gt;1. Muy en desacuerdo-No me describe para nada &lt;/p&gt;&#xD;
&#xD;
&lt;p&gt;2. En desacuerdo-no me describe &lt;/p&gt;&#xD;
&#xD;
&lt;p&gt;3. Neutral-puede o no describirme&lt;/p&gt;&#xD;
&#xD;
&lt;p&gt;4. De acuerdo-me describe &lt;/p&gt;&#xD;
&#xD;
&lt;p&gt;5. Muy de acuerdo-me describe mucho &lt;/p&gt; : No he estado involucrado en bandas que realicen actividades criminales&#xA0;</label>
        <groupsection idref="1"/>
        <box>
          <tlx>1352</tlx>
          <tly>2098</tly>
          <brx>1411</brx>
          <bry>2157</bry>
          <value>SPR1</value>
          <label>Muy en desacuerdo-No me describe para nada</label>
        </box>
        <box>
          <tlx>1506</tlx>
          <tly>2098</tly>
          <brx>1565</brx>
          <bry>2157</bry>
          <value>SPR2</value>
          <label>En desacuerdo-no me describe</label>
        </box>
        <box>
          <tlx>1659</tlx>
          <tly>2098</tly>
          <brx>1719</brx>
          <bry>2157</bry>
          <value>SPR3</value>
          <label>Neutral-puede o no describirme</label>
        </box>
        <box>
          <tlx>1813</tlx>
          <tly>2098</tly>
          <brx>1872</brx>
          <bry>2157</bry>
          <value>SPR4</value>
          <label>De acuerdo-me describe</label>
        </box>
        <box>
          <tlx>1967</tlx>
          <tly>2098</tly>
          <brx>2026</brx>
          <bry>2157</bry>
          <value>SPR5</value>
          <label>Muy de acuerdo-me describe mucho</label>
        </box>
      </boxgroup>
      <boxgroup>
        <type>1</type>
        <width>4</width>
        <varname>SPR1_SPR06</varname>
        <sortorder>7</sortorder>
        <label>&lt;p&gt;A continuaci&#xF3;n va a responder una serie de enunciados teniendo en cuenta el grado de acuerdo o desacuerdo. Por favor responda del 1 al 5 siendo:&lt;/p&gt;&#xD;
&#xD;
&lt;p&gt;1. Muy en desacuerdo-No me describe para nada &lt;/p&gt;&#xD;
&#xD;
&lt;p&gt;2. En desacuerdo-no me describe &lt;/p&gt;&#xD;
&#xD;
&lt;p&gt;3. Neutral-puede o no describirme&lt;/p&gt;&#xD;
&#xD;
&lt;p&gt;4. De acuerdo-me describe &lt;/p&gt;&#xD;
&#xD;
&lt;p&gt;5. Muy de acuerdo-me describe mucho &lt;/p&gt; : Nunca he robado un cami&#xF3;n, auto o moto</label>
        <groupsection idref="1"/>
        <box>
          <tlx>1352</tlx>
          <tly>2222</tly>
          <brx>1411</brx>
          <bry>2281</bry>
          <value>SPR1</value>
          <label>Muy en desacuerdo-No me describe para nada</label>
        </box>
        <box>
          <tlx>1506</tlx>
          <tly>2222</tly>
          <brx>1565</brx>
          <bry>2281</bry>
          <value>SPR2</value>
          <label>En desacuerdo-no me describe</label>
        </box>
        <box>
          <tlx>1659</tlx>
          <tly>2222</tly>
          <brx>1719</brx>
          <bry>2281</bry>
          <value>SPR3</value>
          <label>Neutral-puede o no describirme</label>
        </box>
        <box>
          <tlx>1813</tlx>
          <tly>2222</tly>
          <brx>1872</brx>
          <bry>2281</bry>
          <value>SPR4</value>
          <label>De acuerdo-me describe</label>
        </box>
        <box>
          <tlx>1967</tlx>
          <tly>2222</tly>
          <brx>2026</brx>
          <bry>2281</bry>
          <value>SPR5</value>
          <label>Muy de acuerdo-me describe mucho</label>
        </box>
      </boxgroup>
      <boxgroup>
        <type>1</type>
        <width>4</width>
        <varname>SPR1_SPR07</varname>
        <sortorder>8</sortorder>
        <label>&lt;p&gt;A continuaci&#xF3;n va a responder una serie de enunciados teniendo en cuenta el grado de acuerdo o desacuerdo. Por favor responda del 1 al 5 siendo:&lt;/p&gt;&#xD;
&#xD;
&lt;p&gt;1. Muy en desacuerdo-No me describe para nada &lt;/p&gt;&#xD;
&#xD;
&lt;p&gt;2. En desacuerdo-no me describe &lt;/p&gt;&#xD;
&#xD;
&lt;p&gt;3. Neutral-puede o no describirme&lt;/p&gt;&#xD;
&#xD;
&lt;p&gt;4. De acuerdo-me describe &lt;/p&gt;&#xD;
&#xD;
&lt;p&gt;5. Muy de acuerdo-me describe mucho &lt;/p&gt; : Considero que la mayor&#xED;a de la gente es d&#xE9;bil</label>
        <groupsection idref="1"/>
        <box>
          <tlx>1352</tlx>
          <tly>2346</tly>
          <brx>1411</brx>
          <bry>2405</bry>
          <value>SPR1</value>
          <label>Muy en desacuerdo-No me describe para nada</label>
        </box>
        <box>
          <tlx>1506</tlx>
          <tly>2346</tly>
          <brx>1565</brx>
          <bry>2405</bry>
          <value>SPR2</value>
          <label>En desacuerdo-no me describe</label>
        </box>
        <box>
          <tlx>1659</tlx>
          <tly>2346</tly>
          <brx>1719</brx>
          <bry>2405</bry>
          <value>SPR3</value>
          <label>Neutral-puede o no describirme</label>
        </box>
        <box>
          <tlx>1813</tlx>
          <tly>2346</tly>
          <brx>1872</brx>
          <bry>2405</bry>
          <value>SPR4</value>
          <label>De acuerdo-me describe</label>
        </box>
        <box>
          <tlx>1967</tlx>
          <tly>2346</tly>
          <brx>2026</brx>
          <bry>2405</bry>
          <value>SPR5</value>
          <label>Muy de acuerdo-me describe mucho</label>
        </box>
      </boxgroup>
      <boxgroup>
        <type>1</type>
        <width>4</width>
        <varname>SPR1_SPR08</varname>
        <sortorder>9</sortorder>
        <label>&lt;p&gt;A continuaci&#xF3;n va a responder una serie de enunciados teniendo en cuenta el grado de acuerdo o desacuerdo. Por favor responda del 1 al 5 siendo:&lt;/p&gt;&#xD;
&#xD;
&lt;p&gt;1. Muy en desacuerdo-No me describe para nada &lt;/p&gt;&#xD;
&#xD;
&lt;p&gt;2. En desacuerdo-no me describe &lt;/p&gt;&#xD;
&#xD;
&lt;p&gt;3. Neutral-puede o no describirme&lt;/p&gt;&#xD;
&#xD;
&lt;p&gt;4. De acuerdo-me describe &lt;/p&gt;&#xD;
&#xD;
&lt;p&gt;5. Muy de acuerdo-me describe mucho &lt;/p&gt; : Con frecuencia elogio o halago a personas para que est&#xE9;n de mi parte</label>
        <groupsection idref="1"/>
        <box>
          <tlx>1352</tlx>
          <tly>2470</tly>
          <brx>1411</brx>
          <bry>2529</bry>
          <value>SPR1</value>
          <label>Muy en desacuerdo-No me describe para nada</label>
        </box>
        <box>
          <tlx>1506</tlx>
          <tly>2470</tly>
          <brx>1565</brx>
          <bry>2529</bry>
          <value>SPR2</value>
          <label>En desacuerdo-no me describe</label>
        </box>
        <box>
          <tlx>1659</tlx>
          <tly>2470</tly>
          <brx>1719</brx>
          <bry>2529</bry>
          <value>SPR3</value>
          <label>Neutral-puede o no describirme</label>
        </box>
        <box>
          <tlx>1813</tlx>
          <tly>2470</tly>
          <brx>1872</brx>
          <bry>2529</bry>
          <value>SPR4</value>
          <label>De acuerdo-me describe</label>
        </box>
        <box>
          <tlx>1967</tlx>
          <tly>2470</tly>
          <brx>2026</brx>
          <bry>2529</bry>
          <value>SPR5</value>
          <label>Muy de acuerdo-me describe mucho</label>
        </box>
      </boxgroup>
      <boxgroup>
        <type>1</type>
        <width>4</width>
        <varname>SPR1_SPR09</varname>
        <sortorder>10</sortorder>
        <label>&lt;p&gt;A continuaci&#xF3;n va a responder una serie de enunciados teniendo en cuenta el grado de acuerdo o desacuerdo. Por favor responda del 1 al 5 siendo:&lt;/p&gt;&#xD;
&#xD;
&lt;p&gt;1. Muy en desacuerdo-No me describe para nada &lt;/p&gt;&#xD;
&#xD;
&lt;p&gt;2. En desacuerdo-no me describe &lt;/p&gt;&#xD;
&#xD;
&lt;p&gt;3. Neutral-puede o no describirme&lt;/p&gt;&#xD;
&#xD;
&lt;p&gt;4. De acuerdo-me describe &lt;/p&gt;&#xD;
&#xD;
&lt;p&gt;5. Muy de acuerdo-me describe mucho &lt;/p&gt; : Con frecuencia me involucro en actividades riesgosas por la emoci&#xF3;n que estas me producen&#xA0;</label>
        <groupsection idref="1"/>
        <box>
          <tlx>1352</tlx>
          <tly>2594</tly>
          <brx>1411</brx>
          <bry>2653</bry>
          <value>SPR1</value>
          <label>Muy en desacuerdo-No me describe para nada</label>
        </box>
        <box>
          <tlx>1506</tlx>
          <tly>2594</tly>
          <brx>1565</brx>
          <bry>2653</bry>
          <value>SPR2</value>
          <label>En desacuerdo-no me describe</label>
        </box>
        <box>
          <tlx>1659</tlx>
          <tly>2594</tly>
          <brx>1719</brx>
          <bry>2653</bry>
          <value>SPR3</value>
          <label>Neutral-puede o no describirme</label>
        </box>
        <box>
          <tlx>1813</tlx>
          <tly>2594</tly>
          <brx>1872</brx>
          <bry>2653</bry>
          <value>SPR4</value>
          <label>De acuerdo-me describe</label>
        </box>
        <box>
          <tlx>1967</tlx>
          <tly>2594</tly>
          <brx>2026</brx>
          <bry>2653</bry>
          <value>SPR5</value>
          <label>Muy de acuerdo-me describe mucho</label>
        </box>
      </boxgroup>
      <boxgroup>
        <type>1</type>
        <width>4</width>
        <varname>SPR2_SPR10</varname>
        <sortorder>11</sortorder>
        <label>He enga&#xF1;ado a otros para obtener dinero</label>
        <groupsection idref="1"/>
        <box>
          <tlx>1352</tlx>
          <tly>2910</tly>
          <brx>1411</brx>
          <bry>2969</bry>
          <value>SPR1</value>
          <label>Muy en desacuerdo-No me describe para nada</label>
        </box>
        <box>
          <tlx>1506</tlx>
          <tly>2910</tly>
          <brx>1565</brx>
          <bry>2969</bry>
          <value>SPR2</value>
          <label>En desacuerdo-no me describe</label>
        </box>
        <box>
          <tlx>1659</tlx>
          <tly>2910</tly>
          <brx>1719</brx>
          <bry>2969</bry>
          <value>SPR3</value>
          <label>Neutral-puede o no describirme</label>
        </box>
        <box>
          <tlx>1813</tlx>
          <tly>2910</tly>
          <brx>1872</brx>
          <bry>2969</bry>
          <value>SPR4</value>
          <label>De acuerdo-me describe</label>
        </box>
        <box>
          <tlx>1967</tlx>
          <tly>2910</tly>
          <brx>2026</brx>
          <bry>2969</bry>
          <value>SPR5</value>
          <label>Muy de acuerdo-me describe mucho</label>
        </box>
      </boxgroup>
      <boxgroup>
        <type>1</type>
        <width>4</width>
        <varname>SPR2_SPR11</varname>
        <sortorder>12</sortorder>
        <label>Me causa dolor ver un  animal herido</label>
        <groupsection idref="1"/>
        <box>
          <tlx>1352</tlx>
          <tly>3034</tly>
          <brx>1411</brx>
          <bry>3094</bry>
          <value>SPR1</value>
          <label>Muy en desacuerdo-No me describe para nada</label>
        </box>
        <box>
          <tlx>1506</tlx>
          <tly>3034</tly>
          <brx>1565</brx>
          <bry>3094</bry>
          <value>SPR2</value>
          <label>En desacuerdo-no me describe</label>
        </box>
        <box>
          <tlx>1659</tlx>
          <tly>3034</tly>
          <brx>1719</brx>
          <bry>3094</bry>
          <value>SPR3</value>
          <label>Neutral-puede o no describirme</label>
        </box>
        <box>
          <tlx>1813</tlx>
          <tly>3034</tly>
          <brx>1872</brx>
          <bry>3094</bry>
          <value>SPR4</value>
          <label>De acuerdo-me describe</label>
        </box>
        <box>
          <tlx>1967</tlx>
          <tly>3034</tly>
          <brx>2026</brx>
          <bry>3094</bry>
          <value>SPR5</value>
          <label>Muy de acuerdo-me describe mucho</label>
        </box>
      </boxgroup>
      <boxgroup>
        <type>1</type>
        <width>4</width>
        <varname>SPR2_SPR12</varname>
        <sortorder>13</sortorder>
        <label>He atacado a un polic&#xED;a o a un trabajador social</label>
        <groupsection idref="1"/>
        <box>
          <tlx>1352</tlx>
          <tly>3158</tly>
          <brx>1411</brx>
          <bry>3218</bry>
          <value>SPR1</value>
          <label>Muy en desacuerdo-No me describe para nada</label>
        </box>
        <box>
          <tlx>1506</tlx>
          <tly>3158</tly>
          <brx>1565</brx>
          <bry>3218</bry>
          <value>SPR2</value>
          <label>En desacuerdo-no me describe</label>
        </box>
        <box>
          <tlx>1659</tlx>
          <tly>3158</tly>
          <brx>1719</brx>
          <bry>3218</bry>
          <value>SPR3</value>
          <label>Neutral-puede o no describirme</label>
        </box>
        <box>
          <tlx>1813</tlx>
          <tly>3158</tly>
          <brx>1872</brx>
          <bry>3218</bry>
          <value>SPR4</value>
          <label>De acuerdo-me describe</label>
        </box>
        <box>
          <tlx>1967</tlx>
          <tly>3158</tly>
          <brx>2026</brx>
          <bry>3218</bry>
          <value>SPR5</value>
          <label>Muy de acuerdo-me describe mucho</label>
        </box>
      </boxgroup>
    </page>
    <page>
      <id>85881402</id>
      <tlx>283</tlx>
      <tly>283</tly>
      <trx>2197</trx>
      <try>283</try>
      <brx>2197</brx>
      <bry>3224</bry>
      <blx>283</blx>
      <bly>3224</bly>
      <rotation>0</rotation>
      <boxgroup>
        <type>1</type>
        <width>4</width>
        <varname>SPR2_SPR13</varname>
        <sortorder>14</sortorder>
        <label>He fingido ser alguien m&#xE1;s para obtener algo o  conseguir alg&#xFA;n beneficio</label>
        <groupsection idref="1"/>
        <box>
          <tlx>1352</tlx>
          <tly>322</tly>
          <brx>1411</brx>
          <bry>381</bry>
          <value>SPR1</value>
          <label>Muy en desacuerdo-No me describe para nada</label>
        </box>
        <box>
          <tlx>1506</tlx>
          <tly>322</tly>
          <brx>1565</brx>
          <bry>381</bry>
          <value>SPR2</value>
          <label>En desacuerdo-no me describe</label>
        </box>
        <box>
          <tlx>1659</tlx>
          <tly>322</tly>
          <brx>1719</brx>
          <bry>381</bry>
          <value>SPR3</value>
          <label>Neutral-puede o no describirme</label>
        </box>
        <box>
          <tlx>1813</tlx>
          <tly>322</tly>
          <brx>1872</brx>
          <bry>381</bry>
          <value>SPR4</value>
          <label>De acuerdo-me describe</label>
        </box>
        <box>
          <tlx>1967</tlx>
          <tly>322</tly>
          <brx>2026</brx>
          <bry>381</bry>
          <value>SPR5</value>
          <label>Muy de acuerdo-me describe mucho</label>
        </box>
      </boxgroup>
      <boxgroup>
        <type>1</type>
        <width>4</width>
        <varname>SPR2_SPR14</varname>
        <sortorder>15</sortorder>
        <label>Siempre planeo mis actividades de la semana</label>
        <groupsection idref="1"/>
        <box>
          <tlx>1352</tlx>
          <tly>446</tly>
          <brx>1411</brx>
          <bry>505</bry>
          <value>SPR1</value>
          <label>Muy en desacuerdo-No me describe para nada</label>
        </box>
        <box>
          <tlx>1506</tlx>
          <tly>446</tly>
          <brx>1565</brx>
          <bry>505</bry>
          <value>SPR2</value>
          <label>En desacuerdo-no me describe</label>
        </box>
        <box>
          <tlx>1659</tlx>
          <tly>446</tly>
          <brx>1719</brx>
          <bry>505</bry>
          <value>SPR3</value>
          <label>Neutral-puede o no describirme</label>
        </box>
        <box>
          <tlx>1813</tlx>
          <tly>446</tly>
          <brx>1872</brx>
          <bry>505</bry>
          <value>SPR4</value>
          <label>De acuerdo-me describe</label>
        </box>
        <box>
          <tlx>1967</tlx>
          <tly>446</tly>
          <brx>2026</brx>
          <bry>505</bry>
          <value>SPR5</value>
          <label>Muy de acuerdo-me describe mucho</label>
        </box>
      </boxgroup>
      <boxgroup>
        <type>1</type>
        <width>4</width>
        <varname>SPR2_SPR15</varname>
        <sortorder>16</sortorder>
        <label>Disfruto viendo peleas que involucran pu&#xF1;etazos</label>
        <groupsection idref="1"/>
        <box>
          <tlx>1352</tlx>
          <tly>570</tly>
          <brx>1411</brx>
          <bry>629</bry>
          <value>SPR1</value>
          <label>Muy en desacuerdo-No me describe para nada</label>
        </box>
        <box>
          <tlx>1506</tlx>
          <tly>570</tly>
          <brx>1565</brx>
          <bry>629</bry>
          <value>SPR2</value>
          <label>En desacuerdo-no me describe</label>
        </box>
        <box>
          <tlx>1659</tlx>
          <tly>570</tly>
          <brx>1719</brx>
          <bry>629</bry>
          <value>SPR3</value>
          <label>Neutral-puede o no describirme</label>
        </box>
        <box>
          <tlx>1813</tlx>
          <tly>570</tly>
          <brx>1872</brx>
          <bry>629</bry>
          <value>SPR4</value>
          <label>De acuerdo-me describe</label>
        </box>
        <box>
          <tlx>1967</tlx>
          <tly>570</tly>
          <brx>2026</brx>
          <bry>629</bry>
          <value>SPR5</value>
          <label>Muy de acuerdo-me describe mucho</label>
        </box>
      </boxgroup>
      <boxgroup>
        <type>1</type>
        <width>4</width>
        <varname>SPR2_SPR16</varname>
        <sortorder>17</sortorder>
        <label>No soy astuto o uso trucos</label>
        <groupsection idref="1"/>
        <box>
          <tlx>1352</tlx>
          <tly>694</tly>
          <brx>1411</brx>
          <bry>753</bry>
          <value>SPR1</value>
          <label>Muy en desacuerdo-No me describe para nada</label>
        </box>
        <box>
          <tlx>1506</tlx>
          <tly>694</tly>
          <brx>1565</brx>
          <bry>753</bry>
          <value>SPR2</value>
          <label>En desacuerdo-no me describe</label>
        </box>
        <box>
          <tlx>1659</tlx>
          <tly>694</tly>
          <brx>1719</brx>
          <bry>753</bry>
          <value>SPR3</value>
          <label>Neutral-puede o no describirme</label>
        </box>
        <box>
          <tlx>1813</tlx>
          <tly>694</tly>
          <brx>1872</brx>
          <bry>753</bry>
          <value>SPR4</value>
          <label>De acuerdo-me describe</label>
        </box>
        <box>
          <tlx>1967</tlx>
          <tly>694</tly>
          <brx>2026</brx>
          <bry>753</bry>
          <value>SPR5</value>
          <label>Muy de acuerdo-me describe mucho</label>
        </box>
      </boxgroup>
      <boxgroup>
        <type>1</type>
        <width>4</width>
        <varname>SPR2_SPR17</varname>
        <sortorder>18</sortorder>
        <label>Soy bueno en los trabajos riesgosos porque tomo decisiones r&#xE1;pidas</label>
        <groupsection idref="1"/>
        <box>
          <tlx>1352</tlx>
          <tly>818</tly>
          <brx>1411</brx>
          <bry>877</bry>
          <value>SPR1</value>
          <label>Muy en desacuerdo-No me describe para nada</label>
        </box>
        <box>
          <tlx>1506</tlx>
          <tly>818</tly>
          <brx>1565</brx>
          <bry>877</bry>
          <value>SPR2</value>
          <label>En desacuerdo-no me describe</label>
        </box>
        <box>
          <tlx>1659</tlx>
          <tly>818</tly>
          <brx>1719</brx>
          <bry>877</bry>
          <value>SPR3</value>
          <label>Neutral-puede o no describirme</label>
        </box>
        <box>
          <tlx>1813</tlx>
          <tly>818</tly>
          <brx>1872</brx>
          <bry>877</bry>
          <value>SPR4</value>
          <label>De acuerdo-me describe</label>
        </box>
        <box>
          <tlx>1967</tlx>
          <tly>818</tly>
          <brx>2026</brx>
          <bry>877</bry>
          <value>SPR5</value>
          <label>Muy de acuerdo-me describe mucho</label>
        </box>
      </boxgroup>
      <boxgroup>
        <type>1</type>
        <width>4</width>
        <varname>SPR2_SPR18</varname>
        <sortorder>19</sortorder>
        <label>Nunca he forzado a alguien a tener sexo</label>
        <groupsection idref="1"/>
        <box>
          <tlx>1352</tlx>
          <tly>942</tly>
          <brx>1411</brx>
          <bry>1001</bry>
          <value>SPR1</value>
          <label>Muy en desacuerdo-No me describe para nada</label>
        </box>
        <box>
          <tlx>1506</tlx>
          <tly>942</tly>
          <brx>1565</brx>
          <bry>1001</bry>
          <value>SPR2</value>
          <label>En desacuerdo-no me describe</label>
        </box>
        <box>
          <tlx>1659</tlx>
          <tly>942</tly>
          <brx>1719</brx>
          <bry>1001</bry>
          <value>SPR3</value>
          <label>Neutral-puede o no describirme</label>
        </box>
        <box>
          <tlx>1813</tlx>
          <tly>942</tly>
          <brx>1872</brx>
          <bry>1001</bry>
          <value>SPR4</value>
          <label>De acuerdo-me describe</label>
        </box>
        <box>
          <tlx>1967</tlx>
          <tly>942</tly>
          <brx>2026</brx>
          <bry>1001</bry>
          <value>SPR5</value>
          <label>Muy de acuerdo-me describe mucho</label>
        </box>
      </boxgroup>
      <boxgroup>
        <type>1</type>
        <width>4</width>
        <varname>SPR2_SPR19</varname>
        <sortorder>20</sortorder>
        <label>Mis amigos podr&#xED;an decir que soy una persona afectuosa</label>
        <groupsection idref="1"/>
        <box>
          <tlx>1352</tlx>
          <tly>1066</tly>
          <brx>1411</brx>
          <bry>1125</bry>
          <value>SPR1</value>
          <label>Muy en desacuerdo-No me describe para nada</label>
        </box>
        <box>
          <tlx>1506</tlx>
          <tly>1066</tly>
          <brx>1565</brx>
          <bry>1125</bry>
          <value>SPR2</value>
          <label>En desacuerdo-no me describe</label>
        </box>
        <box>
          <tlx>1659</tlx>
          <tly>1066</tly>
          <brx>1719</brx>
          <bry>1125</bry>
          <value>SPR3</value>
          <label>Neutral-puede o no describirme</label>
        </box>
        <box>
          <tlx>1813</tlx>
          <tly>1066</tly>
          <brx>1872</brx>
          <bry>1125</bry>
          <value>SPR4</value>
          <label>De acuerdo-me describe</label>
        </box>
        <box>
          <tlx>1967</tlx>
          <tly>1066</tly>
          <brx>2026</brx>
          <bry>1125</bry>
          <value>SPR5</value>
          <label>Muy de acuerdo-me describe mucho</label>
        </box>
      </boxgroup>
      <boxgroup>
        <type>1</type>
        <width>4</width>
        <varname>SPR3_SPR20</varname>
        <sortorder>21</sortorder>
        <label>Me divierte estafar a alguien</label>
        <groupsection idref="1"/>
        <box>
          <tlx>1352</tlx>
          <tly>1382</tly>
          <brx>1411</brx>
          <bry>1441</bry>
          <value>SPR1</value>
          <label>Muy en desacuerdo-No me describe para nada</label>
        </box>
        <box>
          <tlx>1506</tlx>
          <tly>1382</tly>
          <brx>1565</brx>
          <bry>1441</bry>
          <value>SPR2</value>
          <label>En desacuerdo-no me describe</label>
        </box>
        <box>
          <tlx>1659</tlx>
          <tly>1382</tly>
          <brx>1719</brx>
          <bry>1441</bry>
          <value>SPR3</value>
          <label>Neutral-puede o no describirme</label>
        </box>
        <box>
          <tlx>1813</tlx>
          <tly>1382</tly>
          <brx>1872</brx>
          <bry>1441</bry>
          <value>SPR4</value>
          <label>De acuerdo-me describe</label>
        </box>
        <box>
          <tlx>1967</tlx>
          <tly>1382</tly>
          <brx>2026</brx>
          <bry>1441</bry>
          <value>SPR5</value>
          <label>Muy de acuerdo-me describe mucho</label>
        </box>
      </boxgroup>
      <boxgroup>
        <type>1</type>
        <width>4</width>
        <varname>SPR3_SPR21</varname>
        <sortorder>22</sortorder>
        <label>Nunca he atacado a alguien con la idea de herirlo</label>
        <groupsection idref="1"/>
        <box>
          <tlx>1352</tlx>
          <tly>1506</tly>
          <brx>1411</brx>
          <bry>1565</bry>
          <value>SPR1</value>
          <label>Muy en desacuerdo-No me describe para nada</label>
        </box>
        <box>
          <tlx>1506</tlx>
          <tly>1506</tly>
          <brx>1565</brx>
          <bry>1565</bry>
          <value>SPR2</value>
          <label>En desacuerdo-no me describe</label>
        </box>
        <box>
          <tlx>1659</tlx>
          <tly>1506</tly>
          <brx>1719</brx>
          <bry>1565</bry>
          <value>SPR3</value>
          <label>Neutral-puede o no describirme</label>
        </box>
        <box>
          <tlx>1813</tlx>
          <tly>1506</tly>
          <brx>1872</brx>
          <bry>1565</bry>
          <value>SPR4</value>
          <label>De acuerdo-me describe</label>
        </box>
        <box>
          <tlx>1967</tlx>
          <tly>1506</tly>
          <brx>2026</brx>
          <bry>1565</bry>
          <value>SPR5</value>
          <label>Muy de acuerdo-me describe mucho</label>
        </box>
      </boxgroup>
      <boxgroup>
        <type>1</type>
        <width>4</width>
        <varname>SPR3_SPR22</varname>
        <sortorder>23</sortorder>
        <label>Nunca se me olvidan mis citas o compromisos</label>
        <groupsection idref="1"/>
        <box>
          <tlx>1352</tlx>
          <tly>1630</tly>
          <brx>1411</brx>
          <bry>1689</bry>
          <value>SPR1</value>
          <label>Muy en desacuerdo-No me describe para nada</label>
        </box>
        <box>
          <tlx>1506</tlx>
          <tly>1630</tly>
          <brx>1565</brx>
          <bry>1689</bry>
          <value>SPR2</value>
          <label>En desacuerdo-no me describe</label>
        </box>
        <box>
          <tlx>1659</tlx>
          <tly>1630</tly>
          <brx>1719</brx>
          <bry>1689</bry>
          <value>SPR3</value>
          <label>Neutral-puede o no describirme</label>
        </box>
        <box>
          <tlx>1813</tlx>
          <tly>1630</tly>
          <brx>1872</brx>
          <bry>1689</bry>
          <value>SPR4</value>
          <label>De acuerdo-me describe</label>
        </box>
        <box>
          <tlx>1967</tlx>
          <tly>1630</tly>
          <brx>2026</brx>
          <bry>1689</bry>
          <value>SPR5</value>
          <label>Muy de acuerdo-me describe mucho</label>
        </box>
      </boxgroup>
      <boxgroup>
        <type>1</type>
        <width>4</width>
        <varname>SPR3_SPR23</varname>
        <sortorder>24</sortorder>
        <label>Evito las pel&#xED;culas de terror</label>
        <groupsection idref="1"/>
        <box>
          <tlx>1352</tlx>
          <tly>1754</tly>
          <brx>1411</brx>
          <bry>1813</bry>
          <value>SPR1</value>
          <label>Muy en desacuerdo-No me describe para nada</label>
        </box>
        <box>
          <tlx>1506</tlx>
          <tly>1754</tly>
          <brx>1565</brx>
          <bry>1813</bry>
          <value>SPR2</value>
          <label>En desacuerdo-no me describe</label>
        </box>
        <box>
          <tlx>1659</tlx>
          <tly>1754</tly>
          <brx>1719</brx>
          <bry>1813</bry>
          <value>SPR3</value>
          <label>Neutral-puede o no describirme</label>
        </box>
        <box>
          <tlx>1813</tlx>
          <tly>1754</tly>
          <brx>1872</brx>
          <bry>1813</bry>
          <value>SPR4</value>
          <label>De acuerdo-me describe</label>
        </box>
        <box>
          <tlx>1967</tlx>
          <tly>1754</tly>
          <brx>2026</brx>
          <bry>1813</bry>
          <value>SPR5</value>
          <label>Muy de acuerdo-me describe mucho</label>
        </box>
      </boxgroup>
      <boxgroup>
        <type>1</type>
        <width>4</width>
        <varname>SPR3_SPR24</varname>
        <sortorder>25</sortorder>
        <label>Conf&#xED;o en la honestidad de otras personas</label>
        <groupsection idref="1"/>
        <box>
          <tlx>1352</tlx>
          <tly>1878</tly>
          <brx>1411</brx>
          <bry>1938</bry>
          <value>SPR1</value>
          <label>Muy en desacuerdo-No me describe para nada</label>
        </box>
        <box>
          <tlx>1506</tlx>
          <tly>1878</tly>
          <brx>1565</brx>
          <bry>1938</bry>
          <value>SPR2</value>
          <label>En desacuerdo-no me describe</label>
        </box>
        <box>
          <tlx>1659</tlx>
          <tly>1878</tly>
          <brx>1719</brx>
          <bry>1938</bry>
          <value>SPR3</value>
          <label>Neutral-puede o no describirme</label>
        </box>
        <box>
          <tlx>1813</tlx>
          <tly>1878</tly>
          <brx>1872</brx>
          <bry>1938</bry>
          <value>SPR4</value>
          <label>De acuerdo-me describe</label>
        </box>
        <box>
          <tlx>1967</tlx>
          <tly>1878</tly>
          <brx>2026</brx>
          <bry>1938</bry>
          <value>SPR5</value>
          <label>Muy de acuerdo-me describe mucho</label>
        </box>
      </boxgroup>
      <boxgroup>
        <type>1</type>
        <width>4</width>
        <varname>SPR3_SPR25</varname>
        <sortorder>26</sortorder>
        <label>Odio conducir a alta velocidad</label>
        <groupsection idref="1"/>
        <box>
          <tlx>1352</tlx>
          <tly>2002</tly>
          <brx>1411</brx>
          <bry>2062</bry>
          <value>SPR1</value>
          <label>Muy en desacuerdo-No me describe para nada</label>
        </box>
        <box>
          <tlx>1506</tlx>
          <tly>2002</tly>
          <brx>1565</brx>
          <bry>2062</bry>
          <value>SPR2</value>
          <label>En desacuerdo-no me describe</label>
        </box>
        <box>
          <tlx>1659</tlx>
          <tly>2002</tly>
          <brx>1719</brx>
          <bry>2062</bry>
          <value>SPR3</value>
          <label>Neutral-puede o no describirme</label>
        </box>
        <box>
          <tlx>1813</tlx>
          <tly>2002</tly>
          <brx>1872</brx>
          <bry>2062</bry>
          <value>SPR4</value>
          <label>De acuerdo-me describe</label>
        </box>
        <box>
          <tlx>1967</tlx>
          <tly>2002</tly>
          <brx>2026</brx>
          <bry>2062</bry>
          <value>SPR5</value>
          <label>Muy de acuerdo-me describe mucho</label>
        </box>
      </boxgroup>
      <boxgroup>
        <type>1</type>
        <width>4</width>
        <varname>SPR3_SPR26</varname>
        <sortorder>27</sortorder>
        <label>Siento tristeza cuando veo una persona sin hogar o desamparada</label>
        <groupsection idref="1"/>
        <box>
          <tlx>1352</tlx>
          <tly>2126</tly>
          <brx>1411</brx>
          <bry>2186</bry>
          <value>SPR1</value>
          <label>Muy en desacuerdo-No me describe para nada</label>
        </box>
        <box>
          <tlx>1506</tlx>
          <tly>2126</tly>
          <brx>1565</brx>
          <bry>2186</bry>
          <value>SPR2</value>
          <label>En desacuerdo-no me describe</label>
        </box>
        <box>
          <tlx>1659</tlx>
          <tly>2126</tly>
          <brx>1719</brx>
          <bry>2186</bry>
          <value>SPR3</value>
          <label>Neutral-puede o no describirme</label>
        </box>
        <box>
          <tlx>1813</tlx>
          <tly>2126</tly>
          <brx>1872</brx>
          <bry>2186</bry>
          <value>SPR4</value>
          <label>De acuerdo-me describe</label>
        </box>
        <box>
          <tlx>1967</tlx>
          <tly>2126</tly>
          <brx>2026</brx>
          <bry>2186</bry>
          <value>SPR5</value>
          <label>Muy de acuerdo-me describe mucho</label>
        </box>
      </boxgroup>
      <boxgroup>
        <type>1</type>
        <width>4</width>
        <varname>SPR3_SPR27</varname>
        <sortorder>28</sortorder>
        <label>Me divierte ver que tan lejos se puede presionar a una persona antes de que se enoje</label>
        <groupsection idref="1"/>
        <box>
          <tlx>1352</tlx>
          <tly>2250</tly>
          <brx>1411</brx>
          <bry>2310</bry>
          <value>SPR1</value>
          <label>Muy en desacuerdo-No me describe para nada</label>
        </box>
        <box>
          <tlx>1506</tlx>
          <tly>2250</tly>
          <brx>1565</brx>
          <bry>2310</bry>
          <value>SPR2</value>
          <label>En desacuerdo-no me describe</label>
        </box>
        <box>
          <tlx>1659</tlx>
          <tly>2250</tly>
          <brx>1719</brx>
          <bry>2310</bry>
          <value>SPR3</value>
          <label>Neutral-puede o no describirme</label>
        </box>
        <box>
          <tlx>1813</tlx>
          <tly>2250</tly>
          <brx>1872</brx>
          <bry>2310</bry>
          <value>SPR4</value>
          <label>De acuerdo-me describe</label>
        </box>
        <box>
          <tlx>1967</tlx>
          <tly>2250</tly>
          <brx>2026</brx>
          <bry>2310</bry>
          <value>SPR5</value>
          <label>Muy de acuerdo-me describe mucho</label>
        </box>
      </boxgroup>
      <boxgroup>
        <type>1</type>
        <width>4</width>
        <varname>SPR3_SPR28</varname>
        <sortorder>29</sortorder>
        <label>Disfruto haciendo actividades inusuales o de riesgo</label>
        <groupsection idref="1"/>
        <box>
          <tlx>1352</tlx>
          <tly>2375</tly>
          <brx>1411</brx>
          <bry>2434</bry>
          <value>SPR1</value>
          <label>Muy en desacuerdo-No me describe para nada</label>
        </box>
        <box>
          <tlx>1506</tlx>
          <tly>2375</tly>
          <brx>1565</brx>
          <bry>2434</bry>
          <value>SPR2</value>
          <label>En desacuerdo-no me describe</label>
        </box>
        <box>
          <tlx>1659</tlx>
          <tly>2375</tly>
          <brx>1719</brx>
          <bry>2434</bry>
          <value>SPR3</value>
          <label>Neutral-puede o no describirme</label>
        </box>
        <box>
          <tlx>1813</tlx>
          <tly>2375</tly>
          <brx>1872</brx>
          <bry>2434</bry>
          <value>SPR4</value>
          <label>De acuerdo-me describe</label>
        </box>
        <box>
          <tlx>1967</tlx>
          <tly>2375</tly>
          <brx>2026</brx>
          <bry>2434</bry>
          <value>SPR5</value>
          <label>Muy de acuerdo-me describe mucho</label>
        </box>
      </boxgroup>
      <boxgroup>
        <type>1</type>
        <width>4</width>
        <varname>SPR3_SPR29</varname>
        <sortorder>30</sortorder>
        <label>He irrumpido o ingresado  en edificios o veh&#xED;culos para robar o vandalismo</label>
        <groupsection idref="1"/>
        <box>
          <tlx>1352</tlx>
          <tly>2499</tly>
          <brx>1411</brx>
          <bry>2558</bry>
          <value>SPR1</value>
          <label>Muy en desacuerdo-No me describe para nada</label>
        </box>
        <box>
          <tlx>1506</tlx>
          <tly>2499</tly>
          <brx>1565</brx>
          <bry>2558</bry>
          <value>SPR2</value>
          <label>En desacuerdo-no me describe</label>
        </box>
        <box>
          <tlx>1659</tlx>
          <tly>2499</tly>
          <brx>1719</brx>
          <bry>2558</bry>
          <value>SPR3</value>
          <label>Neutral-puede o no describirme</label>
        </box>
        <box>
          <tlx>1813</tlx>
          <tly>2499</tly>
          <brx>1872</brx>
          <bry>2558</bry>
          <value>SPR4</value>
          <label>De acuerdo-me describe</label>
        </box>
        <box>
          <tlx>1967</tlx>
          <tly>2499</tly>
          <brx>2026</brx>
          <bry>2558</bry>
          <value>SPR5</value>
          <label>Muy de acuerdo-me describe mucho</label>
        </box>
      </boxgroup>
      <boxgroup>
        <type>1</type>
        <width>4</width>
        <varname>SPR4_SPR30</varname>
        <sortorder>31</sortorder>
        <label>No me importa estar en contacto con mi familia</label>
        <groupsection idref="1"/>
        <box>
          <tlx>1352</tlx>
          <tly>2815</tly>
          <brx>1411</brx>
          <bry>2874</bry>
          <value>SPR1</value>
          <label>Muy en desacuerdo-No me describe para nada</label>
        </box>
        <box>
          <tlx>1506</tlx>
          <tly>2815</tly>
          <brx>1565</brx>
          <bry>2874</bry>
          <value>SPR2</value>
          <label>En desacuerdo-no me describe</label>
        </box>
        <box>
          <tlx>1659</tlx>
          <tly>2815</tly>
          <brx>1719</brx>
          <bry>2874</bry>
          <value>SPR3</value>
          <label>Neutral-puede o no describirme</label>
        </box>
        <box>
          <tlx>1813</tlx>
          <tly>2815</tly>
          <brx>1872</brx>
          <bry>2874</bry>
          <value>SPR4</value>
          <label>De acuerdo-me describe</label>
        </box>
        <box>
          <tlx>1967</tlx>
          <tly>2815</tly>
          <brx>2026</brx>
          <bry>2874</bry>
          <value>SPR5</value>
          <label>Muy de acuerdo-me describe mucho</label>
        </box>
      </boxgroup>
      <boxgroup>
        <type>1</type>
        <width>4</width>
        <varname>SPR4_SPR31</varname>
        <sortorder>32</sortorder>
        <label>Encuentro dif&#xED;cil manipular a otras personas</label>
        <groupsection idref="1"/>
        <box>
          <tlx>1352</tlx>
          <tly>2939</tly>
          <brx>1411</brx>
          <bry>2998</bry>
          <value>SPR1</value>
          <label>Muy en desacuerdo-No me describe para nada</label>
        </box>
        <box>
          <tlx>1506</tlx>
          <tly>2939</tly>
          <brx>1565</brx>
          <bry>2998</bry>
          <value>SPR2</value>
          <label>En desacuerdo-no me describe</label>
        </box>
        <box>
          <tlx>1659</tlx>
          <tly>2939</tly>
          <brx>1719</brx>
          <bry>2998</bry>
          <value>SPR3</value>
          <label>Neutral-puede o no describirme</label>
        </box>
        <box>
          <tlx>1813</tlx>
          <tly>2939</tly>
          <brx>1872</brx>
          <bry>2998</bry>
          <value>SPR4</value>
          <label>De acuerdo-me describe</label>
        </box>
        <box>
          <tlx>1967</tlx>
          <tly>2939</tly>
          <brx>2026</brx>
          <bry>2998</bry>
          <value>SPR5</value>
          <label>Muy de acuerdo-me describe mucho</label>
        </box>
      </boxgroup>
      <boxgroup>
        <type>1</type>
        <width>4</width>
        <varname>SPR4_SPR32</varname>
        <sortorder>33</sortorder>
        <label>Raramente sigo las reglas</label>
        <groupsection idref="1"/>
        <box>
          <tlx>1352</tlx>
          <tly>3063</tly>
          <brx>1411</brx>
          <bry>3122</bry>
          <value>SPR1</value>
          <label>Muy en desacuerdo-No me describe para nada</label>
        </box>
        <box>
          <tlx>1506</tlx>
          <tly>3063</tly>
          <brx>1565</brx>
          <bry>3122</bry>
          <value>SPR2</value>
          <label>En desacuerdo-no me describe</label>
        </box>
        <box>
          <tlx>1659</tlx>
          <tly>3063</tly>
          <brx>1719</brx>
          <bry>3122</bry>
          <value>SPR3</value>
          <label>Neutral-puede o no describirme</label>
        </box>
        <box>
          <tlx>1813</tlx>
          <tly>3063</tly>
          <brx>1872</brx>
          <bry>3122</bry>
          <value>SPR4</value>
          <label>De acuerdo-me describe</label>
        </box>
        <box>
          <tlx>1967</tlx>
          <tly>3063</tly>
          <brx>2026</brx>
          <bry>3122</bry>
          <value>SPR5</value>
          <label>Muy de acuerdo-me describe mucho</label>
        </box>
      </boxgroup>
      <boxgroup>
        <type>1</type>
        <width>4</width>
        <varname>SPR4_SPR33</varname>
        <sortorder>34</sortorder>
        <label>Nunca lloro durante las pel&#xED;culas</label>
        <groupsection idref="1"/>
        <box>
          <tlx>1352</tlx>
          <tly>3187</tly>
          <brx>1411</brx>
          <bry>3246</bry>
          <value>SPR1</value>
          <label>Muy en desacuerdo-No me describe para nada</label>
        </box>
        <box>
          <tlx>1506</tlx>
          <tly>3187</tly>
          <brx>1565</brx>
          <bry>3246</bry>
          <value>SPR2</value>
          <label>En desacuerdo-no me describe</label>
        </box>
        <box>
          <tlx>1659</tlx>
          <tly>3187</tly>
          <brx>1719</brx>
          <bry>3246</bry>
          <value>SPR3</value>
          <label>Neutral-puede o no describirme</label>
        </box>
        <box>
          <tlx>1813</tlx>
          <tly>3187</tly>
          <brx>1872</brx>
          <bry>3246</bry>
          <value>SPR4</value>
          <label>De acuerdo-me describe</label>
        </box>
        <box>
          <tlx>1967</tlx>
          <tly>3187</tly>
          <brx>2026</brx>
          <bry>3246</bry>
          <value>SPR5</value>
          <label>Muy de acuerdo-me describe mucho</label>
        </box>
      </boxgroup>
    </page>
    <page>
      <id>85881403</id>
      <tlx>283</tlx>
      <tly>283</tly>
      <trx>2197</trx>
      <try>283</try>
      <brx>2197</brx>
      <bry>3224</bry>
      <blx>283</blx>
      <bly>3224</bly>
      <rotation>0</rotation>
      <boxgroup>
        <type>1</type>
        <width>4</width>
        <varname>SPR4_SPR34</varname>
        <sortorder>35</sortorder>
        <label>Nunca he sido arrestado</label>
        <groupsection idref="1"/>
        <box>
          <tlx>1352</tlx>
          <tly>322</tly>
          <brx>1411</brx>
          <bry>381</bry>
          <value>SPR1</value>
          <label>Muy en desacuerdo-No me describe para nada</label>
        </box>
        <box>
          <tlx>1506</tlx>
          <tly>322</tly>
          <brx>1565</brx>
          <bry>381</bry>
          <value>SPR2</value>
          <label>En desacuerdo-no me describe</label>
        </box>
        <box>
          <tlx>1659</tlx>
          <tly>322</tly>
          <brx>1719</brx>
          <bry>381</bry>
          <value>SPR3</value>
          <label>Neutral-puede o no describirme</label>
        </box>
        <box>
          <tlx>1813</tlx>
          <tly>322</tly>
          <brx>1872</brx>
          <bry>381</bry>
          <value>SPR4</value>
          <label>De acuerdo-me describe</label>
        </box>
        <box>
          <tlx>1967</tlx>
          <tly>322</tly>
          <brx>2026</brx>
          <bry>381</bry>
          <value>SPR5</value>
          <label>Muy de acuerdo-me describe mucho</label>
        </box>
      </boxgroup>
      <boxgroup>
        <type>1</type>
        <width>4</width>
        <varname>SPR4_SPR35</varname>
        <sortorder>36</sortorder>
        <label>Uno debe tomar ventaja de otros antes de que otros tomen ventaja de mi</label>
        <groupsection idref="1"/>
        <box>
          <tlx>1352</tlx>
          <tly>446</tly>
          <brx>1411</brx>
          <bry>505</bry>
          <value>SPR1</value>
          <label>Muy en desacuerdo-No me describe para nada</label>
        </box>
        <box>
          <tlx>1506</tlx>
          <tly>446</tly>
          <brx>1565</brx>
          <bry>505</bry>
          <value>SPR2</value>
          <label>En desacuerdo-no me describe</label>
        </box>
        <box>
          <tlx>1659</tlx>
          <tly>446</tly>
          <brx>1719</brx>
          <bry>505</bry>
          <value>SPR3</value>
          <label>Neutral-puede o no describirme</label>
        </box>
        <box>
          <tlx>1813</tlx>
          <tly>446</tly>
          <brx>1872</brx>
          <bry>505</bry>
          <value>SPR4</value>
          <label>De acuerdo-me describe</label>
        </box>
        <box>
          <tlx>1967</tlx>
          <tly>446</tly>
          <brx>2026</brx>
          <bry>505</bry>
          <value>SPR5</value>
          <label>Muy de acuerdo-me describe mucho</label>
        </box>
      </boxgroup>
      <boxgroup>
        <type>1</type>
        <width>4</width>
        <varname>SPR4_SPR36</varname>
        <sortorder>37</sortorder>
        <label>No disfruto apostar dinero</label>
        <groupsection idref="1"/>
        <box>
          <tlx>1352</tlx>
          <tly>570</tly>
          <brx>1411</brx>
          <bry>629</bry>
          <value>SPR1</value>
          <label>Muy en desacuerdo-No me describe para nada</label>
        </box>
        <box>
          <tlx>1506</tlx>
          <tly>570</tly>
          <brx>1565</brx>
          <bry>629</bry>
          <value>SPR2</value>
          <label>En desacuerdo-no me describe</label>
        </box>
        <box>
          <tlx>1659</tlx>
          <tly>570</tly>
          <brx>1719</brx>
          <bry>629</bry>
          <value>SPR3</value>
          <label>Neutral-puede o no describirme</label>
        </box>
        <box>
          <tlx>1813</tlx>
          <tly>570</tly>
          <brx>1872</brx>
          <bry>629</bry>
          <value>SPR4</value>
          <label>De acuerdo-me describe</label>
        </box>
        <box>
          <tlx>1967</tlx>
          <tly>570</tly>
          <brx>2026</brx>
          <bry>629</bry>
          <value>SPR5</value>
          <label>Muy de acuerdo-me describe mucho</label>
        </box>
      </boxgroup>
      <boxgroup>
        <type>1</type>
        <width>4</width>
        <varname>SPR4_SPR37</varname>
        <sortorder>38</sortorder>
        <label>La gente suele decir que soy de coraz&#xF3;n frio</label>
        <groupsection idref="1"/>
        <box>
          <tlx>1352</tlx>
          <tly>694</tly>
          <brx>1411</brx>
          <bry>753</bry>
          <value>SPR1</value>
          <label>Muy en desacuerdo-No me describe para nada</label>
        </box>
        <box>
          <tlx>1506</tlx>
          <tly>694</tly>
          <brx>1565</brx>
          <bry>753</bry>
          <value>SPR2</value>
          <label>En desacuerdo-no me describe</label>
        </box>
        <box>
          <tlx>1659</tlx>
          <tly>694</tly>
          <brx>1719</brx>
          <bry>753</bry>
          <value>SPR3</value>
          <label>Neutral-puede o no describirme</label>
        </box>
        <box>
          <tlx>1813</tlx>
          <tly>694</tly>
          <brx>1872</brx>
          <bry>753</bry>
          <value>SPR4</value>
          <label>De acuerdo-me describe</label>
        </box>
        <box>
          <tlx>1967</tlx>
          <tly>694</tly>
          <brx>2026</brx>
          <bry>753</bry>
          <value>SPR5</value>
          <label>Muy de acuerdo-me describe mucho</label>
        </box>
      </boxgroup>
      <boxgroup>
        <type>1</type>
        <width>4</width>
        <varname>SPR4_SPR38</varname>
        <sortorder>39</sortorder>
        <label>La gente puede dar cuenta que estoy mintiendo</label>
        <groupsection idref="1"/>
        <box>
          <tlx>1352</tlx>
          <tly>818</tly>
          <brx>1411</brx>
          <bry>877</bry>
          <value>SPR1</value>
          <label>Muy en desacuerdo-No me describe para nada</label>
        </box>
        <box>
          <tlx>1506</tlx>
          <tly>818</tly>
          <brx>1565</brx>
          <bry>877</bry>
          <value>SPR2</value>
          <label>En desacuerdo-no me describe</label>
        </box>
        <box>
          <tlx>1659</tlx>
          <tly>818</tly>
          <brx>1719</brx>
          <bry>877</bry>
          <value>SPR3</value>
          <label>Neutral-puede o no describirme</label>
        </box>
        <box>
          <tlx>1813</tlx>
          <tly>818</tly>
          <brx>1872</brx>
          <bry>877</bry>
          <value>SPR4</value>
          <label>De acuerdo-me describe</label>
        </box>
        <box>
          <tlx>1967</tlx>
          <tly>818</tly>
          <brx>2026</brx>
          <bry>877</bry>
          <value>SPR5</value>
          <label>Muy de acuerdo-me describe mucho</label>
        </box>
      </boxgroup>
      <boxgroup>
        <type>1</type>
        <width>4</width>
        <varname>SPR4_SPR39</varname>
        <sortorder>40</sortorder>
        <label>Me gusta tener sexo con personas que apenas conozco</label>
        <groupsection idref="1"/>
        <box>
          <tlx>1352</tlx>
          <tly>942</tly>
          <brx>1411</brx>
          <bry>1001</bry>
          <value>SPR1</value>
          <label>Muy en desacuerdo-No me describe para nada</label>
        </box>
        <box>
          <tlx>1506</tlx>
          <tly>942</tly>
          <brx>1565</brx>
          <bry>1001</bry>
          <value>SPR2</value>
          <label>En desacuerdo-no me describe</label>
        </box>
        <box>
          <tlx>1659</tlx>
          <tly>942</tly>
          <brx>1719</brx>
          <bry>1001</bry>
          <value>SPR3</value>
          <label>Neutral-puede o no describirme</label>
        </box>
        <box>
          <tlx>1813</tlx>
          <tly>942</tly>
          <brx>1872</brx>
          <bry>1001</bry>
          <value>SPR4</value>
          <label>De acuerdo-me describe</label>
        </box>
        <box>
          <tlx>1967</tlx>
          <tly>942</tly>
          <brx>2026</brx>
          <bry>1001</bry>
          <value>SPR5</value>
          <label>Muy de acuerdo-me describe mucho</label>
        </box>
      </boxgroup>
      <boxgroup>
        <type>1</type>
        <width>4</width>
        <varname>SPR5_SPR40</varname>
        <sortorder>41</sortorder>
        <label>Me gustan las pel&#xED;culas y deportes violentos</label>
        <groupsection idref="1"/>
        <box>
          <tlx>1352</tlx>
          <tly>1258</tly>
          <brx>1411</brx>
          <bry>1317</bry>
          <value>SPR1</value>
          <label>Muy en desacuerdo-No me describe para nada</label>
        </box>
        <box>
          <tlx>1506</tlx>
          <tly>1258</tly>
          <brx>1565</brx>
          <bry>1317</bry>
          <value>SPR2</value>
          <label>En desacuerdo-no me describe</label>
        </box>
        <box>
          <tlx>1659</tlx>
          <tly>1258</tly>
          <brx>1719</brx>
          <bry>1317</bry>
          <value>SPR3</value>
          <label>Neutral-puede o no describirme</label>
        </box>
        <box>
          <tlx>1813</tlx>
          <tly>1258</tly>
          <brx>1872</brx>
          <bry>1317</bry>
          <value>SPR4</value>
          <label>De acuerdo-me describe</label>
        </box>
        <box>
          <tlx>1967</tlx>
          <tly>1258</tly>
          <brx>2026</brx>
          <bry>1317</bry>
          <value>SPR5</value>
          <label>Muy de acuerdo-me describe mucho</label>
        </box>
      </boxgroup>
      <boxgroup>
        <type>1</type>
        <width>4</width>
        <varname>SPR5_SPR41</varname>
        <sortorder>42</sortorder>
        <label>Uno debe fingir  de vez en cuando que le agrada una persona para conseguir algo de ellas</label>
        <groupsection idref="1"/>
        <box>
          <tlx>1352</tlx>
          <tly>1382</tly>
          <brx>1411</brx>
          <bry>1441</bry>
          <value>SPR1</value>
          <label>Muy en desacuerdo-No me describe para nada</label>
        </box>
        <box>
          <tlx>1506</tlx>
          <tly>1382</tly>
          <brx>1565</brx>
          <bry>1441</bry>
          <value>SPR2</value>
          <label>En desacuerdo-no me describe</label>
        </box>
        <box>
          <tlx>1659</tlx>
          <tly>1382</tly>
          <brx>1719</brx>
          <bry>1441</bry>
          <value>SPR3</value>
          <label>Neutral-puede o no describirme</label>
        </box>
        <box>
          <tlx>1813</tlx>
          <tly>1382</tly>
          <brx>1872</brx>
          <bry>1441</bry>
          <value>SPR4</value>
          <label>De acuerdo-me describe</label>
        </box>
        <box>
          <tlx>1967</tlx>
          <tly>1382</tly>
          <brx>2026</brx>
          <bry>1441</bry>
          <value>SPR5</value>
          <label>Muy de acuerdo-me describe mucho</label>
        </box>
      </boxgroup>
      <boxgroup>
        <type>1</type>
        <width>4</width>
        <varname>SPR5_SPR42</varname>
        <sortorder>43</sortorder>
        <label>Soy una persona impulsiva</label>
        <groupsection idref="1"/>
        <box>
          <tlx>1352</tlx>
          <tly>1506</tly>
          <brx>1411</brx>
          <bry>1565</bry>
          <value>SPR1</value>
          <label>Muy en desacuerdo-No me describe para nada</label>
        </box>
        <box>
          <tlx>1506</tlx>
          <tly>1506</tly>
          <brx>1565</brx>
          <bry>1565</bry>
          <value>SPR2</value>
          <label>En desacuerdo-no me describe</label>
        </box>
        <box>
          <tlx>1659</tlx>
          <tly>1506</tly>
          <brx>1719</brx>
          <bry>1565</bry>
          <value>SPR3</value>
          <label>Neutral-puede o no describirme</label>
        </box>
        <box>
          <tlx>1813</tlx>
          <tly>1506</tly>
          <brx>1872</brx>
          <bry>1565</bry>
          <value>SPR4</value>
          <label>De acuerdo-me describe</label>
        </box>
        <box>
          <tlx>1967</tlx>
          <tly>1506</tly>
          <brx>2026</brx>
          <bry>1565</bry>
          <value>SPR5</value>
          <label>Muy de acuerdo-me describe mucho</label>
        </box>
      </boxgroup>
      <boxgroup>
        <type>1</type>
        <width>4</width>
        <varname>SPR5_SPR43</varname>
        <sortorder>44</sortorder>
        <label>He usado drogas il&#xED;citas ilegales  &#x201C;fuertes&#x201D; (Ejemplo, hero&#xED;na, coca&#xED;na)</label>
        <groupsection idref="1"/>
        <box>
          <tlx>1352</tlx>
          <tly>1630</tly>
          <brx>1411</brx>
          <bry>1689</bry>
          <value>SPR1</value>
          <label>Muy en desacuerdo-No me describe para nada</label>
        </box>
        <box>
          <tlx>1506</tlx>
          <tly>1630</tly>
          <brx>1565</brx>
          <bry>1689</bry>
          <value>SPR2</value>
          <label>En desacuerdo-no me describe</label>
        </box>
        <box>
          <tlx>1659</tlx>
          <tly>1630</tly>
          <brx>1719</brx>
          <bry>1689</bry>
          <value>SPR3</value>
          <label>Neutral-puede o no describirme</label>
        </box>
        <box>
          <tlx>1813</tlx>
          <tly>1630</tly>
          <brx>1872</brx>
          <bry>1689</bry>
          <value>SPR4</value>
          <label>De acuerdo-me describe</label>
        </box>
        <box>
          <tlx>1967</tlx>
          <tly>1630</tly>
          <brx>2026</brx>
          <bry>1689</bry>
          <value>SPR5</value>
          <label>Muy de acuerdo-me describe mucho</label>
        </box>
      </boxgroup>
      <boxgroup>
        <type>1</type>
        <width>4</width>
        <varname>SPR5_SPR44</varname>
        <sortorder>45</sortorder>
        <label>Soy una persona de coraz&#xF3;n blando</label>
        <groupsection idref="1"/>
        <box>
          <tlx>1352</tlx>
          <tly>1754</tly>
          <brx>1411</brx>
          <bry>1813</bry>
          <value>SPR1</value>
          <label>Muy en desacuerdo-No me describe para nada</label>
        </box>
        <box>
          <tlx>1506</tlx>
          <tly>1754</tly>
          <brx>1565</brx>
          <bry>1813</bry>
          <value>SPR2</value>
          <label>En desacuerdo-no me describe</label>
        </box>
        <box>
          <tlx>1659</tlx>
          <tly>1754</tly>
          <brx>1719</brx>
          <bry>1813</bry>
          <value>SPR3</value>
          <label>Neutral-puede o no describirme</label>
        </box>
        <box>
          <tlx>1813</tlx>
          <tly>1754</tly>
          <brx>1872</brx>
          <bry>1813</bry>
          <value>SPR4</value>
          <label>De acuerdo-me describe</label>
        </box>
        <box>
          <tlx>1967</tlx>
          <tly>1754</tly>
          <brx>2026</brx>
          <bry>1813</bry>
          <value>SPR5</value>
          <label>Muy de acuerdo-me describe mucho</label>
        </box>
      </boxgroup>
      <boxgroup>
        <type>1</type>
        <width>4</width>
        <varname>SPR5_SPR45</varname>
        <sortorder>46</sortorder>
        <label>Me es f&#xE1;cil convencer a otros de hacer cualquier cosa</label>
        <groupsection idref="1"/>
        <box>
          <tlx>1352</tlx>
          <tly>1878</tly>
          <brx>1411</brx>
          <bry>1938</bry>
          <value>SPR1</value>
          <label>Muy en desacuerdo-No me describe para nada</label>
        </box>
        <box>
          <tlx>1506</tlx>
          <tly>1878</tly>
          <brx>1565</brx>
          <bry>1938</bry>
          <value>SPR2</value>
          <label>En desacuerdo-no me describe</label>
        </box>
        <box>
          <tlx>1659</tlx>
          <tly>1878</tly>
          <brx>1719</brx>
          <bry>1938</bry>
          <value>SPR3</value>
          <label>Neutral-puede o no describirme</label>
        </box>
        <box>
          <tlx>1813</tlx>
          <tly>1878</tly>
          <brx>1872</brx>
          <bry>1938</bry>
          <value>SPR4</value>
          <label>De acuerdo-me describe</label>
        </box>
        <box>
          <tlx>1967</tlx>
          <tly>1878</tly>
          <brx>2026</brx>
          <bry>1938</bry>
          <value>SPR5</value>
          <label>Muy de acuerdo-me describe mucho</label>
        </box>
      </boxgroup>
      <boxgroup>
        <type>1</type>
        <width>4</width>
        <varname>SPR5_SPR46</varname>
        <sortorder>47</sortorder>
        <label>Nunca he robado en una tienda</label>
        <groupsection idref="1"/>
        <box>
          <tlx>1352</tlx>
          <tly>2002</tly>
          <brx>1411</brx>
          <bry>2062</bry>
          <value>SPR1</value>
          <label>Muy en desacuerdo-No me describe para nada</label>
        </box>
        <box>
          <tlx>1506</tlx>
          <tly>2002</tly>
          <brx>1565</brx>
          <bry>2062</bry>
          <value>SPR2</value>
          <label>En desacuerdo-no me describe</label>
        </box>
        <box>
          <tlx>1659</tlx>
          <tly>2002</tly>
          <brx>1719</brx>
          <bry>2062</bry>
          <value>SPR3</value>
          <label>Neutral-puede o no describirme</label>
        </box>
        <box>
          <tlx>1813</tlx>
          <tly>2002</tly>
          <brx>1872</brx>
          <bry>2062</bry>
          <value>SPR4</value>
          <label>De acuerdo-me describe</label>
        </box>
        <box>
          <tlx>1967</tlx>
          <tly>2002</tly>
          <brx>2026</brx>
          <bry>2062</bry>
          <value>SPR5</value>
          <label>Muy de acuerdo-me describe mucho</label>
        </box>
      </boxgroup>
      <boxgroup>
        <type>1</type>
        <width>4</width>
        <varname>SPR5_SPR47</varname>
        <sortorder>48</sortorder>
        <label>No disfruto tomando riesgos</label>
        <groupsection idref="1"/>
        <box>
          <tlx>1352</tlx>
          <tly>2126</tly>
          <brx>1411</brx>
          <bry>2186</bry>
          <value>SPR1</value>
          <label>Muy en desacuerdo-No me describe para nada</label>
        </box>
        <box>
          <tlx>1506</tlx>
          <tly>2126</tly>
          <brx>1565</brx>
          <bry>2186</bry>
          <value>SPR2</value>
          <label>En desacuerdo-no me describe</label>
        </box>
        <box>
          <tlx>1659</tlx>
          <tly>2126</tly>
          <brx>1719</brx>
          <bry>2186</bry>
          <value>SPR3</value>
          <label>Neutral-puede o no describirme</label>
        </box>
        <box>
          <tlx>1813</tlx>
          <tly>2126</tly>
          <brx>1872</brx>
          <bry>2186</bry>
          <value>SPR4</value>
          <label>De acuerdo-me describe</label>
        </box>
        <box>
          <tlx>1967</tlx>
          <tly>2126</tly>
          <brx>2026</brx>
          <bry>2186</bry>
          <value>SPR5</value>
          <label>Muy de acuerdo-me describe mucho</label>
        </box>
      </boxgroup>
      <boxgroup>
        <type>1</type>
        <width>4</width>
        <varname>SPR5_SPR48</varname>
        <sortorder>49</sortorder>
        <label>Las personas se ponen muy sensibles cuando les digo la verdad sobre ellos mismos</label>
        <groupsection idref="1"/>
        <box>
          <tlx>1352</tlx>
          <tly>2250</tly>
          <brx>1411</brx>
          <bry>2310</bry>
          <value>SPR1</value>
          <label>Muy en desacuerdo-No me describe para nada</label>
        </box>
        <box>
          <tlx>1506</tlx>
          <tly>2250</tly>
          <brx>1565</brx>
          <bry>2310</bry>
          <value>SPR2</value>
          <label>En desacuerdo-no me describe</label>
        </box>
        <box>
          <tlx>1659</tlx>
          <tly>2250</tly>
          <brx>1719</brx>
          <bry>2310</bry>
          <value>SPR3</value>
          <label>Neutral-puede o no describirme</label>
        </box>
        <box>
          <tlx>1813</tlx>
          <tly>2250</tly>
          <brx>1872</brx>
          <bry>2310</bry>
          <value>SPR4</value>
          <label>De acuerdo-me describe</label>
        </box>
        <box>
          <tlx>1967</tlx>
          <tly>2250</tly>
          <brx>2026</brx>
          <bry>2310</bry>
          <value>SPR5</value>
          <label>Muy de acuerdo-me describe mucho</label>
        </box>
      </boxgroup>
      <boxgroup>
        <type>1</type>
        <width>4</width>
        <varname>SPR5_SPR49</varname>
        <sortorder>50</sortorder>
        <label>He sido condenado por cometer cr&#xED;menes serios</label>
        <groupsection idref="1"/>
        <box>
          <tlx>1352</tlx>
          <tly>2375</tly>
          <brx>1411</brx>
          <bry>2434</bry>
          <value>SPR1</value>
          <label>Muy en desacuerdo-No me describe para nada</label>
        </box>
        <box>
          <tlx>1506</tlx>
          <tly>2375</tly>
          <brx>1565</brx>
          <bry>2434</bry>
          <value>SPR2</value>
          <label>En desacuerdo-no me describe</label>
        </box>
        <box>
          <tlx>1659</tlx>
          <tly>2375</tly>
          <brx>1719</brx>
          <bry>2434</bry>
          <value>SPR3</value>
          <label>Neutral-puede o no describirme</label>
        </box>
        <box>
          <tlx>1813</tlx>
          <tly>2375</tly>
          <brx>1872</brx>
          <bry>2434</bry>
          <value>SPR4</value>
          <label>De acuerdo-me describe</label>
        </box>
        <box>
          <tlx>1967</tlx>
          <tly>2375</tly>
          <brx>2026</brx>
          <bry>2434</bry>
          <value>SPR5</value>
          <label>Muy de acuerdo-me describe mucho</label>
        </box>
      </boxgroup>
      <boxgroup>
        <type>1</type>
        <width>4</width>
        <varname>SPR6_SPR50</varname>
        <sortorder>51</sortorder>
        <label>La mayor&#xED;a de las personas mienten a diario</label>
        <groupsection idref="1"/>
        <box>
          <tlx>1352</tlx>
          <tly>2691</tly>
          <brx>1411</brx>
          <bry>2750</bry>
          <value>SPR1</value>
          <label>Muy en desacuerdo-No me describe para nada</label>
        </box>
        <box>
          <tlx>1506</tlx>
          <tly>2691</tly>
          <brx>1565</brx>
          <bry>2750</bry>
          <value>SPR2</value>
          <label>En desacuerdo-no me describe</label>
        </box>
        <box>
          <tlx>1659</tlx>
          <tly>2691</tly>
          <brx>1719</brx>
          <bry>2750</bry>
          <value>SPR3</value>
          <label>Neutral-puede o no describirme</label>
        </box>
        <box>
          <tlx>1813</tlx>
          <tly>2691</tly>
          <brx>1872</brx>
          <bry>2750</bry>
          <value>SPR4</value>
          <label>De acuerdo-me describe</label>
        </box>
        <box>
          <tlx>1967</tlx>
          <tly>2691</tly>
          <brx>2026</brx>
          <bry>2750</bry>
          <value>SPR5</value>
          <label>Muy de acuerdo me describe mucho</label>
        </box>
      </boxgroup>
      <boxgroup>
        <type>1</type>
        <width>4</width>
        <varname>SPR6_SPR51</varname>
        <sortorder>52</sortorder>
        <label>Me mantengo meti&#xE9;ndome en problemas por las mismas razones</label>
        <groupsection idref="1"/>
        <box>
          <tlx>1352</tlx>
          <tly>2815</tly>
          <brx>1411</brx>
          <bry>2874</bry>
          <value>SPR1</value>
          <label>Muy en desacuerdo-No me describe para nada</label>
        </box>
        <box>
          <tlx>1506</tlx>
          <tly>2815</tly>
          <brx>1565</brx>
          <bry>2874</bry>
          <value>SPR2</value>
          <label>En desacuerdo-no me describe</label>
        </box>
        <box>
          <tlx>1659</tlx>
          <tly>2815</tly>
          <brx>1719</brx>
          <bry>2874</bry>
          <value>SPR3</value>
          <label>Neutral-puede o no describirme</label>
        </box>
        <box>
          <tlx>1813</tlx>
          <tly>2815</tly>
          <brx>1872</brx>
          <bry>2874</bry>
          <value>SPR4</value>
          <label>De acuerdo-me describe</label>
        </box>
        <box>
          <tlx>1967</tlx>
          <tly>2815</tly>
          <brx>2026</brx>
          <bry>2874</bry>
          <value>SPR5</value>
          <label>Muy de acuerdo me describe mucho</label>
        </box>
      </boxgroup>
      <boxgroup>
        <type>1</type>
        <width>4</width>
        <varname>SPR6_SPR52</varname>
        <sortorder>53</sortorder>
        <label>De vez en cuando he cargado un arma (ej. cuchillos o pistolas) para mi protecci&#xF3;n</label>
        <groupsection idref="1"/>
        <box>
          <tlx>1352</tlx>
          <tly>2939</tly>
          <brx>1411</brx>
          <bry>2998</bry>
          <value>SPR1</value>
          <label>Muy en desacuerdo-No me describe para nada</label>
        </box>
        <box>
          <tlx>1506</tlx>
          <tly>2939</tly>
          <brx>1565</brx>
          <bry>2998</bry>
          <value>SPR2</value>
          <label>En desacuerdo-no me describe</label>
        </box>
        <box>
          <tlx>1659</tlx>
          <tly>2939</tly>
          <brx>1719</brx>
          <bry>2998</bry>
          <value>SPR3</value>
          <label>Neutral-puede o no describirme</label>
        </box>
        <box>
          <tlx>1813</tlx>
          <tly>2939</tly>
          <brx>1872</brx>
          <bry>2998</bry>
          <value>SPR4</value>
          <label>De acuerdo-me describe</label>
        </box>
        <box>
          <tlx>1967</tlx>
          <tly>2939</tly>
          <brx>2026</brx>
          <bry>2998</bry>
          <value>SPR5</value>
          <label>Muy de acuerdo me describe mucho</label>
        </box>
      </boxgroup>
      <boxgroup>
        <type>1</type>
        <width>4</width>
        <varname>SPR6_SPR53</varname>
        <sortorder>54</sortorder>
        <label>La gente llora demasiado en los funerales</label>
        <groupsection idref="1"/>
        <box>
          <tlx>1352</tlx>
          <tly>3063</tly>
          <brx>1411</brx>
          <bry>3122</bry>
          <value>SPR1</value>
          <label>Muy en desacuerdo-No me describe para nada</label>
        </box>
        <box>
          <tlx>1506</tlx>
          <tly>3063</tly>
          <brx>1565</brx>
          <bry>3122</bry>
          <value>SPR2</value>
          <label>En desacuerdo-no me describe</label>
        </box>
        <box>
          <tlx>1659</tlx>
          <tly>3063</tly>
          <brx>1719</brx>
          <bry>3122</bry>
          <value>SPR3</value>
          <label>Neutral-puede o no describirme</label>
        </box>
        <box>
          <tlx>1813</tlx>
          <tly>3063</tly>
          <brx>1872</brx>
          <bry>3122</bry>
          <value>SPR4</value>
          <label>De acuerdo-me describe</label>
        </box>
        <box>
          <tlx>1967</tlx>
          <tly>3063</tly>
          <brx>2026</brx>
          <bry>3122</bry>
          <value>SPR5</value>
          <label>Muy de acuerdo me describe mucho</label>
        </box>
      </boxgroup>
      <boxgroup>
        <type>1</type>
        <width>4</width>
        <varname>SPR6_SPR54</varname>
        <sortorder>55</sortorder>
        <label>Se puede obtener lo que quieras cuando le dices a otros lo que quieren escuchar</label>
        <groupsection idref="1"/>
        <box>
          <tlx>1352</tlx>
          <tly>3187</tly>
          <brx>1411</brx>
          <bry>3246</bry>
          <value>SPR1</value>
          <label>Muy en desacuerdo-No me describe para nada</label>
        </box>
        <box>
          <tlx>1506</tlx>
          <tly>3187</tly>
          <brx>1565</brx>
          <bry>3246</bry>
          <value>SPR2</value>
          <label>En desacuerdo-no me describe</label>
        </box>
        <box>
          <tlx>1659</tlx>
          <tly>3187</tly>
          <brx>1719</brx>
          <bry>3246</bry>
          <value>SPR3</value>
          <label>Neutral-puede o no describirme</label>
        </box>
        <box>
          <tlx>1813</tlx>
          <tly>3187</tly>
          <brx>1872</brx>
          <bry>3246</bry>
          <value>SPR4</value>
          <label>De acuerdo-me describe</label>
        </box>
        <box>
          <tlx>1967</tlx>
          <tly>3187</tly>
          <brx>2026</brx>
          <bry>3246</bry>
          <value>SPR5</value>
          <label>Muy de acuerdo me describe mucho</label>
        </box>
      </boxgroup>
    </page>
    <page>
      <id>85881404</id>
      <tlx>283</tlx>
      <tly>283</tly>
      <trx>2197</trx>
      <try>283</try>
      <brx>2197</brx>
      <bry>3224</bry>
      <blx>283</blx>
      <bly>3224</bly>
      <rotation>0</rotation>
      <boxgroup>
        <type>1</type>
        <width>4</width>
        <varname>SPR6_SPR55</varname>
        <sortorder>56</sortorder>
        <label>Me aburro f&#xE1;cilmente</label>
        <groupsection idref="1"/>
        <box>
          <tlx>1352</tlx>
          <tly>322</tly>
          <brx>1411</brx>
          <bry>381</bry>
          <value>SPR1</value>
          <label>Muy en desacuerdo-No me describe para nada</label>
        </box>
        <box>
          <tlx>1506</tlx>
          <tly>322</tly>
          <brx>1565</brx>
          <bry>381</bry>
          <value>SPR2</value>
          <label>En desacuerdo-no me describe</label>
        </box>
        <box>
          <tlx>1659</tlx>
          <tly>322</tly>
          <brx>1719</brx>
          <bry>381</bry>
          <value>SPR3</value>
          <label>Neutral-puede o no describirme</label>
        </box>
        <box>
          <tlx>1813</tlx>
          <tly>322</tly>
          <brx>1872</brx>
          <bry>381</bry>
          <value>SPR4</value>
          <label>De acuerdo-me describe</label>
        </box>
        <box>
          <tlx>1967</tlx>
          <tly>322</tly>
          <brx>2026</brx>
          <bry>381</bry>
          <value>SPR5</value>
          <label>Muy de acuerdo me describe mucho</label>
        </box>
      </boxgroup>
      <boxgroup>
        <type>1</type>
        <width>4</width>
        <varname>SPR6_SPR56</varname>
        <sortorder>57</sortorder>
        <label>Nunca me he sentido culpable si en alg&#xFA;n momento her&#xED; o da&#xF1;&#xE9; a otras personas</label>
        <groupsection idref="1"/>
        <box>
          <tlx>1352</tlx>
          <tly>446</tly>
          <brx>1411</brx>
          <bry>505</bry>
          <value>SPR1</value>
          <label>Muy en desacuerdo-No me describe para nada</label>
        </box>
        <box>
          <tlx>1506</tlx>
          <tly>446</tly>
          <brx>1565</brx>
          <bry>505</bry>
          <value>SPR2</value>
          <label>En desacuerdo-no me describe</label>
        </box>
        <box>
          <tlx>1659</tlx>
          <tly>446</tly>
          <brx>1719</brx>
          <bry>505</bry>
          <value>SPR3</value>
          <label>Neutral-puede o no describirme</label>
        </box>
        <box>
          <tlx>1813</tlx>
          <tly>446</tly>
          <brx>1872</brx>
          <bry>505</bry>
          <value>SPR4</value>
          <label>De acuerdo-me describe</label>
        </box>
        <box>
          <tlx>1967</tlx>
          <tly>446</tly>
          <brx>2026</brx>
          <bry>505</bry>
          <value>SPR5</value>
          <label>Muy de acuerdo me describe mucho</label>
        </box>
      </boxgroup>
      <boxgroup>
        <type>1</type>
        <width>4</width>
        <varname>SPR6_SPR57</varname>
        <sortorder>58</sortorder>
        <label>He amenazado a personas para obtener de ellas dinero, ropa u otras cosas</label>
        <groupsection idref="1"/>
        <box>
          <tlx>1352</tlx>
          <tly>570</tly>
          <brx>1411</brx>
          <bry>629</bry>
          <value>SPR1</value>
          <label>Muy en desacuerdo-No me describe para nada</label>
        </box>
        <box>
          <tlx>1506</tlx>
          <tly>570</tly>
          <brx>1565</brx>
          <bry>629</bry>
          <value>SPR2</value>
          <label>En desacuerdo-no me describe</label>
        </box>
        <box>
          <tlx>1659</tlx>
          <tly>570</tly>
          <brx>1719</brx>
          <bry>629</bry>
          <value>SPR3</value>
          <label>Neutral-puede o no describirme</label>
        </box>
        <box>
          <tlx>1813</tlx>
          <tly>570</tly>
          <brx>1872</brx>
          <bry>629</bry>
          <value>SPR4</value>
          <label>De acuerdo-me describe</label>
        </box>
        <box>
          <tlx>1967</tlx>
          <tly>570</tly>
          <brx>2026</brx>
          <bry>629</bry>
          <value>SPR5</value>
          <label>Muy de acuerdo me describe mucho</label>
        </box>
      </boxgroup>
      <boxgroup>
        <type>1</type>
        <width>4</width>
        <varname>SPR6_SPR58</varname>
        <sortorder>59</sortorder>
        <label>Muchas personas son &#x201C;tontas&#x201D; y por esta raz&#xF3;n pueden ser estafadas f&#xE1;cilmente</label>
        <groupsection idref="1"/>
        <box>
          <tlx>1352</tlx>
          <tly>694</tly>
          <brx>1411</brx>
          <bry>753</bry>
          <value>SPR1</value>
          <label>Muy en desacuerdo-No me describe para nada</label>
        </box>
        <box>
          <tlx>1506</tlx>
          <tly>694</tly>
          <brx>1565</brx>
          <bry>753</bry>
          <value>SPR2</value>
          <label>En desacuerdo-no me describe</label>
        </box>
        <box>
          <tlx>1659</tlx>
          <tly>694</tly>
          <brx>1719</brx>
          <bry>753</bry>
          <value>SPR3</value>
          <label>Neutral-puede o no describirme</label>
        </box>
        <box>
          <tlx>1813</tlx>
          <tly>694</tly>
          <brx>1872</brx>
          <bry>753</bry>
          <value>SPR4</value>
          <label>De acuerdo-me describe</label>
        </box>
        <box>
          <tlx>1967</tlx>
          <tly>694</tly>
          <brx>2026</brx>
          <bry>753</bry>
          <value>SPR5</value>
          <label>Muy de acuerdo me describe mucho</label>
        </box>
      </boxgroup>
      <boxgroup>
        <type>1</type>
        <width>4</width>
        <varname>SPR6_SPR59</varname>
        <sortorder>60</sortorder>
        <label>Admito que en ocasiones hablo en tono violento y sin pensar</label>
        <groupsection idref="1"/>
        <box>
          <tlx>1352</tlx>
          <tly>818</tly>
          <brx>1411</brx>
          <bry>877</bry>
          <value>SPR1</value>
          <label>Muy en desacuerdo-No me describe para nada</label>
        </box>
        <box>
          <tlx>1506</tlx>
          <tly>818</tly>
          <brx>1565</brx>
          <bry>877</bry>
          <value>SPR2</value>
          <label>En desacuerdo-no me describe</label>
        </box>
        <box>
          <tlx>1659</tlx>
          <tly>818</tly>
          <brx>1719</brx>
          <bry>877</bry>
          <value>SPR3</value>
          <label>Neutral-puede o no describirme</label>
        </box>
        <box>
          <tlx>1813</tlx>
          <tly>818</tly>
          <brx>1872</brx>
          <bry>877</bry>
          <value>SPR4</value>
          <label>De acuerdo-me describe</label>
        </box>
        <box>
          <tlx>1967</tlx>
          <tly>818</tly>
          <brx>2026</brx>
          <bry>877</bry>
          <value>SPR5</value>
          <label>Muy de acuerdo me describe mucho</label>
        </box>
      </boxgroup>
      <boxgroup>
        <type>1</type>
        <width>4</width>
        <varname>SPR6_SPR60</varname>
        <sortorder>61</sortorder>
        <label>En ocasiones dejo  a personas o amigos que ya no necesito</label>
        <groupsection idref="1"/>
        <box>
          <tlx>1352</tlx>
          <tly>942</tly>
          <brx>1411</brx>
          <bry>1001</bry>
          <value>SPR1</value>
          <label>Muy en desacuerdo-No me describe para nada</label>
        </box>
        <box>
          <tlx>1506</tlx>
          <tly>942</tly>
          <brx>1565</brx>
          <bry>1001</bry>
          <value>SPR2</value>
          <label>En desacuerdo-no me describe</label>
        </box>
        <box>
          <tlx>1659</tlx>
          <tly>942</tly>
          <brx>1719</brx>
          <bry>1001</bry>
          <value>SPR3</value>
          <label>Neutral-puede o no describirme</label>
        </box>
        <box>
          <tlx>1813</tlx>
          <tly>942</tly>
          <brx>1872</brx>
          <bry>1001</bry>
          <value>SPR4</value>
          <label>De acuerdo-me describe</label>
        </box>
        <box>
          <tlx>1967</tlx>
          <tly>942</tly>
          <brx>2026</brx>
          <bry>1001</bry>
          <value>SPR5</value>
          <label>Muy de acuerdo me describe mucho</label>
        </box>
      </boxgroup>
      <boxgroup>
        <type>1</type>
        <width>4</width>
        <varname>SPR6_SPR61</varname>
        <sortorder>62</sortorder>
        <label>Nunca pasar&#xED;a por encima de alguien por obtener algo que deseo</label>
        <groupsection idref="1"/>
        <box>
          <tlx>1352</tlx>
          <tly>1066</tly>
          <brx>1411</brx>
          <bry>1125</bry>
          <value>SPR1</value>
          <label>Muy en desacuerdo-No me describe para nada</label>
        </box>
        <box>
          <tlx>1506</tlx>
          <tly>1066</tly>
          <brx>1565</brx>
          <bry>1125</bry>
          <value>SPR2</value>
          <label>En desacuerdo-no me describe</label>
        </box>
        <box>
          <tlx>1659</tlx>
          <tly>1066</tly>
          <brx>1719</brx>
          <bry>1125</bry>
          <value>SPR3</value>
          <label>Neutral-puede o no describirme</label>
        </box>
        <box>
          <tlx>1813</tlx>
          <tly>1066</tly>
          <brx>1872</brx>
          <bry>1125</bry>
          <value>SPR4</value>
          <label>De acuerdo-me describe</label>
        </box>
        <box>
          <tlx>1967</tlx>
          <tly>1066</tly>
          <brx>2026</brx>
          <bry>1125</bry>
          <value>SPR5</value>
          <label>Muy de acuerdo me describe mucho</label>
        </box>
      </boxgroup>
      <boxgroup>
        <type>1</type>
        <width>4</width>
        <varname>SPR6_SPR62</varname>
        <sortorder>63</sortorder>
        <label>He tenido amigos cercanos que han estado en prisi&#xF3;n</label>
        <groupsection idref="1"/>
        <box>
          <tlx>1352</tlx>
          <tly>1190</tly>
          <brx>1411</brx>
          <bry>1249</bry>
          <value>SPR1</value>
          <label>Muy en desacuerdo-No me describe para nada</label>
        </box>
        <box>
          <tlx>1506</tlx>
          <tly>1190</tly>
          <brx>1565</brx>
          <bry>1249</bry>
          <value>SPR2</value>
          <label>En desacuerdo-no me describe</label>
        </box>
        <box>
          <tlx>1659</tlx>
          <tly>1190</tly>
          <brx>1719</brx>
          <bry>1249</bry>
          <value>SPR3</value>
          <label>Neutral-puede o no describirme</label>
        </box>
        <box>
          <tlx>1813</tlx>
          <tly>1190</tly>
          <brx>1872</brx>
          <bry>1249</bry>
          <value>SPR4</value>
          <label>De acuerdo-me describe</label>
        </box>
        <box>
          <tlx>1967</tlx>
          <tly>1190</tly>
          <brx>2026</brx>
          <bry>1249</bry>
          <value>SPR5</value>
          <label>Muy de acuerdo me describe mucho</label>
        </box>
      </boxgroup>
      <boxgroup>
        <type>1</type>
        <width>4</width>
        <varname>SPR6_SPR63</varname>
        <sortorder>64</sortorder>
        <label>He tratado intencionalmente de golpear a alguien con el veh&#xED;culo  que conduzco</label>
        <groupsection idref="1"/>
        <box>
          <tlx>1352</tlx>
          <tly>1314</tly>
          <brx>1411</brx>
          <bry>1373</bry>
          <value>SPR1</value>
          <label>Muy en desacuerdo-No me describe para nada</label>
        </box>
        <box>
          <tlx>1506</tlx>
          <tly>1314</tly>
          <brx>1565</brx>
          <bry>1373</bry>
          <value>SPR2</value>
          <label>En desacuerdo-no me describe</label>
        </box>
        <box>
          <tlx>1659</tlx>
          <tly>1314</tly>
          <brx>1719</brx>
          <bry>1373</bry>
          <value>SPR3</value>
          <label>Neutral-puede o no describirme</label>
        </box>
        <box>
          <tlx>1813</tlx>
          <tly>1314</tly>
          <brx>1872</brx>
          <bry>1373</bry>
          <value>SPR4</value>
          <label>De acuerdo-me describe</label>
        </box>
        <box>
          <tlx>1967</tlx>
          <tly>1314</tly>
          <brx>2026</brx>
          <bry>1373</bry>
          <value>SPR5</value>
          <label>Muy de acuerdo me describe mucho</label>
        </box>
      </boxgroup>
      <boxgroup>
        <type>1</type>
        <width>4</width>
        <varname>SPR6_SPR64</varname>
        <sortorder>65</sortorder>
        <label>He violado mi libertad condicional (En caso de no tener la experiencia responder 1 )</label>
        <groupsection idref="1"/>
        <box>
          <tlx>1352</tlx>
          <tly>1438</tly>
          <brx>1411</brx>
          <bry>1497</bry>
          <value>SPR1</value>
          <label>Muy en desacuerdo-No me describe para nada</label>
        </box>
        <box>
          <tlx>1506</tlx>
          <tly>1438</tly>
          <brx>1565</brx>
          <bry>1497</bry>
          <value>SPR2</value>
          <label>En desacuerdo-no me describe</label>
        </box>
        <box>
          <tlx>1659</tlx>
          <tly>1438</tly>
          <brx>1719</brx>
          <bry>1497</bry>
          <value>SPR3</value>
          <label>Neutral-puede o no describirme</label>
        </box>
        <box>
          <tlx>1813</tlx>
          <tly>1438</tly>
          <brx>1872</brx>
          <bry>1497</bry>
          <value>SPR4</value>
          <label>De acuerdo-me describe</label>
        </box>
        <box>
          <tlx>1967</tlx>
          <tly>1438</tly>
          <brx>2026</brx>
          <bry>1497</bry>
          <value>SPR5</value>
          <label>Muy de acuerdo me describe mucho</label>
        </box>
      </boxgroup>
    </page>
  </questionnaire>
</queXF>
