<?xml version="1.0" encoding="UTF-8"?>
<questionnaire id="572324">
  <title>EScala de Apego</title>
  <investigator/>
  <dataCollector/>
  <section id="20">
    <sectionInfo>
      <position>title</position>
      <text>ECR-RS</text>
      <administration>self</administration>
    </sectionInfo>
    <question>
      <text>RUT (sin puntos, guión ni dígito verificador. Ejemplo si el rut es 17.736.727-1 escribir 17736727):</text>
      <response varName="RUT">
        <free>
          <format>integer</format>
          <length>8</length>
          <label/>
        </free>
      </response>
    </question>
    <question>
      <text>&lt;p class="western" lang="es-CL" style="text-indent: 1.25cm; margin-bottom: 0.35cm; line-height: 115%;"&gt;Por favor conteste las siguientes preguntas sobre su &lt;u&gt;madre&lt;/u&gt; o la persona que es su figura materna.&lt;/p&gt;</text>
      <subQuestion varName="Apego1_Apeg01">
        <text>1. Me ayuda acudir a esta persona en momentos de adversidad</text>
      </subQuestion>
      <subQuestion varName="Apego1_Apeg02">
        <text>2. Suelo conversar de mis problemas y preocupaciones con esta persona</text>
      </subQuestion>
      <subQuestion varName="Apego1_Apeg03">
        <text>3. Hablo más de mis cosas con esta persona</text>
      </subQuestion>
      <subQuestion varName="Apego1_Apeg04">
        <text>4. Me resulta fácil depender emocionalmente de esta persona</text>
      </subQuestion>
      <subQuestion varName="Apego1_Apeg05">
        <text>5. Me siento incómodo abriéndome con esta persona</text>
      </subQuestion>
      <subQuestion varName="Apego1_Apeg06">
        <text>6. Prefiero no mostrarle a esta persona como en el fondo me siento</text>
      </subQuestion>
      <subQuestion varName="Apego1_Apeg07">
        <text>7. Habitualmente me preocupa que yo no le importe realmente a esta persona</text>
      </subQuestion>
      <subQuestion varName="Apego1_Apeg08">
        <text>8. Temo que esta persona pueda abandonarme</text>
      </subQuestion>
      <subQuestion varName="Apego1_Apeg09">
        <text>9. Me preocupa que esta persona no se preocupe tanto por mí como yo me preocupo por ella</text>
      </subQuestion>
      <response varName="Apego1">
        <fixed>
          <category>
            <label>Si</label>
            <value>Apeg1</value>
          </category>
          <category>
            <label>No</label>
            <value>Apeg2</value>
          </category>
          <category>
            <label>No aplica</label>
            <value>Apeg3</value>
          </category>
        </fixed>
      </response>
    </question>
    <question>
      <text>P { margin-bottom: 0cm; direction: ltr; color: rgb(0, 0, 0); line-height: 100%; text-align: justify; widows: 2; orphans: 2; }P.western { font-family: "Times New Roman",serif; font-size: 12pt; }P.cjk { font-family: "Times New Roman"; font-size: 12pt; }P.ctl { font-family: "Times New Roman"; font-size: 10pt; }&#13;
&#13;
&lt;p align="LEFT" class="western" lang="es-CL" style="text-indent: 1.25cm; margin-bottom: 0.35cm; line-height: 115%"&gt;Por favor conteste las siguientes preguntas sobre su &lt;u&gt;padre&lt;/u&gt; o la persona que es su figura paterna.&lt;/p&gt;</text>
      <subQuestion varName="Apego2_Apeg10">
        <text>1. Me ayuda acudir a esta persona en momentos de adversidad.</text>
      </subQuestion>
      <subQuestion varName="Apego2_Apeg11">
        <text>2. Suelo conversar de mis problemas y preocupaciones con esta persona.</text>
      </subQuestion>
      <subQuestion varName="Apego2_Apeg12">
        <text>3. Hablo más de mis cosas con esta persona.</text>
      </subQuestion>
      <subQuestion varName="Apego2_Apeg13">
        <text>4. Me resulta fácil depender emocionalmente de esta persona.</text>
      </subQuestion>
      <subQuestion varName="Apego2_Apeg14">
        <text>5. Me siento incómodo abriéndome con esta persona.</text>
      </subQuestion>
      <subQuestion varName="Apego2_Apeg15">
        <text>6. Prefiero no mostrarle a esta persona como en el fondo me siento</text>
      </subQuestion>
      <subQuestion varName="Apego2_Apeg16">
        <text>7. Habitualmente me preocupa que yo no le importe realmente a esta persona</text>
      </subQuestion>
      <subQuestion varName="Apego2_Apeg17">
        <text>8. Temo que esta persona pueda abandonarme.</text>
      </subQuestion>
      <subQuestion varName="Apego2_Apeg18">
        <text>9. Me preocupa que esta persona no se preocupe tanto por mí como yo me preocupo por ella</text>
      </subQuestion>
      <response varName="Apego2">
        <fixed>
          <category>
            <label>Si</label>
            <value>Apeg1</value>
          </category>
          <category>
            <label>No</label>
            <value>Apeg2</value>
          </category>
          <category>
            <label>No aplica</label>
            <value>Apeg3</value>
          </category>
        </fixed>
      </response>
    </question>
    <question>
      <text>P { margin-bottom: 0cm; direction: ltr; color: rgb(0, 0, 0); line-height: 100%; text-align: justify; widows: 2; orphans: 2; }P.western { font-family: "Times New Roman",serif; font-size: 12pt; }P.cjk { font-family: "Times New Roman"; font-size: 12pt; }P.ctl { font-family: "Times New Roman"; font-size: 10p&#13;
&#13;
&lt;p align="JUSTIFY" class="western" lang="es-CL" style="text-indent: 1.25cm; margin-bottom: 0.35cm; line-height: 115%"&gt;Por favor conteste las siguientes preguntas sobre su &lt;u&gt;novio/a o pareja&lt;/u&gt; conyugal. &lt;/p&gt;&#13;
&#13;
&lt;p align="JUSTIFY" class="western" lang="es-CL" style="text-indent: 1.25cm; margin-bottom: 0.35cm; line-height: 115%"&gt;&lt;em&gt;Si no se encuentra actualmente en una relación o matrimonio con alguien, responda las preguntas en relación con una ex pareja o una relación que le gustaría tener con alguien.&lt;/em&gt;&lt;/p&gt;</text>
      <subQuestion varName="Apego3_Apeg19">
        <text>1.- Me ayuda acudir a esta persona en momentos de adversidad.</text>
      </subQuestion>
      <subQuestion varName="Apego3_Apeg20">
        <text>2.- Suelo conversar de mis problemas y preocupaciones con esta persona.</text>
      </subQuestion>
      <subQuestion varName="Apego3_Apeg21">
        <text>3.- Hablo más de mis cosas con esta persona.</text>
      </subQuestion>
      <subQuestion varName="Apego3_Apeg22">
        <text>4.-Me resulta fácil depender emocionalmente de esta persona.</text>
      </subQuestion>
      <subQuestion varName="Apego3_Apeg23">
        <text>5.- Me siento incómodo abriéndome con esta persona.</text>
      </subQuestion>
      <subQuestion varName="Apego3_Apeg24">
        <text>6.-Prefiero no mostrarle a esta persona como en el fondo me siento</text>
      </subQuestion>
      <subQuestion varName="Apego3_Apeg25">
        <text>7.-Habitualmente me preocupa que yo no le importe realmente a esta persona</text>
      </subQuestion>
      <subQuestion varName="Apego3_Apeg26">
        <text>8.-Temo que esta persona pueda abandonarme.</text>
      </subQuestion>
      <subQuestion varName="Apego3_Apeg27">
        <text>9.-Me preocupa que esta persona no se preocupe tanto por mí como yo me preocupo por ella</text>
      </subQuestion>
      <response varName="Apego3">
        <fixed>
          <category>
            <label>Si</label>
            <value>Apeg1</value>
          </category>
          <category>
            <label>No</label>
            <value>Apeg2</value>
          </category>
          <category>
            <label>No aplica</label>
            <value>Apeg3</value>
          </category>
        </fixed>
      </response>
    </question>
    <question>
      <text>P { margin-bottom: 0cm; direction: ltr; color: rgb(0, 0, 0); line-height: 100%; text-align: justify; widows: 2; orphans: 2; }P.western { font-family: "Times New Roman",serif; font-size: 12pt; }P.cjk { font-family: "Times New Roman"; font-size: 12pt; }P.ctl { font-family: "Times New Roman"; font-size: 10pt; }&#13;
&#13;
&lt;p align="LEFT" lang="es-CL" style="margin-left: 1.27cm; margin-bottom: 0.35cm; line-height: 115%"&gt;Por favor conteste las siguientes preguntas sobre su &lt;u&gt;mejor amigo/a&lt;/u&gt;.&lt;/p&gt;</text>
      <subQuestion varName="Apego4_Apeg28">
        <text>1.- Me ayuda acudir a esta persona en momentos de adversidad.</text>
      </subQuestion>
      <subQuestion varName="Apego4_Apeg29">
        <text>2.- Suelo conversar de mis problemas y preocupaciones con esta persona.</text>
      </subQuestion>
      <subQuestion varName="Apego4_Apeg30">
        <text>3.- Hablo más de mis cosas con esta persona.</text>
      </subQuestion>
      <subQuestion varName="Apego4_Apeg31">
        <text>4.-Me resulta fácil depender emocionalmente de esta persona.</text>
      </subQuestion>
      <subQuestion varName="Apego4_Apeg32">
        <text>5.- Me siento incómodo abriéndome con esta persona.</text>
      </subQuestion>
      <subQuestion varName="Apego4_Apeg33">
        <text>6.-Prefiero no mostrarle a esta persona como en el fondo me siento.</text>
      </subQuestion>
      <subQuestion varName="Apego4_Apeg34">
        <text>7.-Habitualmente me preocupa que yo no le importe realmente a esta persona.</text>
      </subQuestion>
      <subQuestion varName="Apego4_Apeg35">
        <text>8.-Temo que esta persona pueda abandonarme.</text>
      </subQuestion>
      <subQuestion varName="Apego4_Apeg36">
        <text>9.-Me preocupa que esta persona no se preocupe tanto por mí como yo me preocupo por ella.</text>
      </subQuestion>
      <response varName="Apego4">
        <fixed>
          <category>
            <label>Si</label>
            <value>Apeg1</value>
          </category>
          <category>
            <label>No</label>
            <value>Apeg2</value>
          </category>
          <category>
            <label>No aplica</label>
            <value>Apeg3</value>
          </category>
        </fixed>
      </response>
    </question>
  </section>
</questionnaire>
