<?xml version="1.0"?>
<queXF>
  <questionnaire>
    <id>572324</id>
    <section id="1">
      <label>ECR-RS</label>
      <title>Section A</title>
    </section>
    <page>
      <id>57232401</id>
      <tlx>283</tlx>
      <tly>283</tly>
      <trx>2197</trx>
      <try>283</try>
      <brx>2197</brx>
      <bry>3224</bry>
      <blx>283</blx>
      <bly>3224</bly>
      <rotation>0</rotation>
      <boxgroup>
        <type>4</type>
        <width>8</width>
        <varname>RUT</varname>
        <sortorder>1</sortorder>
        <label>RUT (sin puntos, gui&#xF3;n ni d&#xED;gito verificador. Ejemplo si el rut es 17.736.727-1 escribir 17736727):</label>
        <groupsection idref="1"/>
        <box>
          <tlx>1515</tlx>
          <tly>509</tly>
          <brx>1586</brx>
          <bry>603</bry>
          <value></value>
          <label></label>
        </box>
        <box>
          <tlx>1588</tlx>
          <tly>509</tly>
          <brx>1659</brx>
          <bry>603</bry>
          <value></value>
          <label></label>
        </box>
        <box>
          <tlx>1661</tlx>
          <tly>509</tly>
          <brx>1731</brx>
          <bry>603</bry>
          <value></value>
          <label></label>
        </box>
        <box>
          <tlx>1733</tlx>
          <tly>509</tly>
          <brx>1804</brx>
          <bry>603</bry>
          <value></value>
          <label></label>
        </box>
        <box>
          <tlx>1806</tlx>
          <tly>509</tly>
          <brx>1877</brx>
          <bry>603</bry>
          <value></value>
          <label></label>
        </box>
        <box>
          <tlx>1879</tlx>
          <tly>509</tly>
          <brx>1949</brx>
          <bry>603</bry>
          <value></value>
          <label></label>
        </box>
        <box>
          <tlx>1951</tlx>
          <tly>509</tly>
          <brx>2022</brx>
          <bry>603</bry>
          <value></value>
          <label></label>
        </box>
        <box>
          <tlx>2024</tlx>
          <tly>509</tly>
          <brx>2095</brx>
          <bry>603</bry>
          <value></value>
          <label></label>
        </box>
      </boxgroup>
      <boxgroup>
        <type>1</type>
        <width>5</width>
        <varname>Apego1_Apeg01</varname>
        <sortorder>2</sortorder>
        <label>&lt;p class="western" lang="es-CL" style="text-indent: 1.25cm; margin-bottom: 0.35cm; line-height: 115%;"&gt;Por favor conteste las siguientes preguntas sobre su &lt;u&gt;madre&lt;/u&gt; o la persona que es su figura materna.&lt;/p&gt; : 1. Me ayuda acudir a esta persona en momentos de adversidad</label>
        <groupsection idref="1"/>
        <box>
          <tlx>1659</tlx>
          <tly>904</tly>
          <brx>1719</brx>
          <bry>963</bry>
          <value>Apeg1</value>
          <label>Si</label>
        </box>
        <box>
          <tlx>1813</tlx>
          <tly>904</tly>
          <brx>1872</brx>
          <bry>963</bry>
          <value>Apeg2</value>
          <label>No</label>
        </box>
        <box>
          <tlx>1967</tlx>
          <tly>904</tly>
          <brx>2026</brx>
          <bry>963</bry>
          <value>Apeg3</value>
          <label>No aplica</label>
        </box>
      </boxgroup>
      <boxgroup>
        <type>1</type>
        <width>5</width>
        <varname>Apego1_Apeg02</varname>
        <sortorder>3</sortorder>
        <label>&lt;p class="western" lang="es-CL" style="text-indent: 1.25cm; margin-bottom: 0.35cm; line-height: 115%;"&gt;Por favor conteste las siguientes preguntas sobre su &lt;u&gt;madre&lt;/u&gt; o la persona que es su figura materna.&lt;/p&gt; : 2. Suelo conversar de mis problemas y preocupaciones con esta persona</label>
        <groupsection idref="1"/>
        <box>
          <tlx>1659</tlx>
          <tly>1028</tly>
          <brx>1719</brx>
          <bry>1087</bry>
          <value>Apeg1</value>
          <label>Si</label>
        </box>
        <box>
          <tlx>1813</tlx>
          <tly>1028</tly>
          <brx>1872</brx>
          <bry>1087</bry>
          <value>Apeg2</value>
          <label>No</label>
        </box>
        <box>
          <tlx>1967</tlx>
          <tly>1028</tly>
          <brx>2026</brx>
          <bry>1087</bry>
          <value>Apeg3</value>
          <label>No aplica</label>
        </box>
      </boxgroup>
      <boxgroup>
        <type>1</type>
        <width>5</width>
        <varname>Apego1_Apeg03</varname>
        <sortorder>4</sortorder>
        <label>&lt;p class="western" lang="es-CL" style="text-indent: 1.25cm; margin-bottom: 0.35cm; line-height: 115%;"&gt;Por favor conteste las siguientes preguntas sobre su &lt;u&gt;madre&lt;/u&gt; o la persona que es su figura materna.&lt;/p&gt; : 3. Hablo m&#xE1;s de mis cosas con esta persona</label>
        <groupsection idref="1"/>
        <box>
          <tlx>1659</tlx>
          <tly>1152</tly>
          <brx>1719</brx>
          <bry>1211</bry>
          <value>Apeg1</value>
          <label>Si</label>
        </box>
        <box>
          <tlx>1813</tlx>
          <tly>1152</tly>
          <brx>1872</brx>
          <bry>1211</bry>
          <value>Apeg2</value>
          <label>No</label>
        </box>
        <box>
          <tlx>1967</tlx>
          <tly>1152</tly>
          <brx>2026</brx>
          <bry>1211</bry>
          <value>Apeg3</value>
          <label>No aplica</label>
        </box>
      </boxgroup>
      <boxgroup>
        <type>1</type>
        <width>5</width>
        <varname>Apego1_Apeg04</varname>
        <sortorder>5</sortorder>
        <label>&lt;p class="western" lang="es-CL" style="text-indent: 1.25cm; margin-bottom: 0.35cm; line-height: 115%;"&gt;Por favor conteste las siguientes preguntas sobre su &lt;u&gt;madre&lt;/u&gt; o la persona que es su figura materna.&lt;/p&gt; : 4. Me resulta f&#xE1;cil depender emocionalmente de esta persona</label>
        <groupsection idref="1"/>
        <box>
          <tlx>1659</tlx>
          <tly>1276</tly>
          <brx>1719</brx>
          <bry>1335</bry>
          <value>Apeg1</value>
          <label>Si</label>
        </box>
        <box>
          <tlx>1813</tlx>
          <tly>1276</tly>
          <brx>1872</brx>
          <bry>1335</bry>
          <value>Apeg2</value>
          <label>No</label>
        </box>
        <box>
          <tlx>1967</tlx>
          <tly>1276</tly>
          <brx>2026</brx>
          <bry>1335</bry>
          <value>Apeg3</value>
          <label>No aplica</label>
        </box>
      </boxgroup>
      <boxgroup>
        <type>1</type>
        <width>5</width>
        <varname>Apego1_Apeg05</varname>
        <sortorder>6</sortorder>
        <label>&lt;p class="western" lang="es-CL" style="text-indent: 1.25cm; margin-bottom: 0.35cm; line-height: 115%;"&gt;Por favor conteste las siguientes preguntas sobre su &lt;u&gt;madre&lt;/u&gt; o la persona que es su figura materna.&lt;/p&gt; : 5. Me siento inc&#xF3;modo abri&#xE9;ndome con esta persona</label>
        <groupsection idref="1"/>
        <box>
          <tlx>1659</tlx>
          <tly>1400</tly>
          <brx>1719</brx>
          <bry>1459</bry>
          <value>Apeg1</value>
          <label>Si</label>
        </box>
        <box>
          <tlx>1813</tlx>
          <tly>1400</tly>
          <brx>1872</brx>
          <bry>1459</bry>
          <value>Apeg2</value>
          <label>No</label>
        </box>
        <box>
          <tlx>1967</tlx>
          <tly>1400</tly>
          <brx>2026</brx>
          <bry>1459</bry>
          <value>Apeg3</value>
          <label>No aplica</label>
        </box>
      </boxgroup>
      <boxgroup>
        <type>1</type>
        <width>5</width>
        <varname>Apego1_Apeg06</varname>
        <sortorder>7</sortorder>
        <label>&lt;p class="western" lang="es-CL" style="text-indent: 1.25cm; margin-bottom: 0.35cm; line-height: 115%;"&gt;Por favor conteste las siguientes preguntas sobre su &lt;u&gt;madre&lt;/u&gt; o la persona que es su figura materna.&lt;/p&gt; : 6. Prefiero no mostrarle a esta persona como en el fondo me siento</label>
        <groupsection idref="1"/>
        <box>
          <tlx>1659</tlx>
          <tly>1524</tly>
          <brx>1719</brx>
          <bry>1584</bry>
          <value>Apeg1</value>
          <label>Si</label>
        </box>
        <box>
          <tlx>1813</tlx>
          <tly>1524</tly>
          <brx>1872</brx>
          <bry>1584</bry>
          <value>Apeg2</value>
          <label>No</label>
        </box>
        <box>
          <tlx>1967</tlx>
          <tly>1524</tly>
          <brx>2026</brx>
          <bry>1584</bry>
          <value>Apeg3</value>
          <label>No aplica</label>
        </box>
      </boxgroup>
      <boxgroup>
        <type>1</type>
        <width>5</width>
        <varname>Apego1_Apeg07</varname>
        <sortorder>8</sortorder>
        <label>&lt;p class="western" lang="es-CL" style="text-indent: 1.25cm; margin-bottom: 0.35cm; line-height: 115%;"&gt;Por favor conteste las siguientes preguntas sobre su &lt;u&gt;madre&lt;/u&gt; o la persona que es su figura materna.&lt;/p&gt; : 7. Habitualmente me preocupa que yo no le importe realmente a esta persona</label>
        <groupsection idref="1"/>
        <box>
          <tlx>1659</tlx>
          <tly>1648</tly>
          <brx>1719</brx>
          <bry>1708</bry>
          <value>Apeg1</value>
          <label>Si</label>
        </box>
        <box>
          <tlx>1813</tlx>
          <tly>1648</tly>
          <brx>1872</brx>
          <bry>1708</bry>
          <value>Apeg2</value>
          <label>No</label>
        </box>
        <box>
          <tlx>1967</tlx>
          <tly>1648</tly>
          <brx>2026</brx>
          <bry>1708</bry>
          <value>Apeg3</value>
          <label>No aplica</label>
        </box>
      </boxgroup>
      <boxgroup>
        <type>1</type>
        <width>5</width>
        <varname>Apego1_Apeg08</varname>
        <sortorder>9</sortorder>
        <label>&lt;p class="western" lang="es-CL" style="text-indent: 1.25cm; margin-bottom: 0.35cm; line-height: 115%;"&gt;Por favor conteste las siguientes preguntas sobre su &lt;u&gt;madre&lt;/u&gt; o la persona que es su figura materna.&lt;/p&gt; : 8. Temo que esta persona pueda abandonarme</label>
        <groupsection idref="1"/>
        <box>
          <tlx>1659</tlx>
          <tly>1772</tly>
          <brx>1719</brx>
          <bry>1832</bry>
          <value>Apeg1</value>
          <label>Si</label>
        </box>
        <box>
          <tlx>1813</tlx>
          <tly>1772</tly>
          <brx>1872</brx>
          <bry>1832</bry>
          <value>Apeg2</value>
          <label>No</label>
        </box>
        <box>
          <tlx>1967</tlx>
          <tly>1772</tly>
          <brx>2026</brx>
          <bry>1832</bry>
          <value>Apeg3</value>
          <label>No aplica</label>
        </box>
      </boxgroup>
      <boxgroup>
        <type>1</type>
        <width>5</width>
        <varname>Apego1_Apeg09</varname>
        <sortorder>10</sortorder>
        <label>&lt;p class="western" lang="es-CL" style="text-indent: 1.25cm; margin-bottom: 0.35cm; line-height: 115%;"&gt;Por favor conteste las siguientes preguntas sobre su &lt;u&gt;madre&lt;/u&gt; o la persona que es su figura materna.&lt;/p&gt; : 9. Me preocupa que esta persona no se preocupe tanto por m&#xED; como yo me preocupo por ella</label>
        <groupsection idref="1"/>
        <box>
          <tlx>1659</tlx>
          <tly>1896</tly>
          <brx>1719</brx>
          <bry>1956</bry>
          <value>Apeg1</value>
          <label>Si</label>
        </box>
        <box>
          <tlx>1813</tlx>
          <tly>1896</tly>
          <brx>1872</brx>
          <bry>1956</bry>
          <value>Apeg2</value>
          <label>No</label>
        </box>
        <box>
          <tlx>1967</tlx>
          <tly>1896</tly>
          <brx>2026</brx>
          <bry>1956</bry>
          <value>Apeg3</value>
          <label>No aplica</label>
        </box>
      </boxgroup>
      <boxgroup>
        <type>1</type>
        <width>5</width>
        <varname>Apego2_Apeg10</varname>
        <sortorder>11</sortorder>
        <label>P { margin-bottom: 0cm; direction: ltr; color: rgb(0, 0, 0); line-height: 100%; text-align: justify; widows: 2; orphans: 2; }P.western { font-family: "Times New Roman",serif; font-size: 12pt; }P.cjk { font-family: "Times New Roman"; font-size: 12pt; }P.ctl { font-family: "Times New Roman"; font-size: 10pt; }&#xD;
&#xD;
&lt;p align="LEFT" class="western" lang="es-CL" style="text-indent: 1.25cm; margin-bottom: 0.35cm; line-height: 115%"&gt;Por favor conteste las siguientes preguntas sobre su &lt;u&gt;padre&lt;/u&gt; o la persona que es su figura paterna.&lt;/p&gt; : 1. Me ayuda acudir a esta persona en momentos de adversidad.</label>
        <groupsection idref="1"/>
        <box>
          <tlx>1659</tlx>
          <tly>2630</tly>
          <brx>1719</brx>
          <bry>2689</bry>
          <value>Apeg1</value>
          <label>Si</label>
        </box>
        <box>
          <tlx>1813</tlx>
          <tly>2630</tly>
          <brx>1872</brx>
          <bry>2689</bry>
          <value>Apeg2</value>
          <label>No</label>
        </box>
        <box>
          <tlx>1967</tlx>
          <tly>2630</tly>
          <brx>2026</brx>
          <bry>2689</bry>
          <value>Apeg3</value>
          <label>No aplica</label>
        </box>
      </boxgroup>
      <boxgroup>
        <type>1</type>
        <width>5</width>
        <varname>Apego2_Apeg11</varname>
        <sortorder>12</sortorder>
        <label>P { margin-bottom: 0cm; direction: ltr; color: rgb(0, 0, 0); line-height: 100%; text-align: justify; widows: 2; orphans: 2; }P.western { font-family: "Times New Roman",serif; font-size: 12pt; }P.cjk { font-family: "Times New Roman"; font-size: 12pt; }P.ctl { font-family: "Times New Roman"; font-size: 10pt; }&#xD;
&#xD;
&lt;p align="LEFT" class="western" lang="es-CL" style="text-indent: 1.25cm; margin-bottom: 0.35cm; line-height: 115%"&gt;Por favor conteste las siguientes preguntas sobre su &lt;u&gt;padre&lt;/u&gt; o la persona que es su figura paterna.&lt;/p&gt; : 2. Suelo conversar de mis problemas y preocupaciones con esta persona.</label>
        <groupsection idref="1"/>
        <box>
          <tlx>1659</tlx>
          <tly>2754</tly>
          <brx>1719</brx>
          <bry>2814</bry>
          <value>Apeg1</value>
          <label>Si</label>
        </box>
        <box>
          <tlx>1813</tlx>
          <tly>2754</tly>
          <brx>1872</brx>
          <bry>2814</bry>
          <value>Apeg2</value>
          <label>No</label>
        </box>
        <box>
          <tlx>1967</tlx>
          <tly>2754</tly>
          <brx>2026</brx>
          <bry>2814</bry>
          <value>Apeg3</value>
          <label>No aplica</label>
        </box>
      </boxgroup>
      <boxgroup>
        <type>1</type>
        <width>5</width>
        <varname>Apego2_Apeg12</varname>
        <sortorder>13</sortorder>
        <label>P { margin-bottom: 0cm; direction: ltr; color: rgb(0, 0, 0); line-height: 100%; text-align: justify; widows: 2; orphans: 2; }P.western { font-family: "Times New Roman",serif; font-size: 12pt; }P.cjk { font-family: "Times New Roman"; font-size: 12pt; }P.ctl { font-family: "Times New Roman"; font-size: 10pt; }&#xD;
&#xD;
&lt;p align="LEFT" class="western" lang="es-CL" style="text-indent: 1.25cm; margin-bottom: 0.35cm; line-height: 115%"&gt;Por favor conteste las siguientes preguntas sobre su &lt;u&gt;padre&lt;/u&gt; o la persona que es su figura paterna.&lt;/p&gt; : 3. Hablo m&#xE1;s de mis cosas con esta persona.</label>
        <groupsection idref="1"/>
        <box>
          <tlx>1659</tlx>
          <tly>2878</tly>
          <brx>1719</brx>
          <bry>2938</bry>
          <value>Apeg1</value>
          <label>Si</label>
        </box>
        <box>
          <tlx>1813</tlx>
          <tly>2878</tly>
          <brx>1872</brx>
          <bry>2938</bry>
          <value>Apeg2</value>
          <label>No</label>
        </box>
        <box>
          <tlx>1967</tlx>
          <tly>2878</tly>
          <brx>2026</brx>
          <bry>2938</bry>
          <value>Apeg3</value>
          <label>No aplica</label>
        </box>
      </boxgroup>
      <boxgroup>
        <type>1</type>
        <width>5</width>
        <varname>Apego2_Apeg13</varname>
        <sortorder>14</sortorder>
        <label>P { margin-bottom: 0cm; direction: ltr; color: rgb(0, 0, 0); line-height: 100%; text-align: justify; widows: 2; orphans: 2; }P.western { font-family: "Times New Roman",serif; font-size: 12pt; }P.cjk { font-family: "Times New Roman"; font-size: 12pt; }P.ctl { font-family: "Times New Roman"; font-size: 10pt; }&#xD;
&#xD;
&lt;p align="LEFT" class="western" lang="es-CL" style="text-indent: 1.25cm; margin-bottom: 0.35cm; line-height: 115%"&gt;Por favor conteste las siguientes preguntas sobre su &lt;u&gt;padre&lt;/u&gt; o la persona que es su figura paterna.&lt;/p&gt; : 4. Me resulta f&#xE1;cil depender emocionalmente de esta persona.</label>
        <groupsection idref="1"/>
        <box>
          <tlx>1659</tlx>
          <tly>3002</tly>
          <brx>1719</brx>
          <bry>3062</bry>
          <value>Apeg1</value>
          <label>Si</label>
        </box>
        <box>
          <tlx>1813</tlx>
          <tly>3002</tly>
          <brx>1872</brx>
          <bry>3062</bry>
          <value>Apeg2</value>
          <label>No</label>
        </box>
        <box>
          <tlx>1967</tlx>
          <tly>3002</tly>
          <brx>2026</brx>
          <bry>3062</bry>
          <value>Apeg3</value>
          <label>No aplica</label>
        </box>
      </boxgroup>
      <boxgroup>
        <type>1</type>
        <width>5</width>
        <varname>Apego2_Apeg14</varname>
        <sortorder>15</sortorder>
        <label>P { margin-bottom: 0cm; direction: ltr; color: rgb(0, 0, 0); line-height: 100%; text-align: justify; widows: 2; orphans: 2; }P.western { font-family: "Times New Roman",serif; font-size: 12pt; }P.cjk { font-family: "Times New Roman"; font-size: 12pt; }P.ctl { font-family: "Times New Roman"; font-size: 10pt; }&#xD;
&#xD;
&lt;p align="LEFT" class="western" lang="es-CL" style="text-indent: 1.25cm; margin-bottom: 0.35cm; line-height: 115%"&gt;Por favor conteste las siguientes preguntas sobre su &lt;u&gt;padre&lt;/u&gt; o la persona que es su figura paterna.&lt;/p&gt; : 5. Me siento inc&#xF3;modo abri&#xE9;ndome con esta persona.</label>
        <groupsection idref="1"/>
        <box>
          <tlx>1659</tlx>
          <tly>3126</tly>
          <brx>1719</brx>
          <bry>3186</bry>
          <value>Apeg1</value>
          <label>Si</label>
        </box>
        <box>
          <tlx>1813</tlx>
          <tly>3126</tly>
          <brx>1872</brx>
          <bry>3186</bry>
          <value>Apeg2</value>
          <label>No</label>
        </box>
        <box>
          <tlx>1967</tlx>
          <tly>3126</tly>
          <brx>2026</brx>
          <bry>3186</bry>
          <value>Apeg3</value>
          <label>No aplica</label>
        </box>
      </boxgroup>
    </page>
    <page>
      <id>57232402</id>
      <tlx>283</tlx>
      <tly>283</tly>
      <trx>2197</trx>
      <try>283</try>
      <brx>2197</brx>
      <bry>3224</bry>
      <blx>283</blx>
      <bly>3224</bly>
      <rotation>0</rotation>
      <boxgroup>
        <type>1</type>
        <width>5</width>
        <varname>Apego2_Apeg15</varname>
        <sortorder>16</sortorder>
        <label>P { margin-bottom: 0cm; direction: ltr; color: rgb(0, 0, 0); line-height: 100%; text-align: justify; widows: 2; orphans: 2; }P.western { font-family: "Times New Roman",serif; font-size: 12pt; }P.cjk { font-family: "Times New Roman"; font-size: 12pt; }P.ctl { font-family: "Times New Roman"; font-size: 10pt; }&#xD;
&#xD;
&lt;p align="LEFT" class="western" lang="es-CL" style="text-indent: 1.25cm; margin-bottom: 0.35cm; line-height: 115%"&gt;Por favor conteste las siguientes preguntas sobre su &lt;u&gt;padre&lt;/u&gt; o la persona que es su figura paterna.&lt;/p&gt; : 6. Prefiero no mostrarle a esta persona como en el fondo me siento</label>
        <groupsection idref="1"/>
        <box>
          <tlx>1659</tlx>
          <tly>322</tly>
          <brx>1719</brx>
          <bry>381</bry>
          <value>Apeg1</value>
          <label>Si</label>
        </box>
        <box>
          <tlx>1813</tlx>
          <tly>322</tly>
          <brx>1872</brx>
          <bry>381</bry>
          <value>Apeg2</value>
          <label>No</label>
        </box>
        <box>
          <tlx>1967</tlx>
          <tly>322</tly>
          <brx>2026</brx>
          <bry>381</bry>
          <value>Apeg3</value>
          <label>No aplica</label>
        </box>
      </boxgroup>
      <boxgroup>
        <type>1</type>
        <width>5</width>
        <varname>Apego2_Apeg16</varname>
        <sortorder>17</sortorder>
        <label>P { margin-bottom: 0cm; direction: ltr; color: rgb(0, 0, 0); line-height: 100%; text-align: justify; widows: 2; orphans: 2; }P.western { font-family: "Times New Roman",serif; font-size: 12pt; }P.cjk { font-family: "Times New Roman"; font-size: 12pt; }P.ctl { font-family: "Times New Roman"; font-size: 10pt; }&#xD;
&#xD;
&lt;p align="LEFT" class="western" lang="es-CL" style="text-indent: 1.25cm; margin-bottom: 0.35cm; line-height: 115%"&gt;Por favor conteste las siguientes preguntas sobre su &lt;u&gt;padre&lt;/u&gt; o la persona que es su figura paterna.&lt;/p&gt; : 7. Habitualmente me preocupa que yo no le importe realmente a esta persona</label>
        <groupsection idref="1"/>
        <box>
          <tlx>1659</tlx>
          <tly>446</tly>
          <brx>1719</brx>
          <bry>505</bry>
          <value>Apeg1</value>
          <label>Si</label>
        </box>
        <box>
          <tlx>1813</tlx>
          <tly>446</tly>
          <brx>1872</brx>
          <bry>505</bry>
          <value>Apeg2</value>
          <label>No</label>
        </box>
        <box>
          <tlx>1967</tlx>
          <tly>446</tly>
          <brx>2026</brx>
          <bry>505</bry>
          <value>Apeg3</value>
          <label>No aplica</label>
        </box>
      </boxgroup>
      <boxgroup>
        <type>1</type>
        <width>5</width>
        <varname>Apego2_Apeg17</varname>
        <sortorder>18</sortorder>
        <label>P { margin-bottom: 0cm; direction: ltr; color: rgb(0, 0, 0); line-height: 100%; text-align: justify; widows: 2; orphans: 2; }P.western { font-family: "Times New Roman",serif; font-size: 12pt; }P.cjk { font-family: "Times New Roman"; font-size: 12pt; }P.ctl { font-family: "Times New Roman"; font-size: 10pt; }&#xD;
&#xD;
&lt;p align="LEFT" class="western" lang="es-CL" style="text-indent: 1.25cm; margin-bottom: 0.35cm; line-height: 115%"&gt;Por favor conteste las siguientes preguntas sobre su &lt;u&gt;padre&lt;/u&gt; o la persona que es su figura paterna.&lt;/p&gt; : 8. Temo que esta persona pueda abandonarme.</label>
        <groupsection idref="1"/>
        <box>
          <tlx>1659</tlx>
          <tly>570</tly>
          <brx>1719</brx>
          <bry>629</bry>
          <value>Apeg1</value>
          <label>Si</label>
        </box>
        <box>
          <tlx>1813</tlx>
          <tly>570</tly>
          <brx>1872</brx>
          <bry>629</bry>
          <value>Apeg2</value>
          <label>No</label>
        </box>
        <box>
          <tlx>1967</tlx>
          <tly>570</tly>
          <brx>2026</brx>
          <bry>629</bry>
          <value>Apeg3</value>
          <label>No aplica</label>
        </box>
      </boxgroup>
      <boxgroup>
        <type>1</type>
        <width>5</width>
        <varname>Apego2_Apeg18</varname>
        <sortorder>19</sortorder>
        <label>P { margin-bottom: 0cm; direction: ltr; color: rgb(0, 0, 0); line-height: 100%; text-align: justify; widows: 2; orphans: 2; }P.western { font-family: "Times New Roman",serif; font-size: 12pt; }P.cjk { font-family: "Times New Roman"; font-size: 12pt; }P.ctl { font-family: "Times New Roman"; font-size: 10pt; }&#xD;
&#xD;
&lt;p align="LEFT" class="western" lang="es-CL" style="text-indent: 1.25cm; margin-bottom: 0.35cm; line-height: 115%"&gt;Por favor conteste las siguientes preguntas sobre su &lt;u&gt;padre&lt;/u&gt; o la persona que es su figura paterna.&lt;/p&gt; : 9. Me preocupa que esta persona no se preocupe tanto por m&#xED; como yo me preocupo por ella</label>
        <groupsection idref="1"/>
        <box>
          <tlx>1659</tlx>
          <tly>694</tly>
          <brx>1719</brx>
          <bry>753</bry>
          <value>Apeg1</value>
          <label>Si</label>
        </box>
        <box>
          <tlx>1813</tlx>
          <tly>694</tly>
          <brx>1872</brx>
          <bry>753</bry>
          <value>Apeg2</value>
          <label>No</label>
        </box>
        <box>
          <tlx>1967</tlx>
          <tly>694</tly>
          <brx>2026</brx>
          <bry>753</bry>
          <value>Apeg3</value>
          <label>No aplica</label>
        </box>
      </boxgroup>
      <boxgroup>
        <type>1</type>
        <width>5</width>
        <varname>Apego3_Apeg19</varname>
        <sortorder>20</sortorder>
        <label>P { margin-bottom: 0cm; direction: ltr; color: rgb(0, 0, 0); line-height: 100%; text-align: justify; widows: 2; orphans: 2; }P.western { font-family: "Times New Roman",serif; font-size: 12pt; }P.cjk { font-family: "Times New Roman"; font-size: 12pt; }P.ctl { font-family: "Times New Roman"; font-size: 10p&#xD;
&#xD;
&lt;p align="JUSTIFY" class="western" lang="es-CL" style="text-indent: 1.25cm; margin-bottom: 0.35cm; line-height: 115%"&gt;Por favor conteste las siguientes preguntas sobre su &lt;u&gt;novio/a o pareja&lt;/u&gt; conyugal. &lt;/p&gt;&#xD;
&#xD;
&lt;p align="JUSTIFY" class="western" lang="es-CL" style="text-indent: 1.25cm; margin-bottom: 0.35cm; line-height: 115%"&gt;&lt;em&gt;Si no se encuentra actualmente en una relaci&#xF3;n o matrimonio con alguien, responda las preguntas en relaci&#xF3;n con una ex pareja o una relaci&#xF3;n que le gustar&#xED;a tener con alguien.&lt;/em&gt;&lt;/p&gt; : 1.- Me ayuda acudir a esta persona en momentos de adversidad.</label>
        <groupsection idref="1"/>
        <box>
          <tlx>1659</tlx>
          <tly>1663</tly>
          <brx>1719</brx>
          <bry>1722</bry>
          <value>Apeg1</value>
          <label>Si</label>
        </box>
        <box>
          <tlx>1813</tlx>
          <tly>1663</tly>
          <brx>1872</brx>
          <bry>1722</bry>
          <value>Apeg2</value>
          <label>No</label>
        </box>
        <box>
          <tlx>1967</tlx>
          <tly>1663</tly>
          <brx>2026</brx>
          <bry>1722</bry>
          <value>Apeg3</value>
          <label>No aplica</label>
        </box>
      </boxgroup>
      <boxgroup>
        <type>1</type>
        <width>5</width>
        <varname>Apego3_Apeg20</varname>
        <sortorder>21</sortorder>
        <label>P { margin-bottom: 0cm; direction: ltr; color: rgb(0, 0, 0); line-height: 100%; text-align: justify; widows: 2; orphans: 2; }P.western { font-family: "Times New Roman",serif; font-size: 12pt; }P.cjk { font-family: "Times New Roman"; font-size: 12pt; }P.ctl { font-family: "Times New Roman"; font-size: 10p&#xD;
&#xD;
&lt;p align="JUSTIFY" class="western" lang="es-CL" style="text-indent: 1.25cm; margin-bottom: 0.35cm; line-height: 115%"&gt;Por favor conteste las siguientes preguntas sobre su &lt;u&gt;novio/a o pareja&lt;/u&gt; conyugal. &lt;/p&gt;&#xD;
&#xD;
&lt;p align="JUSTIFY" class="western" lang="es-CL" style="text-indent: 1.25cm; margin-bottom: 0.35cm; line-height: 115%"&gt;&lt;em&gt;Si no se encuentra actualmente en una relaci&#xF3;n o matrimonio con alguien, responda las preguntas en relaci&#xF3;n con una ex pareja o una relaci&#xF3;n que le gustar&#xED;a tener con alguien.&lt;/em&gt;&lt;/p&gt; : 2.- Suelo conversar de mis problemas y preocupaciones con esta persona.</label>
        <groupsection idref="1"/>
        <box>
          <tlx>1659</tlx>
          <tly>1787</tly>
          <brx>1719</brx>
          <bry>1846</bry>
          <value>Apeg1</value>
          <label>Si</label>
        </box>
        <box>
          <tlx>1813</tlx>
          <tly>1787</tly>
          <brx>1872</brx>
          <bry>1846</bry>
          <value>Apeg2</value>
          <label>No</label>
        </box>
        <box>
          <tlx>1967</tlx>
          <tly>1787</tly>
          <brx>2026</brx>
          <bry>1846</bry>
          <value>Apeg3</value>
          <label>No aplica</label>
        </box>
      </boxgroup>
      <boxgroup>
        <type>1</type>
        <width>5</width>
        <varname>Apego3_Apeg21</varname>
        <sortorder>22</sortorder>
        <label>P { margin-bottom: 0cm; direction: ltr; color: rgb(0, 0, 0); line-height: 100%; text-align: justify; widows: 2; orphans: 2; }P.western { font-family: "Times New Roman",serif; font-size: 12pt; }P.cjk { font-family: "Times New Roman"; font-size: 12pt; }P.ctl { font-family: "Times New Roman"; font-size: 10p&#xD;
&#xD;
&lt;p align="JUSTIFY" class="western" lang="es-CL" style="text-indent: 1.25cm; margin-bottom: 0.35cm; line-height: 115%"&gt;Por favor conteste las siguientes preguntas sobre su &lt;u&gt;novio/a o pareja&lt;/u&gt; conyugal. &lt;/p&gt;&#xD;
&#xD;
&lt;p align="JUSTIFY" class="western" lang="es-CL" style="text-indent: 1.25cm; margin-bottom: 0.35cm; line-height: 115%"&gt;&lt;em&gt;Si no se encuentra actualmente en una relaci&#xF3;n o matrimonio con alguien, responda las preguntas en relaci&#xF3;n con una ex pareja o una relaci&#xF3;n que le gustar&#xED;a tener con alguien.&lt;/em&gt;&lt;/p&gt; : 3.- Hablo m&#xE1;s de mis cosas con esta persona.</label>
        <groupsection idref="1"/>
        <box>
          <tlx>1659</tlx>
          <tly>1911</tly>
          <brx>1719</brx>
          <bry>1970</bry>
          <value>Apeg1</value>
          <label>Si</label>
        </box>
        <box>
          <tlx>1813</tlx>
          <tly>1911</tly>
          <brx>1872</brx>
          <bry>1970</bry>
          <value>Apeg2</value>
          <label>No</label>
        </box>
        <box>
          <tlx>1967</tlx>
          <tly>1911</tly>
          <brx>2026</brx>
          <bry>1970</bry>
          <value>Apeg3</value>
          <label>No aplica</label>
        </box>
      </boxgroup>
      <boxgroup>
        <type>1</type>
        <width>5</width>
        <varname>Apego3_Apeg22</varname>
        <sortorder>23</sortorder>
        <label>P { margin-bottom: 0cm; direction: ltr; color: rgb(0, 0, 0); line-height: 100%; text-align: justify; widows: 2; orphans: 2; }P.western { font-family: "Times New Roman",serif; font-size: 12pt; }P.cjk { font-family: "Times New Roman"; font-size: 12pt; }P.ctl { font-family: "Times New Roman"; font-size: 10p&#xD;
&#xD;
&lt;p align="JUSTIFY" class="western" lang="es-CL" style="text-indent: 1.25cm; margin-bottom: 0.35cm; line-height: 115%"&gt;Por favor conteste las siguientes preguntas sobre su &lt;u&gt;novio/a o pareja&lt;/u&gt; conyugal. &lt;/p&gt;&#xD;
&#xD;
&lt;p align="JUSTIFY" class="western" lang="es-CL" style="text-indent: 1.25cm; margin-bottom: 0.35cm; line-height: 115%"&gt;&lt;em&gt;Si no se encuentra actualmente en una relaci&#xF3;n o matrimonio con alguien, responda las preguntas en relaci&#xF3;n con una ex pareja o una relaci&#xF3;n que le gustar&#xED;a tener con alguien.&lt;/em&gt;&lt;/p&gt; : 4.-Me resulta f&#xE1;cil depender emocionalmente de esta persona.</label>
        <groupsection idref="1"/>
        <box>
          <tlx>1659</tlx>
          <tly>2035</tly>
          <brx>1719</brx>
          <bry>2094</bry>
          <value>Apeg1</value>
          <label>Si</label>
        </box>
        <box>
          <tlx>1813</tlx>
          <tly>2035</tly>
          <brx>1872</brx>
          <bry>2094</bry>
          <value>Apeg2</value>
          <label>No</label>
        </box>
        <box>
          <tlx>1967</tlx>
          <tly>2035</tly>
          <brx>2026</brx>
          <bry>2094</bry>
          <value>Apeg3</value>
          <label>No aplica</label>
        </box>
      </boxgroup>
      <boxgroup>
        <type>1</type>
        <width>5</width>
        <varname>Apego3_Apeg23</varname>
        <sortorder>24</sortorder>
        <label>P { margin-bottom: 0cm; direction: ltr; color: rgb(0, 0, 0); line-height: 100%; text-align: justify; widows: 2; orphans: 2; }P.western { font-family: "Times New Roman",serif; font-size: 12pt; }P.cjk { font-family: "Times New Roman"; font-size: 12pt; }P.ctl { font-family: "Times New Roman"; font-size: 10p&#xD;
&#xD;
&lt;p align="JUSTIFY" class="western" lang="es-CL" style="text-indent: 1.25cm; margin-bottom: 0.35cm; line-height: 115%"&gt;Por favor conteste las siguientes preguntas sobre su &lt;u&gt;novio/a o pareja&lt;/u&gt; conyugal. &lt;/p&gt;&#xD;
&#xD;
&lt;p align="JUSTIFY" class="western" lang="es-CL" style="text-indent: 1.25cm; margin-bottom: 0.35cm; line-height: 115%"&gt;&lt;em&gt;Si no se encuentra actualmente en una relaci&#xF3;n o matrimonio con alguien, responda las preguntas en relaci&#xF3;n con una ex pareja o una relaci&#xF3;n que le gustar&#xED;a tener con alguien.&lt;/em&gt;&lt;/p&gt; : 5.- Me siento inc&#xF3;modo abri&#xE9;ndome con esta persona.</label>
        <groupsection idref="1"/>
        <box>
          <tlx>1659</tlx>
          <tly>2159</tly>
          <brx>1719</brx>
          <bry>2218</bry>
          <value>Apeg1</value>
          <label>Si</label>
        </box>
        <box>
          <tlx>1813</tlx>
          <tly>2159</tly>
          <brx>1872</brx>
          <bry>2218</bry>
          <value>Apeg2</value>
          <label>No</label>
        </box>
        <box>
          <tlx>1967</tlx>
          <tly>2159</tly>
          <brx>2026</brx>
          <bry>2218</bry>
          <value>Apeg3</value>
          <label>No aplica</label>
        </box>
      </boxgroup>
      <boxgroup>
        <type>1</type>
        <width>5</width>
        <varname>Apego3_Apeg24</varname>
        <sortorder>25</sortorder>
        <label>P { margin-bottom: 0cm; direction: ltr; color: rgb(0, 0, 0); line-height: 100%; text-align: justify; widows: 2; orphans: 2; }P.western { font-family: "Times New Roman",serif; font-size: 12pt; }P.cjk { font-family: "Times New Roman"; font-size: 12pt; }P.ctl { font-family: "Times New Roman"; font-size: 10p&#xD;
&#xD;
&lt;p align="JUSTIFY" class="western" lang="es-CL" style="text-indent: 1.25cm; margin-bottom: 0.35cm; line-height: 115%"&gt;Por favor conteste las siguientes preguntas sobre su &lt;u&gt;novio/a o pareja&lt;/u&gt; conyugal. &lt;/p&gt;&#xD;
&#xD;
&lt;p align="JUSTIFY" class="western" lang="es-CL" style="text-indent: 1.25cm; margin-bottom: 0.35cm; line-height: 115%"&gt;&lt;em&gt;Si no se encuentra actualmente en una relaci&#xF3;n o matrimonio con alguien, responda las preguntas en relaci&#xF3;n con una ex pareja o una relaci&#xF3;n que le gustar&#xED;a tener con alguien.&lt;/em&gt;&lt;/p&gt; : 6.-Prefiero no mostrarle a esta persona como en el fondo me siento</label>
        <groupsection idref="1"/>
        <box>
          <tlx>1659</tlx>
          <tly>2283</tly>
          <brx>1719</brx>
          <bry>2342</bry>
          <value>Apeg1</value>
          <label>Si</label>
        </box>
        <box>
          <tlx>1813</tlx>
          <tly>2283</tly>
          <brx>1872</brx>
          <bry>2342</bry>
          <value>Apeg2</value>
          <label>No</label>
        </box>
        <box>
          <tlx>1967</tlx>
          <tly>2283</tly>
          <brx>2026</brx>
          <bry>2342</bry>
          <value>Apeg3</value>
          <label>No aplica</label>
        </box>
      </boxgroup>
      <boxgroup>
        <type>1</type>
        <width>5</width>
        <varname>Apego3_Apeg25</varname>
        <sortorder>26</sortorder>
        <label>P { margin-bottom: 0cm; direction: ltr; color: rgb(0, 0, 0); line-height: 100%; text-align: justify; widows: 2; orphans: 2; }P.western { font-family: "Times New Roman",serif; font-size: 12pt; }P.cjk { font-family: "Times New Roman"; font-size: 12pt; }P.ctl { font-family: "Times New Roman"; font-size: 10p&#xD;
&#xD;
&lt;p align="JUSTIFY" class="western" lang="es-CL" style="text-indent: 1.25cm; margin-bottom: 0.35cm; line-height: 115%"&gt;Por favor conteste las siguientes preguntas sobre su &lt;u&gt;novio/a o pareja&lt;/u&gt; conyugal. &lt;/p&gt;&#xD;
&#xD;
&lt;p align="JUSTIFY" class="western" lang="es-CL" style="text-indent: 1.25cm; margin-bottom: 0.35cm; line-height: 115%"&gt;&lt;em&gt;Si no se encuentra actualmente en una relaci&#xF3;n o matrimonio con alguien, responda las preguntas en relaci&#xF3;n con una ex pareja o una relaci&#xF3;n que le gustar&#xED;a tener con alguien.&lt;/em&gt;&lt;/p&gt; : 7.-Habitualmente me preocupa que yo no le importe realmente a esta persona</label>
        <groupsection idref="1"/>
        <box>
          <tlx>1659</tlx>
          <tly>2407</tly>
          <brx>1719</brx>
          <bry>2466</bry>
          <value>Apeg1</value>
          <label>Si</label>
        </box>
        <box>
          <tlx>1813</tlx>
          <tly>2407</tly>
          <brx>1872</brx>
          <bry>2466</bry>
          <value>Apeg2</value>
          <label>No</label>
        </box>
        <box>
          <tlx>1967</tlx>
          <tly>2407</tly>
          <brx>2026</brx>
          <bry>2466</bry>
          <value>Apeg3</value>
          <label>No aplica</label>
        </box>
      </boxgroup>
      <boxgroup>
        <type>1</type>
        <width>5</width>
        <varname>Apego3_Apeg26</varname>
        <sortorder>27</sortorder>
        <label>P { margin-bottom: 0cm; direction: ltr; color: rgb(0, 0, 0); line-height: 100%; text-align: justify; widows: 2; orphans: 2; }P.western { font-family: "Times New Roman",serif; font-size: 12pt; }P.cjk { font-family: "Times New Roman"; font-size: 12pt; }P.ctl { font-family: "Times New Roman"; font-size: 10p&#xD;
&#xD;
&lt;p align="JUSTIFY" class="western" lang="es-CL" style="text-indent: 1.25cm; margin-bottom: 0.35cm; line-height: 115%"&gt;Por favor conteste las siguientes preguntas sobre su &lt;u&gt;novio/a o pareja&lt;/u&gt; conyugal. &lt;/p&gt;&#xD;
&#xD;
&lt;p align="JUSTIFY" class="western" lang="es-CL" style="text-indent: 1.25cm; margin-bottom: 0.35cm; line-height: 115%"&gt;&lt;em&gt;Si no se encuentra actualmente en una relaci&#xF3;n o matrimonio con alguien, responda las preguntas en relaci&#xF3;n con una ex pareja o una relaci&#xF3;n que le gustar&#xED;a tener con alguien.&lt;/em&gt;&lt;/p&gt; : 8.-Temo que esta persona pueda abandonarme.</label>
        <groupsection idref="1"/>
        <box>
          <tlx>1659</tlx>
          <tly>2531</tly>
          <brx>1719</brx>
          <bry>2590</bry>
          <value>Apeg1</value>
          <label>Si</label>
        </box>
        <box>
          <tlx>1813</tlx>
          <tly>2531</tly>
          <brx>1872</brx>
          <bry>2590</bry>
          <value>Apeg2</value>
          <label>No</label>
        </box>
        <box>
          <tlx>1967</tlx>
          <tly>2531</tly>
          <brx>2026</brx>
          <bry>2590</bry>
          <value>Apeg3</value>
          <label>No aplica</label>
        </box>
      </boxgroup>
      <boxgroup>
        <type>1</type>
        <width>5</width>
        <varname>Apego3_Apeg27</varname>
        <sortorder>28</sortorder>
        <label>P { margin-bottom: 0cm; direction: ltr; color: rgb(0, 0, 0); line-height: 100%; text-align: justify; widows: 2; orphans: 2; }P.western { font-family: "Times New Roman",serif; font-size: 12pt; }P.cjk { font-family: "Times New Roman"; font-size: 12pt; }P.ctl { font-family: "Times New Roman"; font-size: 10p&#xD;
&#xD;
&lt;p align="JUSTIFY" class="western" lang="es-CL" style="text-indent: 1.25cm; margin-bottom: 0.35cm; line-height: 115%"&gt;Por favor conteste las siguientes preguntas sobre su &lt;u&gt;novio/a o pareja&lt;/u&gt; conyugal. &lt;/p&gt;&#xD;
&#xD;
&lt;p align="JUSTIFY" class="western" lang="es-CL" style="text-indent: 1.25cm; margin-bottom: 0.35cm; line-height: 115%"&gt;&lt;em&gt;Si no se encuentra actualmente en una relaci&#xF3;n o matrimonio con alguien, responda las preguntas en relaci&#xF3;n con una ex pareja o una relaci&#xF3;n que le gustar&#xED;a tener con alguien.&lt;/em&gt;&lt;/p&gt; : 9.-Me preocupa que esta persona no se preocupe tanto por m&#xED; como yo me preocupo por ella</label>
        <groupsection idref="1"/>
        <box>
          <tlx>1659</tlx>
          <tly>2655</tly>
          <brx>1719</brx>
          <bry>2714</bry>
          <value>Apeg1</value>
          <label>Si</label>
        </box>
        <box>
          <tlx>1813</tlx>
          <tly>2655</tly>
          <brx>1872</brx>
          <bry>2714</bry>
          <value>Apeg2</value>
          <label>No</label>
        </box>
        <box>
          <tlx>1967</tlx>
          <tly>2655</tly>
          <brx>2026</brx>
          <bry>2714</bry>
          <value>Apeg3</value>
          <label>No aplica</label>
        </box>
      </boxgroup>
    </page>
    <page>
      <id>57232403</id>
      <tlx>283</tlx>
      <tly>283</tly>
      <trx>2197</trx>
      <try>283</try>
      <brx>2197</brx>
      <bry>3224</bry>
      <blx>283</blx>
      <bly>3224</bly>
      <rotation>0</rotation>
      <boxgroup>
        <type>1</type>
        <width>5</width>
        <varname>Apego4_Apeg28</varname>
        <sortorder>29</sortorder>
        <label>P { margin-bottom: 0cm; direction: ltr; color: rgb(0, 0, 0); line-height: 100%; text-align: justify; widows: 2; orphans: 2; }P.western { font-family: "Times New Roman",serif; font-size: 12pt; }P.cjk { font-family: "Times New Roman"; font-size: 12pt; }P.ctl { font-family: "Times New Roman"; font-size: 10pt; }&#xD;
&#xD;
&lt;p align="LEFT" lang="es-CL" style="margin-left: 1.27cm; margin-bottom: 0.35cm; line-height: 115%"&gt;Por favor conteste las siguientes preguntas sobre su &lt;u&gt;mejor amigo/a&lt;/u&gt;.&lt;/p&gt; : 1.- Me ayuda acudir a esta persona en momentos de adversidad.</label>
        <groupsection idref="1"/>
        <box>
          <tlx>1659</tlx>
          <tly>744</tly>
          <brx>1719</brx>
          <bry>803</bry>
          <value>Apeg1</value>
          <label>Si</label>
        </box>
        <box>
          <tlx>1813</tlx>
          <tly>744</tly>
          <brx>1872</brx>
          <bry>803</bry>
          <value>Apeg2</value>
          <label>No</label>
        </box>
        <box>
          <tlx>1967</tlx>
          <tly>744</tly>
          <brx>2026</brx>
          <bry>803</bry>
          <value>Apeg3</value>
          <label>No aplica</label>
        </box>
      </boxgroup>
      <boxgroup>
        <type>1</type>
        <width>5</width>
        <varname>Apego4_Apeg29</varname>
        <sortorder>30</sortorder>
        <label>P { margin-bottom: 0cm; direction: ltr; color: rgb(0, 0, 0); line-height: 100%; text-align: justify; widows: 2; orphans: 2; }P.western { font-family: "Times New Roman",serif; font-size: 12pt; }P.cjk { font-family: "Times New Roman"; font-size: 12pt; }P.ctl { font-family: "Times New Roman"; font-size: 10pt; }&#xD;
&#xD;
&lt;p align="LEFT" lang="es-CL" style="margin-left: 1.27cm; margin-bottom: 0.35cm; line-height: 115%"&gt;Por favor conteste las siguientes preguntas sobre su &lt;u&gt;mejor amigo/a&lt;/u&gt;.&lt;/p&gt; : 2.- Suelo conversar de mis problemas y preocupaciones con esta persona.</label>
        <groupsection idref="1"/>
        <box>
          <tlx>1659</tlx>
          <tly>868</tly>
          <brx>1719</brx>
          <bry>927</bry>
          <value>Apeg1</value>
          <label>Si</label>
        </box>
        <box>
          <tlx>1813</tlx>
          <tly>868</tly>
          <brx>1872</brx>
          <bry>927</bry>
          <value>Apeg2</value>
          <label>No</label>
        </box>
        <box>
          <tlx>1967</tlx>
          <tly>868</tly>
          <brx>2026</brx>
          <bry>927</bry>
          <value>Apeg3</value>
          <label>No aplica</label>
        </box>
      </boxgroup>
      <boxgroup>
        <type>1</type>
        <width>5</width>
        <varname>Apego4_Apeg30</varname>
        <sortorder>31</sortorder>
        <label>P { margin-bottom: 0cm; direction: ltr; color: rgb(0, 0, 0); line-height: 100%; text-align: justify; widows: 2; orphans: 2; }P.western { font-family: "Times New Roman",serif; font-size: 12pt; }P.cjk { font-family: "Times New Roman"; font-size: 12pt; }P.ctl { font-family: "Times New Roman"; font-size: 10pt; }&#xD;
&#xD;
&lt;p align="LEFT" lang="es-CL" style="margin-left: 1.27cm; margin-bottom: 0.35cm; line-height: 115%"&gt;Por favor conteste las siguientes preguntas sobre su &lt;u&gt;mejor amigo/a&lt;/u&gt;.&lt;/p&gt; : 3.- Hablo m&#xE1;s de mis cosas con esta persona.</label>
        <groupsection idref="1"/>
        <box>
          <tlx>1659</tlx>
          <tly>992</tly>
          <brx>1719</brx>
          <bry>1051</bry>
          <value>Apeg1</value>
          <label>Si</label>
        </box>
        <box>
          <tlx>1813</tlx>
          <tly>992</tly>
          <brx>1872</brx>
          <bry>1051</bry>
          <value>Apeg2</value>
          <label>No</label>
        </box>
        <box>
          <tlx>1967</tlx>
          <tly>992</tly>
          <brx>2026</brx>
          <bry>1051</bry>
          <value>Apeg3</value>
          <label>No aplica</label>
        </box>
      </boxgroup>
      <boxgroup>
        <type>1</type>
        <width>5</width>
        <varname>Apego4_Apeg31</varname>
        <sortorder>32</sortorder>
        <label>P { margin-bottom: 0cm; direction: ltr; color: rgb(0, 0, 0); line-height: 100%; text-align: justify; widows: 2; orphans: 2; }P.western { font-family: "Times New Roman",serif; font-size: 12pt; }P.cjk { font-family: "Times New Roman"; font-size: 12pt; }P.ctl { font-family: "Times New Roman"; font-size: 10pt; }&#xD;
&#xD;
&lt;p align="LEFT" lang="es-CL" style="margin-left: 1.27cm; margin-bottom: 0.35cm; line-height: 115%"&gt;Por favor conteste las siguientes preguntas sobre su &lt;u&gt;mejor amigo/a&lt;/u&gt;.&lt;/p&gt; : 4.-Me resulta f&#xE1;cil depender emocionalmente de esta persona.</label>
        <groupsection idref="1"/>
        <box>
          <tlx>1659</tlx>
          <tly>1116</tly>
          <brx>1719</brx>
          <bry>1175</bry>
          <value>Apeg1</value>
          <label>Si</label>
        </box>
        <box>
          <tlx>1813</tlx>
          <tly>1116</tly>
          <brx>1872</brx>
          <bry>1175</bry>
          <value>Apeg2</value>
          <label>No</label>
        </box>
        <box>
          <tlx>1967</tlx>
          <tly>1116</tly>
          <brx>2026</brx>
          <bry>1175</bry>
          <value>Apeg3</value>
          <label>No aplica</label>
        </box>
      </boxgroup>
      <boxgroup>
        <type>1</type>
        <width>5</width>
        <varname>Apego4_Apeg32</varname>
        <sortorder>33</sortorder>
        <label>P { margin-bottom: 0cm; direction: ltr; color: rgb(0, 0, 0); line-height: 100%; text-align: justify; widows: 2; orphans: 2; }P.western { font-family: "Times New Roman",serif; font-size: 12pt; }P.cjk { font-family: "Times New Roman"; font-size: 12pt; }P.ctl { font-family: "Times New Roman"; font-size: 10pt; }&#xD;
&#xD;
&lt;p align="LEFT" lang="es-CL" style="margin-left: 1.27cm; margin-bottom: 0.35cm; line-height: 115%"&gt;Por favor conteste las siguientes preguntas sobre su &lt;u&gt;mejor amigo/a&lt;/u&gt;.&lt;/p&gt; : 5.- Me siento inc&#xF3;modo abri&#xE9;ndome con esta persona.</label>
        <groupsection idref="1"/>
        <box>
          <tlx>1659</tlx>
          <tly>1240</tly>
          <brx>1719</brx>
          <bry>1299</bry>
          <value>Apeg1</value>
          <label>Si</label>
        </box>
        <box>
          <tlx>1813</tlx>
          <tly>1240</tly>
          <brx>1872</brx>
          <bry>1299</bry>
          <value>Apeg2</value>
          <label>No</label>
        </box>
        <box>
          <tlx>1967</tlx>
          <tly>1240</tly>
          <brx>2026</brx>
          <bry>1299</bry>
          <value>Apeg3</value>
          <label>No aplica</label>
        </box>
      </boxgroup>
      <boxgroup>
        <type>1</type>
        <width>5</width>
        <varname>Apego4_Apeg33</varname>
        <sortorder>34</sortorder>
        <label>P { margin-bottom: 0cm; direction: ltr; color: rgb(0, 0, 0); line-height: 100%; text-align: justify; widows: 2; orphans: 2; }P.western { font-family: "Times New Roman",serif; font-size: 12pt; }P.cjk { font-family: "Times New Roman"; font-size: 12pt; }P.ctl { font-family: "Times New Roman"; font-size: 10pt; }&#xD;
&#xD;
&lt;p align="LEFT" lang="es-CL" style="margin-left: 1.27cm; margin-bottom: 0.35cm; line-height: 115%"&gt;Por favor conteste las siguientes preguntas sobre su &lt;u&gt;mejor amigo/a&lt;/u&gt;.&lt;/p&gt; : 6.-Prefiero no mostrarle a esta persona como en el fondo me siento.</label>
        <groupsection idref="1"/>
        <box>
          <tlx>1659</tlx>
          <tly>1364</tly>
          <brx>1719</brx>
          <bry>1423</bry>
          <value>Apeg1</value>
          <label>Si</label>
        </box>
        <box>
          <tlx>1813</tlx>
          <tly>1364</tly>
          <brx>1872</brx>
          <bry>1423</bry>
          <value>Apeg2</value>
          <label>No</label>
        </box>
        <box>
          <tlx>1967</tlx>
          <tly>1364</tly>
          <brx>2026</brx>
          <bry>1423</bry>
          <value>Apeg3</value>
          <label>No aplica</label>
        </box>
      </boxgroup>
      <boxgroup>
        <type>1</type>
        <width>5</width>
        <varname>Apego4_Apeg34</varname>
        <sortorder>35</sortorder>
        <label>P { margin-bottom: 0cm; direction: ltr; color: rgb(0, 0, 0); line-height: 100%; text-align: justify; widows: 2; orphans: 2; }P.western { font-family: "Times New Roman",serif; font-size: 12pt; }P.cjk { font-family: "Times New Roman"; font-size: 12pt; }P.ctl { font-family: "Times New Roman"; font-size: 10pt; }&#xD;
&#xD;
&lt;p align="LEFT" lang="es-CL" style="margin-left: 1.27cm; margin-bottom: 0.35cm; line-height: 115%"&gt;Por favor conteste las siguientes preguntas sobre su &lt;u&gt;mejor amigo/a&lt;/u&gt;.&lt;/p&gt; : 7.-Habitualmente me preocupa que yo no le importe realmente a esta persona.</label>
        <groupsection idref="1"/>
        <box>
          <tlx>1659</tlx>
          <tly>1488</tly>
          <brx>1719</brx>
          <bry>1548</bry>
          <value>Apeg1</value>
          <label>Si</label>
        </box>
        <box>
          <tlx>1813</tlx>
          <tly>1488</tly>
          <brx>1872</brx>
          <bry>1548</bry>
          <value>Apeg2</value>
          <label>No</label>
        </box>
        <box>
          <tlx>1967</tlx>
          <tly>1488</tly>
          <brx>2026</brx>
          <bry>1548</bry>
          <value>Apeg3</value>
          <label>No aplica</label>
        </box>
      </boxgroup>
      <boxgroup>
        <type>1</type>
        <width>5</width>
        <varname>Apego4_Apeg35</varname>
        <sortorder>36</sortorder>
        <label>P { margin-bottom: 0cm; direction: ltr; color: rgb(0, 0, 0); line-height: 100%; text-align: justify; widows: 2; orphans: 2; }P.western { font-family: "Times New Roman",serif; font-size: 12pt; }P.cjk { font-family: "Times New Roman"; font-size: 12pt; }P.ctl { font-family: "Times New Roman"; font-size: 10pt; }&#xD;
&#xD;
&lt;p align="LEFT" lang="es-CL" style="margin-left: 1.27cm; margin-bottom: 0.35cm; line-height: 115%"&gt;Por favor conteste las siguientes preguntas sobre su &lt;u&gt;mejor amigo/a&lt;/u&gt;.&lt;/p&gt; : 8.-Temo que esta persona pueda abandonarme.</label>
        <groupsection idref="1"/>
        <box>
          <tlx>1659</tlx>
          <tly>1612</tly>
          <brx>1719</brx>
          <bry>1672</bry>
          <value>Apeg1</value>
          <label>Si</label>
        </box>
        <box>
          <tlx>1813</tlx>
          <tly>1612</tly>
          <brx>1872</brx>
          <bry>1672</bry>
          <value>Apeg2</value>
          <label>No</label>
        </box>
        <box>
          <tlx>1967</tlx>
          <tly>1612</tly>
          <brx>2026</brx>
          <bry>1672</bry>
          <value>Apeg3</value>
          <label>No aplica</label>
        </box>
      </boxgroup>
      <boxgroup>
        <type>1</type>
        <width>5</width>
        <varname>Apego4_Apeg36</varname>
        <sortorder>37</sortorder>
        <label>P { margin-bottom: 0cm; direction: ltr; color: rgb(0, 0, 0); line-height: 100%; text-align: justify; widows: 2; orphans: 2; }P.western { font-family: "Times New Roman",serif; font-size: 12pt; }P.cjk { font-family: "Times New Roman"; font-size: 12pt; }P.ctl { font-family: "Times New Roman"; font-size: 10pt; }&#xD;
&#xD;
&lt;p align="LEFT" lang="es-CL" style="margin-left: 1.27cm; margin-bottom: 0.35cm; line-height: 115%"&gt;Por favor conteste las siguientes preguntas sobre su &lt;u&gt;mejor amigo/a&lt;/u&gt;.&lt;/p&gt; : 9.-Me preocupa que esta persona no se preocupe tanto por m&#xED; como yo me preocupo por ella.</label>
        <groupsection idref="1"/>
        <box>
          <tlx>1659</tlx>
          <tly>1736</tly>
          <brx>1719</brx>
          <bry>1796</bry>
          <value>Apeg1</value>
          <label>Si</label>
        </box>
        <box>
          <tlx>1813</tlx>
          <tly>1736</tly>
          <brx>1872</brx>
          <bry>1796</bry>
          <value>Apeg2</value>
          <label>No</label>
        </box>
        <box>
          <tlx>1967</tlx>
          <tly>1736</tly>
          <brx>2026</brx>
          <bry>1796</bry>
          <value>Apeg3</value>
          <label>No aplica</label>
        </box>
      </boxgroup>
    </page>
  </questionnaire>
</queXF>
