<?xml version="1.0" encoding="UTF-8"?>
<questionnaire id="983797">
  <title>Regulación emocional</title>
  <investigator/>
  <dataCollector/>
  <section id="275">
    <sectionInfo>
      <position>title</position>
      <text>Preguntas</text>
      <administration>self</administration>
    </sectionInfo>
    <question>
      <text>RUT (sin puntos, guión ni dígito verificador. Ejemplo si el rut es 17.736.727-1 escribir 17736727):</text>
      <response varName="RUT">
        <free>
          <format>integer</format>
          <length>8</length>
          <label/>
        </free>
      </response>
    </question>
    <question>
      <text>&lt;p style="margin-bottom: 0.11in; line-height: 108%"&gt;Nos gustaría hacerle algunas preguntas sobre su vida emocional, en particular, cómo usted controla (es decir, regula y maneja) sus emociones. &lt;/p&gt;&#13;
&#13;
&lt;p style="margin-bottom: 0.11in; line-height: 108%"&gt;Las siguientes preguntas involucran dos aspectos distintos de su vida emocional. Una es su experiencia emocional, o lo que sientes dentro. El otro es su expresión emocional, o cómo usted demuestra sus emociones en la manera que usted habla, gesto, o se comporta. &lt;/p&gt;&#13;
&#13;
&lt;p style="margin-bottom: 0.11in; line-height: 108%"&gt;Aunque algunas de las siguientes preguntas pueden parecer similares entre sí, difieren de maneras importantes. &lt;/p&gt;</text>
      <subQuestion varName="REMO1_RE01">
        <text>Cuando quiero sentir una emoción más positiva (como la alegría o la diversión), cambio lo que estoy pensando.</text>
      </subQuestion>
      <subQuestion varName="REMO1_RE02">
        <text>Mantengo mis emociones para mí mismo.</text>
      </subQuestion>
      <subQuestion varName="REMO1_RE03">
        <text>Cuando quiero sentir una emoción menos negativa (como tristeza o enojo), cambio lo que estoy pensando.</text>
      </subQuestion>
      <subQuestion varName="REMO1_RE04">
        <text>Cuando siento emociones positivas, tengo cuidado de no expresarlas.</text>
      </subQuestion>
      <subQuestion varName="REMO1_RE05">
        <text>Cuando me enfrento a una situación estresante, me hago pensar en ello de una manera que me ayuda a mantener la calma.</text>
      </subQuestion>
      <response varName="REMO1">
        <fixed>
          <category>
            <label>1 Muy en desacuerdo</label>
            <value>REMO1</value>
          </category>
          <category>
            <label>2</label>
            <value>REMO2</value>
          </category>
          <category>
            <label>3</label>
            <value>REMO3</value>
          </category>
          <category>
            <label>4 Neutral</label>
            <value>REMO4</value>
          </category>
          <category>
            <label>5</label>
            <value>REMO5</value>
          </category>
          <category>
            <label>6</label>
            <value>REMO6</value>
          </category>
          <category>
            <label>7 Muy de acuerdo</label>
            <value>REMO7</value>
          </category>
        </fixed>
      </response>
    </question>
    <question>
      <subQuestion varName="REMO2_RE06">
        <text>Controlo mis emociones al no expresarlas.</text>
      </subQuestion>
      <subQuestion varName="REMO2_RE07">
        <text>Cuando quiero sentir una emoción más positiva, cambio la forma en que pienso en la situación.</text>
      </subQuestion>
      <subQuestion varName="REMO2_RE08">
        <text>Controlo mis emociones cambiando la forma en que pienso sobre la situación en que estoy.</text>
      </subQuestion>
      <subQuestion varName="REMO2_RE09">
        <text>Cuando estoy sintiendo emociones negativas, me aseguro de no expresarlas.</text>
      </subQuestion>
      <subQuestion varName="REMO2_RE10">
        <text>Si quiero sentir una emoción menos negativa, cambio la forma en que pienso en la situación</text>
      </subQuestion>
      <response varName="REMO2">
        <fixed>
          <category>
            <label>1 Muy en desacuerdo</label>
            <value>REMO1</value>
          </category>
          <category>
            <label>2</label>
            <value>REMO2</value>
          </category>
          <category>
            <label>3</label>
            <value>REMO3</value>
          </category>
          <category>
            <label>4 Neutral</label>
            <value>REMO4</value>
          </category>
          <category>
            <label>5</label>
            <value>REMO5</value>
          </category>
          <category>
            <label>6</label>
            <value>REMO6</value>
          </category>
          <category>
            <label>7 Muy de acuerdo</label>
            <value>REMO7</value>
          </category>
        </fixed>
      </response>
    </question>
  </section>
</questionnaire>
