<?xml version="1.0"?>
<queXF>
  <questionnaire>
    <id>983797</id>
    <section id="1">
      <label>Preguntas</label>
      <title>Section A</title>
    </section>
    <page>
      <id>98379701</id>
      <tlx>283</tlx>
      <tly>283</tly>
      <trx>2197</trx>
      <try>283</try>
      <brx>2197</brx>
      <bry>3224</bry>
      <blx>283</blx>
      <bly>3224</bly>
      <rotation>0</rotation>
      <boxgroup>
        <type>4</type>
        <width>8</width>
        <varname>RUT</varname>
        <sortorder>1</sortorder>
        <label>RUT (sin puntos, gui&#xF3;n ni d&#xED;gito verificador. Ejemplo si el rut es 17.736.727-1 escribir 17736727):</label>
        <groupsection idref="1"/>
        <box>
          <tlx>1515</tlx>
          <tly>509</tly>
          <brx>1586</brx>
          <bry>603</bry>
          <value></value>
          <label></label>
        </box>
        <box>
          <tlx>1588</tlx>
          <tly>509</tly>
          <brx>1659</brx>
          <bry>603</bry>
          <value></value>
          <label></label>
        </box>
        <box>
          <tlx>1661</tlx>
          <tly>509</tly>
          <brx>1731</brx>
          <bry>603</bry>
          <value></value>
          <label></label>
        </box>
        <box>
          <tlx>1733</tlx>
          <tly>509</tly>
          <brx>1804</brx>
          <bry>603</bry>
          <value></value>
          <label></label>
        </box>
        <box>
          <tlx>1806</tlx>
          <tly>509</tly>
          <brx>1877</brx>
          <bry>603</bry>
          <value></value>
          <label></label>
        </box>
        <box>
          <tlx>1879</tlx>
          <tly>509</tly>
          <brx>1949</brx>
          <bry>603</bry>
          <value></value>
          <label></label>
        </box>
        <box>
          <tlx>1951</tlx>
          <tly>509</tly>
          <brx>2022</brx>
          <bry>603</bry>
          <value></value>
          <label></label>
        </box>
        <box>
          <tlx>2024</tlx>
          <tly>509</tly>
          <brx>2095</brx>
          <bry>603</bry>
          <value></value>
          <label></label>
        </box>
      </boxgroup>
      <boxgroup>
        <type>1</type>
        <width>5</width>
        <varname>REMO1_RE01</varname>
        <sortorder>2</sortorder>
        <label>&lt;p style="margin-bottom: 0.11in; line-height: 108%"&gt;Nos gustar&#xED;a hacerle algunas preguntas sobre su vida emocional, en particular, c&#xF3;mo usted controla (es decir, regula y maneja) sus emociones. &lt;/p&gt;&#xD;
&#xD;
&lt;p style="margin-bottom: 0.11in; line-height: 108%"&gt;Las siguientes preguntas involucran dos aspectos distintos de su vida emocional. Una es su experiencia emocional, o lo que sientes dentro. El otro es su expresi&#xF3;n emocional, o c&#xF3;mo usted demuestra sus emociones en la manera que usted habla, gesto, o se comporta. &lt;/p&gt;&#xD;
&#xD;
&lt;p style="margin-bottom: 0.11in; line-height: 108%"&gt;Aunque algunas de las siguientes preguntas pueden parecer similares entre s&#xED;, difieren de maneras importantes. &lt;/p&gt; : Cuando quiero sentir una emoci&#xF3;n m&#xE1;s positiva (como la alegr&#xED;a o la diversi&#xF3;n), cambio lo que estoy pensando.</label>
        <groupsection idref="1"/>
        <box>
          <tlx>1045</tlx>
          <tly>1431</tly>
          <brx>1104</brx>
          <bry>1490</bry>
          <value>REMO1</value>
          <label>1 Muy en desacuerdo</label>
        </box>
        <box>
          <tlx>1199</tlx>
          <tly>1431</tly>
          <brx>1258</brx>
          <bry>1490</bry>
          <value>REMO2</value>
          <label>2</label>
        </box>
        <box>
          <tlx>1352</tlx>
          <tly>1431</tly>
          <brx>1411</brx>
          <bry>1490</bry>
          <value>REMO3</value>
          <label>3</label>
        </box>
        <box>
          <tlx>1506</tlx>
          <tly>1431</tly>
          <brx>1565</brx>
          <bry>1490</bry>
          <value>REMO4</value>
          <label>4 Neutral</label>
        </box>
        <box>
          <tlx>1659</tlx>
          <tly>1431</tly>
          <brx>1719</brx>
          <bry>1490</bry>
          <value>REMO5</value>
          <label>5</label>
        </box>
        <box>
          <tlx>1813</tlx>
          <tly>1431</tly>
          <brx>1872</brx>
          <bry>1490</bry>
          <value>REMO6</value>
          <label>6</label>
        </box>
        <box>
          <tlx>1967</tlx>
          <tly>1431</tly>
          <brx>2026</brx>
          <bry>1490</bry>
          <value>REMO7</value>
          <label>7 Muy de acuerdo</label>
        </box>
      </boxgroup>
      <boxgroup>
        <type>1</type>
        <width>5</width>
        <varname>REMO1_RE02</varname>
        <sortorder>3</sortorder>
        <label>&lt;p style="margin-bottom: 0.11in; line-height: 108%"&gt;Nos gustar&#xED;a hacerle algunas preguntas sobre su vida emocional, en particular, c&#xF3;mo usted controla (es decir, regula y maneja) sus emociones. &lt;/p&gt;&#xD;
&#xD;
&lt;p style="margin-bottom: 0.11in; line-height: 108%"&gt;Las siguientes preguntas involucran dos aspectos distintos de su vida emocional. Una es su experiencia emocional, o lo que sientes dentro. El otro es su expresi&#xF3;n emocional, o c&#xF3;mo usted demuestra sus emociones en la manera que usted habla, gesto, o se comporta. &lt;/p&gt;&#xD;
&#xD;
&lt;p style="margin-bottom: 0.11in; line-height: 108%"&gt;Aunque algunas de las siguientes preguntas pueden parecer similares entre s&#xED;, difieren de maneras importantes. &lt;/p&gt; : Mantengo mis emociones para m&#xED; mismo.</label>
        <groupsection idref="1"/>
        <box>
          <tlx>1045</tlx>
          <tly>1586</tly>
          <brx>1104</brx>
          <bry>1645</bry>
          <value>REMO1</value>
          <label>1 Muy en desacuerdo</label>
        </box>
        <box>
          <tlx>1199</tlx>
          <tly>1586</tly>
          <brx>1258</brx>
          <bry>1645</bry>
          <value>REMO2</value>
          <label>2</label>
        </box>
        <box>
          <tlx>1352</tlx>
          <tly>1586</tly>
          <brx>1411</brx>
          <bry>1645</bry>
          <value>REMO3</value>
          <label>3</label>
        </box>
        <box>
          <tlx>1506</tlx>
          <tly>1586</tly>
          <brx>1565</brx>
          <bry>1645</bry>
          <value>REMO4</value>
          <label>4 Neutral</label>
        </box>
        <box>
          <tlx>1659</tlx>
          <tly>1586</tly>
          <brx>1719</brx>
          <bry>1645</bry>
          <value>REMO5</value>
          <label>5</label>
        </box>
        <box>
          <tlx>1813</tlx>
          <tly>1586</tly>
          <brx>1872</brx>
          <bry>1645</bry>
          <value>REMO6</value>
          <label>6</label>
        </box>
        <box>
          <tlx>1967</tlx>
          <tly>1586</tly>
          <brx>2026</brx>
          <bry>1645</bry>
          <value>REMO7</value>
          <label>7 Muy de acuerdo</label>
        </box>
      </boxgroup>
      <boxgroup>
        <type>1</type>
        <width>5</width>
        <varname>REMO1_RE03</varname>
        <sortorder>4</sortorder>
        <label>&lt;p style="margin-bottom: 0.11in; line-height: 108%"&gt;Nos gustar&#xED;a hacerle algunas preguntas sobre su vida emocional, en particular, c&#xF3;mo usted controla (es decir, regula y maneja) sus emociones. &lt;/p&gt;&#xD;
&#xD;
&lt;p style="margin-bottom: 0.11in; line-height: 108%"&gt;Las siguientes preguntas involucran dos aspectos distintos de su vida emocional. Una es su experiencia emocional, o lo que sientes dentro. El otro es su expresi&#xF3;n emocional, o c&#xF3;mo usted demuestra sus emociones en la manera que usted habla, gesto, o se comporta. &lt;/p&gt;&#xD;
&#xD;
&lt;p style="margin-bottom: 0.11in; line-height: 108%"&gt;Aunque algunas de las siguientes preguntas pueden parecer similares entre s&#xED;, difieren de maneras importantes. &lt;/p&gt; : Cuando quiero sentir una emoci&#xF3;n menos negativa (como tristeza o enojo), cambio lo que estoy pensando.</label>
        <groupsection idref="1"/>
        <box>
          <tlx>1045</tlx>
          <tly>1741</tly>
          <brx>1104</brx>
          <bry>1800</bry>
          <value>REMO1</value>
          <label>1 Muy en desacuerdo</label>
        </box>
        <box>
          <tlx>1199</tlx>
          <tly>1741</tly>
          <brx>1258</brx>
          <bry>1800</bry>
          <value>REMO2</value>
          <label>2</label>
        </box>
        <box>
          <tlx>1352</tlx>
          <tly>1741</tly>
          <brx>1411</brx>
          <bry>1800</bry>
          <value>REMO3</value>
          <label>3</label>
        </box>
        <box>
          <tlx>1506</tlx>
          <tly>1741</tly>
          <brx>1565</brx>
          <bry>1800</bry>
          <value>REMO4</value>
          <label>4 Neutral</label>
        </box>
        <box>
          <tlx>1659</tlx>
          <tly>1741</tly>
          <brx>1719</brx>
          <bry>1800</bry>
          <value>REMO5</value>
          <label>5</label>
        </box>
        <box>
          <tlx>1813</tlx>
          <tly>1741</tly>
          <brx>1872</brx>
          <bry>1800</bry>
          <value>REMO6</value>
          <label>6</label>
        </box>
        <box>
          <tlx>1967</tlx>
          <tly>1741</tly>
          <brx>2026</brx>
          <bry>1800</bry>
          <value>REMO7</value>
          <label>7 Muy de acuerdo</label>
        </box>
      </boxgroup>
      <boxgroup>
        <type>1</type>
        <width>5</width>
        <varname>REMO1_RE04</varname>
        <sortorder>5</sortorder>
        <label>&lt;p style="margin-bottom: 0.11in; line-height: 108%"&gt;Nos gustar&#xED;a hacerle algunas preguntas sobre su vida emocional, en particular, c&#xF3;mo usted controla (es decir, regula y maneja) sus emociones. &lt;/p&gt;&#xD;
&#xD;
&lt;p style="margin-bottom: 0.11in; line-height: 108%"&gt;Las siguientes preguntas involucran dos aspectos distintos de su vida emocional. Una es su experiencia emocional, o lo que sientes dentro. El otro es su expresi&#xF3;n emocional, o c&#xF3;mo usted demuestra sus emociones en la manera que usted habla, gesto, o se comporta. &lt;/p&gt;&#xD;
&#xD;
&lt;p style="margin-bottom: 0.11in; line-height: 108%"&gt;Aunque algunas de las siguientes preguntas pueden parecer similares entre s&#xED;, difieren de maneras importantes. &lt;/p&gt; : Cuando siento emociones positivas, tengo cuidado de no expresarlas.</label>
        <groupsection idref="1"/>
        <box>
          <tlx>1045</tlx>
          <tly>1896</tly>
          <brx>1104</brx>
          <bry>1955</bry>
          <value>REMO1</value>
          <label>1 Muy en desacuerdo</label>
        </box>
        <box>
          <tlx>1199</tlx>
          <tly>1896</tly>
          <brx>1258</brx>
          <bry>1955</bry>
          <value>REMO2</value>
          <label>2</label>
        </box>
        <box>
          <tlx>1352</tlx>
          <tly>1896</tly>
          <brx>1411</brx>
          <bry>1955</bry>
          <value>REMO3</value>
          <label>3</label>
        </box>
        <box>
          <tlx>1506</tlx>
          <tly>1896</tly>
          <brx>1565</brx>
          <bry>1955</bry>
          <value>REMO4</value>
          <label>4 Neutral</label>
        </box>
        <box>
          <tlx>1659</tlx>
          <tly>1896</tly>
          <brx>1719</brx>
          <bry>1955</bry>
          <value>REMO5</value>
          <label>5</label>
        </box>
        <box>
          <tlx>1813</tlx>
          <tly>1896</tly>
          <brx>1872</brx>
          <bry>1955</bry>
          <value>REMO6</value>
          <label>6</label>
        </box>
        <box>
          <tlx>1967</tlx>
          <tly>1896</tly>
          <brx>2026</brx>
          <bry>1955</bry>
          <value>REMO7</value>
          <label>7 Muy de acuerdo</label>
        </box>
      </boxgroup>
      <boxgroup>
        <type>1</type>
        <width>5</width>
        <varname>REMO1_RE05</varname>
        <sortorder>6</sortorder>
        <label>&lt;p style="margin-bottom: 0.11in; line-height: 108%"&gt;Nos gustar&#xED;a hacerle algunas preguntas sobre su vida emocional, en particular, c&#xF3;mo usted controla (es decir, regula y maneja) sus emociones. &lt;/p&gt;&#xD;
&#xD;
&lt;p style="margin-bottom: 0.11in; line-height: 108%"&gt;Las siguientes preguntas involucran dos aspectos distintos de su vida emocional. Una es su experiencia emocional, o lo que sientes dentro. El otro es su expresi&#xF3;n emocional, o c&#xF3;mo usted demuestra sus emociones en la manera que usted habla, gesto, o se comporta. &lt;/p&gt;&#xD;
&#xD;
&lt;p style="margin-bottom: 0.11in; line-height: 108%"&gt;Aunque algunas de las siguientes preguntas pueden parecer similares entre s&#xED;, difieren de maneras importantes. &lt;/p&gt; : Cuando me enfrento a una situaci&#xF3;n estresante, me hago pensar en ello de una manera que me ayuda a mantener la calma.</label>
        <groupsection idref="1"/>
        <box>
          <tlx>1045</tlx>
          <tly>2051</tly>
          <brx>1104</brx>
          <bry>2111</bry>
          <value>REMO1</value>
          <label>1 Muy en desacuerdo</label>
        </box>
        <box>
          <tlx>1199</tlx>
          <tly>2051</tly>
          <brx>1258</brx>
          <bry>2111</bry>
          <value>REMO2</value>
          <label>2</label>
        </box>
        <box>
          <tlx>1352</tlx>
          <tly>2051</tly>
          <brx>1411</brx>
          <bry>2111</bry>
          <value>REMO3</value>
          <label>3</label>
        </box>
        <box>
          <tlx>1506</tlx>
          <tly>2051</tly>
          <brx>1565</brx>
          <bry>2111</bry>
          <value>REMO4</value>
          <label>4 Neutral</label>
        </box>
        <box>
          <tlx>1659</tlx>
          <tly>2051</tly>
          <brx>1719</brx>
          <bry>2111</bry>
          <value>REMO5</value>
          <label>5</label>
        </box>
        <box>
          <tlx>1813</tlx>
          <tly>2051</tly>
          <brx>1872</brx>
          <bry>2111</bry>
          <value>REMO6</value>
          <label>6</label>
        </box>
        <box>
          <tlx>1967</tlx>
          <tly>2051</tly>
          <brx>2026</brx>
          <bry>2111</bry>
          <value>REMO7</value>
          <label>7 Muy de acuerdo</label>
        </box>
      </boxgroup>
      <boxgroup>
        <type>1</type>
        <width>5</width>
        <varname>REMO2_RE06</varname>
        <sortorder>7</sortorder>
        <label>Controlo mis emociones al no expresarlas.</label>
        <groupsection idref="1"/>
        <box>
          <tlx>1045</tlx>
          <tly>2399</tly>
          <brx>1104</brx>
          <bry>2458</bry>
          <value>REMO1</value>
          <label>1 Muy en desacuerdo</label>
        </box>
        <box>
          <tlx>1199</tlx>
          <tly>2399</tly>
          <brx>1258</brx>
          <bry>2458</bry>
          <value>REMO2</value>
          <label>2</label>
        </box>
        <box>
          <tlx>1352</tlx>
          <tly>2399</tly>
          <brx>1411</brx>
          <bry>2458</bry>
          <value>REMO3</value>
          <label>3</label>
        </box>
        <box>
          <tlx>1506</tlx>
          <tly>2399</tly>
          <brx>1565</brx>
          <bry>2458</bry>
          <value>REMO4</value>
          <label>4 Neutral</label>
        </box>
        <box>
          <tlx>1659</tlx>
          <tly>2399</tly>
          <brx>1719</brx>
          <bry>2458</bry>
          <value>REMO5</value>
          <label>5</label>
        </box>
        <box>
          <tlx>1813</tlx>
          <tly>2399</tly>
          <brx>1872</brx>
          <bry>2458</bry>
          <value>REMO6</value>
          <label>6</label>
        </box>
        <box>
          <tlx>1967</tlx>
          <tly>2399</tly>
          <brx>2026</brx>
          <bry>2458</bry>
          <value>REMO7</value>
          <label>7 Muy de acuerdo</label>
        </box>
      </boxgroup>
      <boxgroup>
        <type>1</type>
        <width>5</width>
        <varname>REMO2_RE07</varname>
        <sortorder>8</sortorder>
        <label>Cuando quiero sentir una emoci&#xF3;n m&#xE1;s positiva, cambio la forma en que pienso en la situaci&#xF3;n.</label>
        <groupsection idref="1"/>
        <box>
          <tlx>1045</tlx>
          <tly>2523</tly>
          <brx>1104</brx>
          <bry>2582</bry>
          <value>REMO1</value>
          <label>1 Muy en desacuerdo</label>
        </box>
        <box>
          <tlx>1199</tlx>
          <tly>2523</tly>
          <brx>1258</brx>
          <bry>2582</bry>
          <value>REMO2</value>
          <label>2</label>
        </box>
        <box>
          <tlx>1352</tlx>
          <tly>2523</tly>
          <brx>1411</brx>
          <bry>2582</bry>
          <value>REMO3</value>
          <label>3</label>
        </box>
        <box>
          <tlx>1506</tlx>
          <tly>2523</tly>
          <brx>1565</brx>
          <bry>2582</bry>
          <value>REMO4</value>
          <label>4 Neutral</label>
        </box>
        <box>
          <tlx>1659</tlx>
          <tly>2523</tly>
          <brx>1719</brx>
          <bry>2582</bry>
          <value>REMO5</value>
          <label>5</label>
        </box>
        <box>
          <tlx>1813</tlx>
          <tly>2523</tly>
          <brx>1872</brx>
          <bry>2582</bry>
          <value>REMO6</value>
          <label>6</label>
        </box>
        <box>
          <tlx>1967</tlx>
          <tly>2523</tly>
          <brx>2026</brx>
          <bry>2582</bry>
          <value>REMO7</value>
          <label>7 Muy de acuerdo</label>
        </box>
      </boxgroup>
      <boxgroup>
        <type>1</type>
        <width>5</width>
        <varname>REMO2_RE08</varname>
        <sortorder>9</sortorder>
        <label>Controlo mis emociones cambiando la forma en que pienso sobre la situaci&#xF3;n en que estoy.</label>
        <groupsection idref="1"/>
        <box>
          <tlx>1045</tlx>
          <tly>2647</tly>
          <brx>1104</brx>
          <bry>2706</bry>
          <value>REMO1</value>
          <label>1 Muy en desacuerdo</label>
        </box>
        <box>
          <tlx>1199</tlx>
          <tly>2647</tly>
          <brx>1258</brx>
          <bry>2706</bry>
          <value>REMO2</value>
          <label>2</label>
        </box>
        <box>
          <tlx>1352</tlx>
          <tly>2647</tly>
          <brx>1411</brx>
          <bry>2706</bry>
          <value>REMO3</value>
          <label>3</label>
        </box>
        <box>
          <tlx>1506</tlx>
          <tly>2647</tly>
          <brx>1565</brx>
          <bry>2706</bry>
          <value>REMO4</value>
          <label>4 Neutral</label>
        </box>
        <box>
          <tlx>1659</tlx>
          <tly>2647</tly>
          <brx>1719</brx>
          <bry>2706</bry>
          <value>REMO5</value>
          <label>5</label>
        </box>
        <box>
          <tlx>1813</tlx>
          <tly>2647</tly>
          <brx>1872</brx>
          <bry>2706</bry>
          <value>REMO6</value>
          <label>6</label>
        </box>
        <box>
          <tlx>1967</tlx>
          <tly>2647</tly>
          <brx>2026</brx>
          <bry>2706</bry>
          <value>REMO7</value>
          <label>7 Muy de acuerdo</label>
        </box>
      </boxgroup>
      <boxgroup>
        <type>1</type>
        <width>5</width>
        <varname>REMO2_RE09</varname>
        <sortorder>10</sortorder>
        <label>Cuando estoy sintiendo emociones negativas, me aseguro de no expresarlas.</label>
        <groupsection idref="1"/>
        <box>
          <tlx>1045</tlx>
          <tly>2771</tly>
          <brx>1104</brx>
          <bry>2830</bry>
          <value>REMO1</value>
          <label>1 Muy en desacuerdo</label>
        </box>
        <box>
          <tlx>1199</tlx>
          <tly>2771</tly>
          <brx>1258</brx>
          <bry>2830</bry>
          <value>REMO2</value>
          <label>2</label>
        </box>
        <box>
          <tlx>1352</tlx>
          <tly>2771</tly>
          <brx>1411</brx>
          <bry>2830</bry>
          <value>REMO3</value>
          <label>3</label>
        </box>
        <box>
          <tlx>1506</tlx>
          <tly>2771</tly>
          <brx>1565</brx>
          <bry>2830</bry>
          <value>REMO4</value>
          <label>4 Neutral</label>
        </box>
        <box>
          <tlx>1659</tlx>
          <tly>2771</tly>
          <brx>1719</brx>
          <bry>2830</bry>
          <value>REMO5</value>
          <label>5</label>
        </box>
        <box>
          <tlx>1813</tlx>
          <tly>2771</tly>
          <brx>1872</brx>
          <bry>2830</bry>
          <value>REMO6</value>
          <label>6</label>
        </box>
        <box>
          <tlx>1967</tlx>
          <tly>2771</tly>
          <brx>2026</brx>
          <bry>2830</bry>
          <value>REMO7</value>
          <label>7 Muy de acuerdo</label>
        </box>
      </boxgroup>
      <boxgroup>
        <type>1</type>
        <width>5</width>
        <varname>REMO2_RE10</varname>
        <sortorder>11</sortorder>
        <label>Si quiero sentir una emoci&#xF3;n menos negativa, cambio la forma en que pienso en la situaci&#xF3;n</label>
        <groupsection idref="1"/>
        <box>
          <tlx>1045</tlx>
          <tly>2895</tly>
          <brx>1104</brx>
          <bry>2954</bry>
          <value>REMO1</value>
          <label>1 Muy en desacuerdo</label>
        </box>
        <box>
          <tlx>1199</tlx>
          <tly>2895</tly>
          <brx>1258</brx>
          <bry>2954</bry>
          <value>REMO2</value>
          <label>2</label>
        </box>
        <box>
          <tlx>1352</tlx>
          <tly>2895</tly>
          <brx>1411</brx>
          <bry>2954</bry>
          <value>REMO3</value>
          <label>3</label>
        </box>
        <box>
          <tlx>1506</tlx>
          <tly>2895</tly>
          <brx>1565</brx>
          <bry>2954</bry>
          <value>REMO4</value>
          <label>4 Neutral</label>
        </box>
        <box>
          <tlx>1659</tlx>
          <tly>2895</tly>
          <brx>1719</brx>
          <bry>2954</bry>
          <value>REMO5</value>
          <label>5</label>
        </box>
        <box>
          <tlx>1813</tlx>
          <tly>2895</tly>
          <brx>1872</brx>
          <bry>2954</bry>
          <value>REMO6</value>
          <label>6</label>
        </box>
        <box>
          <tlx>1967</tlx>
          <tly>2895</tly>
          <brx>2026</brx>
          <bry>2954</bry>
          <value>REMO7</value>
          <label>7 Muy de acuerdo</label>
        </box>
      </boxgroup>
    </page>
  </questionnaire>
</queXF>
