<?xml version="1.0" encoding="UTF-8"?>
<questionnaire id="387487">
  <title>Escala AE Rosenberg</title>
  <investigator/>
  <dataCollector/>
  <section id="5">
    <sectionInfo>
      <position>title</position>
      <text>Preguntas</text>
      <administration>self</administration>
    </sectionInfo>
    <question>
      <text>RUT (sin puntos, guión ni dígito verificador. Ejemplo si el rut es 17.736.727-1 escribir 17736727):</text>
      <response varName="RUT">
        <free>
          <format>integer</format>
          <length>8</length>
          <label/>
        </free>
      </response>
    </question>
    <question>
      <text>&lt;p align="center" class="western" lang="es-MX"&gt; A continuación encontrará una lista de afirmaciones en torno a los sentimientos o pensamientos que tiene sobre &lt;u&gt;usted mismo/a&lt;/u&gt;. Marque la respuesta que más lo identifica.  &lt;/p&gt;</text>
      <subQuestion varName="EAR01_EAR01">
        <text>Siento que soy una persona digna de aprecio, al menos en igual medida que los demás.</text>
      </subQuestion>
      <subQuestion varName="EAR01_EAR02">
        <text>Creo que tengo un buen número de cualidades.</text>
      </subQuestion>
      <subQuestion varName="EAR01_EAR03">
        <text>En general me inclino a pensar que soy un/a fracasado/a.</text>
      </subQuestion>
      <subQuestion varName="EAR01_EAR04">
        <text>Soy capaz de hacer las cosas tan bien como la mayoría de la gente.</text>
      </subQuestion>
      <subQuestion varName="EAR01_EAR05">
        <text>Siento que no tengo muchos motivos para sentirme orgulloso/a de mi.</text>
      </subQuestion>
      <subQuestion varName="EAR01_EAR06">
        <text>Tengo una actitud positiva hacia mi mismo/a.</text>
      </subQuestion>
      <subQuestion varName="EAR01_EAR07">
        <text>En general, estoy satisfecho/a conmigo mismo/a.</text>
      </subQuestion>
      <subQuestion varName="EAR01_EAR08">
        <text>Desearía valorarme más a mi mismo/a.</text>
      </subQuestion>
      <subQuestion varName="EAR01_EAR09">
        <text>A veces me siento verdaderamente inútil.</text>
      </subQuestion>
      <subQuestion varName="EAR01_EAR10">
        <text>A veces pienso que no soy bueno/a para nada.</text>
      </subQuestion>
      <response varName="EAR01">
        <fixed>
          <category>
            <label>Muy de acuerdo</label>
            <value>EAR1</value>
          </category>
          <category>
            <label>De acuerdo</label>
            <value>EAR2</value>
          </category>
          <category>
            <label>En desacuerdo</label>
            <value>EAR3</value>
          </category>
          <category>
            <label>Muy en desacuerdo</label>
            <value>EAR4</value>
          </category>
        </fixed>
      </response>
    </question>
  </section>
</questionnaire>
