<?xml version="1.0"?>
<queXF>
  <questionnaire>
    <id>387487</id>
    <section id="1">
      <label>Preguntas</label>
      <title>Section A</title>
    </section>
    <page>
      <id>38748701</id>
      <tlx>283</tlx>
      <tly>283</tly>
      <trx>2197</trx>
      <try>283</try>
      <brx>2197</brx>
      <bry>3224</bry>
      <blx>283</blx>
      <bly>3224</bly>
      <rotation>0</rotation>
      <boxgroup>
        <type>4</type>
        <width>8</width>
        <varname>RUT</varname>
        <sortorder>1</sortorder>
        <label>RUT (sin puntos, gui&#xF3;n ni d&#xED;gito verificador. Ejemplo si el rut es 17.736.727-1 escribir 17736727):</label>
        <groupsection idref="1"/>
        <box>
          <tlx>1515</tlx>
          <tly>509</tly>
          <brx>1586</brx>
          <bry>603</bry>
          <value></value>
          <label></label>
        </box>
        <box>
          <tlx>1588</tlx>
          <tly>509</tly>
          <brx>1659</brx>
          <bry>603</bry>
          <value></value>
          <label></label>
        </box>
        <box>
          <tlx>1661</tlx>
          <tly>509</tly>
          <brx>1731</brx>
          <bry>603</bry>
          <value></value>
          <label></label>
        </box>
        <box>
          <tlx>1733</tlx>
          <tly>509</tly>
          <brx>1804</brx>
          <bry>603</bry>
          <value></value>
          <label></label>
        </box>
        <box>
          <tlx>1806</tlx>
          <tly>509</tly>
          <brx>1877</brx>
          <bry>603</bry>
          <value></value>
          <label></label>
        </box>
        <box>
          <tlx>1879</tlx>
          <tly>509</tly>
          <brx>1949</brx>
          <bry>603</bry>
          <value></value>
          <label></label>
        </box>
        <box>
          <tlx>1951</tlx>
          <tly>509</tly>
          <brx>2022</brx>
          <bry>603</bry>
          <value></value>
          <label></label>
        </box>
        <box>
          <tlx>2024</tlx>
          <tly>509</tly>
          <brx>2095</brx>
          <bry>603</bry>
          <value></value>
          <label></label>
        </box>
      </boxgroup>
      <boxgroup>
        <type>1</type>
        <width>4</width>
        <varname>EAR01_EAR01</varname>
        <sortorder>2</sortorder>
        <label>&lt;p align="center" class="western" lang="es-MX"&gt;&#xA0;A continuaci&#xF3;n encontrar&#xE1; una lista de afirmaciones en torno a los sentimientos o pensamientos que tiene sobre &lt;u&gt;usted mismo/a&lt;/u&gt;. Marque la respuesta que m&#xE1;s lo identifica.&#xA0; &lt;/p&gt; : Siento que soy una persona digna de aprecio, al menos en igual medida que los dem&#xE1;s.</label>
        <groupsection idref="1"/>
        <box>
          <tlx>1506</tlx>
          <tly>977</tly>
          <brx>1565</brx>
          <bry>1036</bry>
          <value>EAR1</value>
          <label>Muy de acuerdo</label>
        </box>
        <box>
          <tlx>1659</tlx>
          <tly>977</tly>
          <brx>1719</brx>
          <bry>1036</bry>
          <value>EAR2</value>
          <label>De acuerdo</label>
        </box>
        <box>
          <tlx>1813</tlx>
          <tly>977</tly>
          <brx>1872</brx>
          <bry>1036</bry>
          <value>EAR3</value>
          <label>En desacuerdo</label>
        </box>
        <box>
          <tlx>1967</tlx>
          <tly>977</tly>
          <brx>2026</brx>
          <bry>1036</bry>
          <value>EAR4</value>
          <label>Muy en desacuerdo</label>
        </box>
      </boxgroup>
      <boxgroup>
        <type>1</type>
        <width>4</width>
        <varname>EAR01_EAR02</varname>
        <sortorder>3</sortorder>
        <label>&lt;p align="center" class="western" lang="es-MX"&gt;&#xA0;A continuaci&#xF3;n encontrar&#xE1; una lista de afirmaciones en torno a los sentimientos o pensamientos que tiene sobre &lt;u&gt;usted mismo/a&lt;/u&gt;. Marque la respuesta que m&#xE1;s lo identifica.&#xA0; &lt;/p&gt; : Creo que tengo un buen n&#xFA;mero de cualidades.</label>
        <groupsection idref="1"/>
        <box>
          <tlx>1506</tlx>
          <tly>1101</tly>
          <brx>1565</brx>
          <bry>1160</bry>
          <value>EAR1</value>
          <label>Muy de acuerdo</label>
        </box>
        <box>
          <tlx>1659</tlx>
          <tly>1101</tly>
          <brx>1719</brx>
          <bry>1160</bry>
          <value>EAR2</value>
          <label>De acuerdo</label>
        </box>
        <box>
          <tlx>1813</tlx>
          <tly>1101</tly>
          <brx>1872</brx>
          <bry>1160</bry>
          <value>EAR3</value>
          <label>En desacuerdo</label>
        </box>
        <box>
          <tlx>1967</tlx>
          <tly>1101</tly>
          <brx>2026</brx>
          <bry>1160</bry>
          <value>EAR4</value>
          <label>Muy en desacuerdo</label>
        </box>
      </boxgroup>
      <boxgroup>
        <type>1</type>
        <width>4</width>
        <varname>EAR01_EAR03</varname>
        <sortorder>4</sortorder>
        <label>&lt;p align="center" class="western" lang="es-MX"&gt;&#xA0;A continuaci&#xF3;n encontrar&#xE1; una lista de afirmaciones en torno a los sentimientos o pensamientos que tiene sobre &lt;u&gt;usted mismo/a&lt;/u&gt;. Marque la respuesta que m&#xE1;s lo identifica.&#xA0; &lt;/p&gt; : En general me inclino a pensar que soy un/a fracasado/a.</label>
        <groupsection idref="1"/>
        <box>
          <tlx>1506</tlx>
          <tly>1225</tly>
          <brx>1565</brx>
          <bry>1284</bry>
          <value>EAR1</value>
          <label>Muy de acuerdo</label>
        </box>
        <box>
          <tlx>1659</tlx>
          <tly>1225</tly>
          <brx>1719</brx>
          <bry>1284</bry>
          <value>EAR2</value>
          <label>De acuerdo</label>
        </box>
        <box>
          <tlx>1813</tlx>
          <tly>1225</tly>
          <brx>1872</brx>
          <bry>1284</bry>
          <value>EAR3</value>
          <label>En desacuerdo</label>
        </box>
        <box>
          <tlx>1967</tlx>
          <tly>1225</tly>
          <brx>2026</brx>
          <bry>1284</bry>
          <value>EAR4</value>
          <label>Muy en desacuerdo</label>
        </box>
      </boxgroup>
      <boxgroup>
        <type>1</type>
        <width>4</width>
        <varname>EAR01_EAR04</varname>
        <sortorder>5</sortorder>
        <label>&lt;p align="center" class="western" lang="es-MX"&gt;&#xA0;A continuaci&#xF3;n encontrar&#xE1; una lista de afirmaciones en torno a los sentimientos o pensamientos que tiene sobre &lt;u&gt;usted mismo/a&lt;/u&gt;. Marque la respuesta que m&#xE1;s lo identifica.&#xA0; &lt;/p&gt; : Soy capaz de hacer las cosas tan bien como la mayor&#xED;a de la gente.</label>
        <groupsection idref="1"/>
        <box>
          <tlx>1506</tlx>
          <tly>1349</tly>
          <brx>1565</brx>
          <bry>1408</bry>
          <value>EAR1</value>
          <label>Muy de acuerdo</label>
        </box>
        <box>
          <tlx>1659</tlx>
          <tly>1349</tly>
          <brx>1719</brx>
          <bry>1408</bry>
          <value>EAR2</value>
          <label>De acuerdo</label>
        </box>
        <box>
          <tlx>1813</tlx>
          <tly>1349</tly>
          <brx>1872</brx>
          <bry>1408</bry>
          <value>EAR3</value>
          <label>En desacuerdo</label>
        </box>
        <box>
          <tlx>1967</tlx>
          <tly>1349</tly>
          <brx>2026</brx>
          <bry>1408</bry>
          <value>EAR4</value>
          <label>Muy en desacuerdo</label>
        </box>
      </boxgroup>
      <boxgroup>
        <type>1</type>
        <width>4</width>
        <varname>EAR01_EAR05</varname>
        <sortorder>6</sortorder>
        <label>&lt;p align="center" class="western" lang="es-MX"&gt;&#xA0;A continuaci&#xF3;n encontrar&#xE1; una lista de afirmaciones en torno a los sentimientos o pensamientos que tiene sobre &lt;u&gt;usted mismo/a&lt;/u&gt;. Marque la respuesta que m&#xE1;s lo identifica.&#xA0; &lt;/p&gt; : Siento que no tengo muchos motivos para sentirme orgulloso/a de mi.</label>
        <groupsection idref="1"/>
        <box>
          <tlx>1506</tlx>
          <tly>1473</tly>
          <brx>1565</brx>
          <bry>1532</bry>
          <value>EAR1</value>
          <label>Muy de acuerdo</label>
        </box>
        <box>
          <tlx>1659</tlx>
          <tly>1473</tly>
          <brx>1719</brx>
          <bry>1532</bry>
          <value>EAR2</value>
          <label>De acuerdo</label>
        </box>
        <box>
          <tlx>1813</tlx>
          <tly>1473</tly>
          <brx>1872</brx>
          <bry>1532</bry>
          <value>EAR3</value>
          <label>En desacuerdo</label>
        </box>
        <box>
          <tlx>1967</tlx>
          <tly>1473</tly>
          <brx>2026</brx>
          <bry>1532</bry>
          <value>EAR4</value>
          <label>Muy en desacuerdo</label>
        </box>
      </boxgroup>
      <boxgroup>
        <type>1</type>
        <width>4</width>
        <varname>EAR01_EAR06</varname>
        <sortorder>7</sortorder>
        <label>&lt;p align="center" class="western" lang="es-MX"&gt;&#xA0;A continuaci&#xF3;n encontrar&#xE1; una lista de afirmaciones en torno a los sentimientos o pensamientos que tiene sobre &lt;u&gt;usted mismo/a&lt;/u&gt;. Marque la respuesta que m&#xE1;s lo identifica.&#xA0; &lt;/p&gt; : Tengo una actitud positiva hacia mi mismo/a.</label>
        <groupsection idref="1"/>
        <box>
          <tlx>1506</tlx>
          <tly>1597</tly>
          <brx>1565</brx>
          <bry>1656</bry>
          <value>EAR1</value>
          <label>Muy de acuerdo</label>
        </box>
        <box>
          <tlx>1659</tlx>
          <tly>1597</tly>
          <brx>1719</brx>
          <bry>1656</bry>
          <value>EAR2</value>
          <label>De acuerdo</label>
        </box>
        <box>
          <tlx>1813</tlx>
          <tly>1597</tly>
          <brx>1872</brx>
          <bry>1656</bry>
          <value>EAR3</value>
          <label>En desacuerdo</label>
        </box>
        <box>
          <tlx>1967</tlx>
          <tly>1597</tly>
          <brx>2026</brx>
          <bry>1656</bry>
          <value>EAR4</value>
          <label>Muy en desacuerdo</label>
        </box>
      </boxgroup>
      <boxgroup>
        <type>1</type>
        <width>4</width>
        <varname>EAR01_EAR07</varname>
        <sortorder>8</sortorder>
        <label>&lt;p align="center" class="western" lang="es-MX"&gt;&#xA0;A continuaci&#xF3;n encontrar&#xE1; una lista de afirmaciones en torno a los sentimientos o pensamientos que tiene sobre &lt;u&gt;usted mismo/a&lt;/u&gt;. Marque la respuesta que m&#xE1;s lo identifica.&#xA0; &lt;/p&gt; : En general, estoy satisfecho/a conmigo mismo/a.</label>
        <groupsection idref="1"/>
        <box>
          <tlx>1506</tlx>
          <tly>1721</tly>
          <brx>1565</brx>
          <bry>1780</bry>
          <value>EAR1</value>
          <label>Muy de acuerdo</label>
        </box>
        <box>
          <tlx>1659</tlx>
          <tly>1721</tly>
          <brx>1719</brx>
          <bry>1780</bry>
          <value>EAR2</value>
          <label>De acuerdo</label>
        </box>
        <box>
          <tlx>1813</tlx>
          <tly>1721</tly>
          <brx>1872</brx>
          <bry>1780</bry>
          <value>EAR3</value>
          <label>En desacuerdo</label>
        </box>
        <box>
          <tlx>1967</tlx>
          <tly>1721</tly>
          <brx>2026</brx>
          <bry>1780</bry>
          <value>EAR4</value>
          <label>Muy en desacuerdo</label>
        </box>
      </boxgroup>
      <boxgroup>
        <type>1</type>
        <width>4</width>
        <varname>EAR01_EAR08</varname>
        <sortorder>9</sortorder>
        <label>&lt;p align="center" class="western" lang="es-MX"&gt;&#xA0;A continuaci&#xF3;n encontrar&#xE1; una lista de afirmaciones en torno a los sentimientos o pensamientos que tiene sobre &lt;u&gt;usted mismo/a&lt;/u&gt;. Marque la respuesta que m&#xE1;s lo identifica.&#xA0; &lt;/p&gt; : Desear&#xED;a valorarme m&#xE1;s a mi mismo/a.</label>
        <groupsection idref="1"/>
        <box>
          <tlx>1506</tlx>
          <tly>1845</tly>
          <brx>1565</brx>
          <bry>1904</bry>
          <value>EAR1</value>
          <label>Muy de acuerdo</label>
        </box>
        <box>
          <tlx>1659</tlx>
          <tly>1845</tly>
          <brx>1719</brx>
          <bry>1904</bry>
          <value>EAR2</value>
          <label>De acuerdo</label>
        </box>
        <box>
          <tlx>1813</tlx>
          <tly>1845</tly>
          <brx>1872</brx>
          <bry>1904</bry>
          <value>EAR3</value>
          <label>En desacuerdo</label>
        </box>
        <box>
          <tlx>1967</tlx>
          <tly>1845</tly>
          <brx>2026</brx>
          <bry>1904</bry>
          <value>EAR4</value>
          <label>Muy en desacuerdo</label>
        </box>
      </boxgroup>
      <boxgroup>
        <type>1</type>
        <width>4</width>
        <varname>EAR01_EAR09</varname>
        <sortorder>10</sortorder>
        <label>&lt;p align="center" class="western" lang="es-MX"&gt;&#xA0;A continuaci&#xF3;n encontrar&#xE1; una lista de afirmaciones en torno a los sentimientos o pensamientos que tiene sobre &lt;u&gt;usted mismo/a&lt;/u&gt;. Marque la respuesta que m&#xE1;s lo identifica.&#xA0; &lt;/p&gt; : A veces me siento verdaderamente in&#xFA;til.</label>
        <groupsection idref="1"/>
        <box>
          <tlx>1506</tlx>
          <tly>1969</tly>
          <brx>1565</brx>
          <bry>2028</bry>
          <value>EAR1</value>
          <label>Muy de acuerdo</label>
        </box>
        <box>
          <tlx>1659</tlx>
          <tly>1969</tly>
          <brx>1719</brx>
          <bry>2028</bry>
          <value>EAR2</value>
          <label>De acuerdo</label>
        </box>
        <box>
          <tlx>1813</tlx>
          <tly>1969</tly>
          <brx>1872</brx>
          <bry>2028</bry>
          <value>EAR3</value>
          <label>En desacuerdo</label>
        </box>
        <box>
          <tlx>1967</tlx>
          <tly>1969</tly>
          <brx>2026</brx>
          <bry>2028</bry>
          <value>EAR4</value>
          <label>Muy en desacuerdo</label>
        </box>
      </boxgroup>
      <boxgroup>
        <type>1</type>
        <width>4</width>
        <varname>EAR01_EAR10</varname>
        <sortorder>11</sortorder>
        <label>&lt;p align="center" class="western" lang="es-MX"&gt;&#xA0;A continuaci&#xF3;n encontrar&#xE1; una lista de afirmaciones en torno a los sentimientos o pensamientos que tiene sobre &lt;u&gt;usted mismo/a&lt;/u&gt;. Marque la respuesta que m&#xE1;s lo identifica.&#xA0; &lt;/p&gt; : A veces pienso que no soy bueno/a para nada.</label>
        <groupsection idref="1"/>
        <box>
          <tlx>1506</tlx>
          <tly>2093</tly>
          <brx>1565</brx>
          <bry>2152</bry>
          <value>EAR1</value>
          <label>Muy de acuerdo</label>
        </box>
        <box>
          <tlx>1659</tlx>
          <tly>2093</tly>
          <brx>1719</brx>
          <bry>2152</bry>
          <value>EAR2</value>
          <label>De acuerdo</label>
        </box>
        <box>
          <tlx>1813</tlx>
          <tly>2093</tly>
          <brx>1872</brx>
          <bry>2152</bry>
          <value>EAR3</value>
          <label>En desacuerdo</label>
        </box>
        <box>
          <tlx>1967</tlx>
          <tly>2093</tly>
          <brx>2026</brx>
          <bry>2152</bry>
          <value>EAR4</value>
          <label>Muy en desacuerdo</label>
        </box>
      </boxgroup>
    </page>
  </questionnaire>
</queXF>
