<?xml version="1.0"?>
<queXF>
  <questionnaire>
    <id>279271</id>
    <section id="1">
      <label>Preguntas</label>
      <title>Section A</title>
    </section>
    <page>
      <id>27927101</id>
      <tlx>283</tlx>
      <tly>283</tly>
      <trx>2197</trx>
      <try>283</try>
      <brx>2197</brx>
      <bry>3224</bry>
      <blx>283</blx>
      <bly>3224</bly>
      <rotation>0</rotation>
      <boxgroup>
        <type>4</type>
        <width>8</width>
        <varname>RUT</varname>
        <sortorder>1</sortorder>
        <label>RUT (sin puntos, gui&#xF3;n ni d&#xED;gito verificador. Ejemplo si el rut es 17.736.727-1 escribir 17736727):</label>
        <groupsection idref="1"/>
        <box>
          <tlx>1515</tlx>
          <tly>509</tly>
          <brx>1586</brx>
          <bry>603</bry>
          <value></value>
          <label></label>
        </box>
        <box>
          <tlx>1588</tlx>
          <tly>509</tly>
          <brx>1659</brx>
          <bry>603</bry>
          <value></value>
          <label></label>
        </box>
        <box>
          <tlx>1661</tlx>
          <tly>509</tly>
          <brx>1731</brx>
          <bry>603</bry>
          <value></value>
          <label></label>
        </box>
        <box>
          <tlx>1733</tlx>
          <tly>509</tly>
          <brx>1804</brx>
          <bry>603</bry>
          <value></value>
          <label></label>
        </box>
        <box>
          <tlx>1806</tlx>
          <tly>509</tly>
          <brx>1877</brx>
          <bry>603</bry>
          <value></value>
          <label></label>
        </box>
        <box>
          <tlx>1879</tlx>
          <tly>509</tly>
          <brx>1949</brx>
          <bry>603</bry>
          <value></value>
          <label></label>
        </box>
        <box>
          <tlx>1951</tlx>
          <tly>509</tly>
          <brx>2022</brx>
          <bry>603</bry>
          <value></value>
          <label></label>
        </box>
        <box>
          <tlx>2024</tlx>
          <tly>509</tly>
          <brx>2095</brx>
          <bry>603</bry>
          <value></value>
          <label></label>
        </box>
      </boxgroup>
      <boxgroup>
        <type>1</type>
        <width>5</width>
        <varname>Religiosidad_Reli01</varname>
        <sortorder>2</sortorder>
        <label>&lt;p class="western" lang="es-MX" style="text-align: justify;"&gt;&#xA0;Conteste las siguientes preguntas sobre fe religiosa seg&#xFA;n la siguiente escala:&lt;/p&gt;&#xD;
&#xD;
&lt;p class="western" lang="es-MX" style="text-align: justify;"&gt;1= Fuertemente en desacuerdo&lt;/p&gt;&#xD;
&#xD;
&lt;p class="western" lang="es-MX" style="text-align: justify;"&gt;2= En desacuerdo&lt;/p&gt;&#xD;
&#xD;
&lt;p class="western" lang="es-MX" style="text-align: justify;"&gt;3= De acuerdo&lt;/p&gt;&#xD;
&#xD;
&lt;p class="western" lang="es-MX" style="text-align: justify;"&gt;4= Fuertemente de acuerdo&lt;/p&gt;&#xD;
&#xD;
&lt;p class="western" lang="es-MX" style="text-align: justify;"&gt;&#xA0;&lt;/p&gt;&#xD;
&#xD;
&lt;p class="western" lang="es-MX" style="text-align: justify;"&gt;&#xA0; &lt;/p&gt; : Mi fe religiosa es extremadamente importante para m&#xED;</label>
        <groupsection idref="1"/>
        <box>
          <tlx>1506</tlx>
          <tly>1664</tly>
          <brx>1565</brx>
          <bry>1723</bry>
          <value>Reli1</value>
          <label>Fuertemente en desacuerdo</label>
        </box>
        <box>
          <tlx>1659</tlx>
          <tly>1664</tly>
          <brx>1719</brx>
          <bry>1723</bry>
          <value>Reli2</value>
          <label>En desacuerdo</label>
        </box>
        <box>
          <tlx>1813</tlx>
          <tly>1664</tly>
          <brx>1872</brx>
          <bry>1723</bry>
          <value>Reli3</value>
          <label>De acuerdo</label>
        </box>
        <box>
          <tlx>1967</tlx>
          <tly>1664</tly>
          <brx>2026</brx>
          <bry>1723</bry>
          <value>Reli4</value>
          <label>Fuertemente de acuerdo</label>
        </box>
      </boxgroup>
      <boxgroup>
        <type>1</type>
        <width>5</width>
        <varname>Religiosidad_Reli02</varname>
        <sortorder>3</sortorder>
        <label>&lt;p class="western" lang="es-MX" style="text-align: justify;"&gt;&#xA0;Conteste las siguientes preguntas sobre fe religiosa seg&#xFA;n la siguiente escala:&lt;/p&gt;&#xD;
&#xD;
&lt;p class="western" lang="es-MX" style="text-align: justify;"&gt;1= Fuertemente en desacuerdo&lt;/p&gt;&#xD;
&#xD;
&lt;p class="western" lang="es-MX" style="text-align: justify;"&gt;2= En desacuerdo&lt;/p&gt;&#xD;
&#xD;
&lt;p class="western" lang="es-MX" style="text-align: justify;"&gt;3= De acuerdo&lt;/p&gt;&#xD;
&#xD;
&lt;p class="western" lang="es-MX" style="text-align: justify;"&gt;4= Fuertemente de acuerdo&lt;/p&gt;&#xD;
&#xD;
&lt;p class="western" lang="es-MX" style="text-align: justify;"&gt;&#xA0;&lt;/p&gt;&#xD;
&#xD;
&lt;p class="western" lang="es-MX" style="text-align: justify;"&gt;&#xA0; &lt;/p&gt; : Rezo a diario</label>
        <groupsection idref="1"/>
        <box>
          <tlx>1506</tlx>
          <tly>1788</tly>
          <brx>1565</brx>
          <bry>1847</bry>
          <value>Reli1</value>
          <label>Fuertemente en desacuerdo</label>
        </box>
        <box>
          <tlx>1659</tlx>
          <tly>1788</tly>
          <brx>1719</brx>
          <bry>1847</bry>
          <value>Reli2</value>
          <label>En desacuerdo</label>
        </box>
        <box>
          <tlx>1813</tlx>
          <tly>1788</tly>
          <brx>1872</brx>
          <bry>1847</bry>
          <value>Reli3</value>
          <label>De acuerdo</label>
        </box>
        <box>
          <tlx>1967</tlx>
          <tly>1788</tly>
          <brx>2026</brx>
          <bry>1847</bry>
          <value>Reli4</value>
          <label>Fuertemente de acuerdo</label>
        </box>
      </boxgroup>
      <boxgroup>
        <type>1</type>
        <width>5</width>
        <varname>Religiosidad_Reli03</varname>
        <sortorder>4</sortorder>
        <label>&lt;p class="western" lang="es-MX" style="text-align: justify;"&gt;&#xA0;Conteste las siguientes preguntas sobre fe religiosa seg&#xFA;n la siguiente escala:&lt;/p&gt;&#xD;
&#xD;
&lt;p class="western" lang="es-MX" style="text-align: justify;"&gt;1= Fuertemente en desacuerdo&lt;/p&gt;&#xD;
&#xD;
&lt;p class="western" lang="es-MX" style="text-align: justify;"&gt;2= En desacuerdo&lt;/p&gt;&#xD;
&#xD;
&lt;p class="western" lang="es-MX" style="text-align: justify;"&gt;3= De acuerdo&lt;/p&gt;&#xD;
&#xD;
&lt;p class="western" lang="es-MX" style="text-align: justify;"&gt;4= Fuertemente de acuerdo&lt;/p&gt;&#xD;
&#xD;
&lt;p class="western" lang="es-MX" style="text-align: justify;"&gt;&#xA0;&lt;/p&gt;&#xD;
&#xD;
&lt;p class="western" lang="es-MX" style="text-align: justify;"&gt;&#xA0; &lt;/p&gt; : Considero mi fe una fuente de inspiraci&#xF3;n</label>
        <groupsection idref="1"/>
        <box>
          <tlx>1506</tlx>
          <tly>1912</tly>
          <brx>1565</brx>
          <bry>1971</bry>
          <value>Reli1</value>
          <label>Fuertemente en desacuerdo</label>
        </box>
        <box>
          <tlx>1659</tlx>
          <tly>1912</tly>
          <brx>1719</brx>
          <bry>1971</bry>
          <value>Reli2</value>
          <label>En desacuerdo</label>
        </box>
        <box>
          <tlx>1813</tlx>
          <tly>1912</tly>
          <brx>1872</brx>
          <bry>1971</bry>
          <value>Reli3</value>
          <label>De acuerdo</label>
        </box>
        <box>
          <tlx>1967</tlx>
          <tly>1912</tly>
          <brx>2026</brx>
          <bry>1971</bry>
          <value>Reli4</value>
          <label>Fuertemente de acuerdo</label>
        </box>
      </boxgroup>
      <boxgroup>
        <type>1</type>
        <width>5</width>
        <varname>Religiosidad_Reli04</varname>
        <sortorder>5</sortorder>
        <label>&lt;p class="western" lang="es-MX" style="text-align: justify;"&gt;&#xA0;Conteste las siguientes preguntas sobre fe religiosa seg&#xFA;n la siguiente escala:&lt;/p&gt;&#xD;
&#xD;
&lt;p class="western" lang="es-MX" style="text-align: justify;"&gt;1= Fuertemente en desacuerdo&lt;/p&gt;&#xD;
&#xD;
&lt;p class="western" lang="es-MX" style="text-align: justify;"&gt;2= En desacuerdo&lt;/p&gt;&#xD;
&#xD;
&lt;p class="western" lang="es-MX" style="text-align: justify;"&gt;3= De acuerdo&lt;/p&gt;&#xD;
&#xD;
&lt;p class="western" lang="es-MX" style="text-align: justify;"&gt;4= Fuertemente de acuerdo&lt;/p&gt;&#xD;
&#xD;
&lt;p class="western" lang="es-MX" style="text-align: justify;"&gt;&#xA0;&lt;/p&gt;&#xD;
&#xD;
&lt;p class="western" lang="es-MX" style="text-align: justify;"&gt;&#xA0; &lt;/p&gt; : Considero que mi fe le otorga significado y prop&#xF3;sito a mi vida</label>
        <groupsection idref="1"/>
        <box>
          <tlx>1506</tlx>
          <tly>2036</tly>
          <brx>1565</brx>
          <bry>2095</bry>
          <value>Reli1</value>
          <label>Fuertemente en desacuerdo</label>
        </box>
        <box>
          <tlx>1659</tlx>
          <tly>2036</tly>
          <brx>1719</brx>
          <bry>2095</bry>
          <value>Reli2</value>
          <label>En desacuerdo</label>
        </box>
        <box>
          <tlx>1813</tlx>
          <tly>2036</tly>
          <brx>1872</brx>
          <bry>2095</bry>
          <value>Reli3</value>
          <label>De acuerdo</label>
        </box>
        <box>
          <tlx>1967</tlx>
          <tly>2036</tly>
          <brx>2026</brx>
          <bry>2095</bry>
          <value>Reli4</value>
          <label>Fuertemente de acuerdo</label>
        </box>
      </boxgroup>
      <boxgroup>
        <type>1</type>
        <width>5</width>
        <varname>Religiosidad_Reli05</varname>
        <sortorder>6</sortorder>
        <label>&lt;p class="western" lang="es-MX" style="text-align: justify;"&gt;&#xA0;Conteste las siguientes preguntas sobre fe religiosa seg&#xFA;n la siguiente escala:&lt;/p&gt;&#xD;
&#xD;
&lt;p class="western" lang="es-MX" style="text-align: justify;"&gt;1= Fuertemente en desacuerdo&lt;/p&gt;&#xD;
&#xD;
&lt;p class="western" lang="es-MX" style="text-align: justify;"&gt;2= En desacuerdo&lt;/p&gt;&#xD;
&#xD;
&lt;p class="western" lang="es-MX" style="text-align: justify;"&gt;3= De acuerdo&lt;/p&gt;&#xD;
&#xD;
&lt;p class="western" lang="es-MX" style="text-align: justify;"&gt;4= Fuertemente de acuerdo&lt;/p&gt;&#xD;
&#xD;
&lt;p class="western" lang="es-MX" style="text-align: justify;"&gt;&#xA0;&lt;/p&gt;&#xD;
&#xD;
&lt;p class="western" lang="es-MX" style="text-align: justify;"&gt;&#xA0; &lt;/p&gt; : Me considero activo en mi fe o iglesia</label>
        <groupsection idref="1"/>
        <box>
          <tlx>1506</tlx>
          <tly>2160</tly>
          <brx>1565</brx>
          <bry>2219</bry>
          <value>Reli1</value>
          <label>Fuertemente en desacuerdo</label>
        </box>
        <box>
          <tlx>1659</tlx>
          <tly>2160</tly>
          <brx>1719</brx>
          <bry>2219</bry>
          <value>Reli2</value>
          <label>En desacuerdo</label>
        </box>
        <box>
          <tlx>1813</tlx>
          <tly>2160</tly>
          <brx>1872</brx>
          <bry>2219</bry>
          <value>Reli3</value>
          <label>De acuerdo</label>
        </box>
        <box>
          <tlx>1967</tlx>
          <tly>2160</tly>
          <brx>2026</brx>
          <bry>2219</bry>
          <value>Reli4</value>
          <label>Fuertemente de acuerdo</label>
        </box>
      </boxgroup>
      <boxgroup>
        <type>1</type>
        <width>5</width>
        <varname>Religiosidad_Reli06</varname>
        <sortorder>7</sortorder>
        <label>&lt;p class="western" lang="es-MX" style="text-align: justify;"&gt;&#xA0;Conteste las siguientes preguntas sobre fe religiosa seg&#xFA;n la siguiente escala:&lt;/p&gt;&#xD;
&#xD;
&lt;p class="western" lang="es-MX" style="text-align: justify;"&gt;1= Fuertemente en desacuerdo&lt;/p&gt;&#xD;
&#xD;
&lt;p class="western" lang="es-MX" style="text-align: justify;"&gt;2= En desacuerdo&lt;/p&gt;&#xD;
&#xD;
&lt;p class="western" lang="es-MX" style="text-align: justify;"&gt;3= De acuerdo&lt;/p&gt;&#xD;
&#xD;
&lt;p class="western" lang="es-MX" style="text-align: justify;"&gt;4= Fuertemente de acuerdo&lt;/p&gt;&#xD;
&#xD;
&lt;p class="western" lang="es-MX" style="text-align: justify;"&gt;&#xA0;&lt;/p&gt;&#xD;
&#xD;
&lt;p class="western" lang="es-MX" style="text-align: justify;"&gt;&#xA0; &lt;/p&gt; : Mi fe es parte importante de qui&#xE9;n soy como persona</label>
        <groupsection idref="1"/>
        <box>
          <tlx>1506</tlx>
          <tly>2284</tly>
          <brx>1565</brx>
          <bry>2344</bry>
          <value>Reli1</value>
          <label>Fuertemente en desacuerdo</label>
        </box>
        <box>
          <tlx>1659</tlx>
          <tly>2284</tly>
          <brx>1719</brx>
          <bry>2344</bry>
          <value>Reli2</value>
          <label>En desacuerdo</label>
        </box>
        <box>
          <tlx>1813</tlx>
          <tly>2284</tly>
          <brx>1872</brx>
          <bry>2344</bry>
          <value>Reli3</value>
          <label>De acuerdo</label>
        </box>
        <box>
          <tlx>1967</tlx>
          <tly>2284</tly>
          <brx>2026</brx>
          <bry>2344</bry>
          <value>Reli4</value>
          <label>Fuertemente de acuerdo</label>
        </box>
      </boxgroup>
      <boxgroup>
        <type>1</type>
        <width>5</width>
        <varname>Religiosidad_Reli07</varname>
        <sortorder>8</sortorder>
        <label>&lt;p class="western" lang="es-MX" style="text-align: justify;"&gt;&#xA0;Conteste las siguientes preguntas sobre fe religiosa seg&#xFA;n la siguiente escala:&lt;/p&gt;&#xD;
&#xD;
&lt;p class="western" lang="es-MX" style="text-align: justify;"&gt;1= Fuertemente en desacuerdo&lt;/p&gt;&#xD;
&#xD;
&lt;p class="western" lang="es-MX" style="text-align: justify;"&gt;2= En desacuerdo&lt;/p&gt;&#xD;
&#xD;
&lt;p class="western" lang="es-MX" style="text-align: justify;"&gt;3= De acuerdo&lt;/p&gt;&#xD;
&#xD;
&lt;p class="western" lang="es-MX" style="text-align: justify;"&gt;4= Fuertemente de acuerdo&lt;/p&gt;&#xD;
&#xD;
&lt;p class="western" lang="es-MX" style="text-align: justify;"&gt;&#xA0;&lt;/p&gt;&#xD;
&#xD;
&lt;p class="western" lang="es-MX" style="text-align: justify;"&gt;&#xA0; &lt;/p&gt; : Mi relaci&#xF3;n con Dios es extremadamente importante para m&#xED;</label>
        <groupsection idref="1"/>
        <box>
          <tlx>1506</tlx>
          <tly>2408</tly>
          <brx>1565</brx>
          <bry>2468</bry>
          <value>Reli1</value>
          <label>Fuertemente en desacuerdo</label>
        </box>
        <box>
          <tlx>1659</tlx>
          <tly>2408</tly>
          <brx>1719</brx>
          <bry>2468</bry>
          <value>Reli2</value>
          <label>En desacuerdo</label>
        </box>
        <box>
          <tlx>1813</tlx>
          <tly>2408</tly>
          <brx>1872</brx>
          <bry>2468</bry>
          <value>Reli3</value>
          <label>De acuerdo</label>
        </box>
        <box>
          <tlx>1967</tlx>
          <tly>2408</tly>
          <brx>2026</brx>
          <bry>2468</bry>
          <value>Reli4</value>
          <label>Fuertemente de acuerdo</label>
        </box>
      </boxgroup>
      <boxgroup>
        <type>1</type>
        <width>5</width>
        <varname>Religiosidad_Reli08</varname>
        <sortorder>9</sortorder>
        <label>&lt;p class="western" lang="es-MX" style="text-align: justify;"&gt;&#xA0;Conteste las siguientes preguntas sobre fe religiosa seg&#xFA;n la siguiente escala:&lt;/p&gt;&#xD;
&#xD;
&lt;p class="western" lang="es-MX" style="text-align: justify;"&gt;1= Fuertemente en desacuerdo&lt;/p&gt;&#xD;
&#xD;
&lt;p class="western" lang="es-MX" style="text-align: justify;"&gt;2= En desacuerdo&lt;/p&gt;&#xD;
&#xD;
&lt;p class="western" lang="es-MX" style="text-align: justify;"&gt;3= De acuerdo&lt;/p&gt;&#xD;
&#xD;
&lt;p class="western" lang="es-MX" style="text-align: justify;"&gt;4= Fuertemente de acuerdo&lt;/p&gt;&#xD;
&#xD;
&lt;p class="western" lang="es-MX" style="text-align: justify;"&gt;&#xA0;&lt;/p&gt;&#xD;
&#xD;
&lt;p class="western" lang="es-MX" style="text-align: justify;"&gt;&#xA0; &lt;/p&gt; : Disfruto estando al rededor de otras personas que comparten mi fe</label>
        <groupsection idref="1"/>
        <box>
          <tlx>1506</tlx>
          <tly>2532</tly>
          <brx>1565</brx>
          <bry>2592</bry>
          <value>Reli1</value>
          <label>Fuertemente en desacuerdo</label>
        </box>
        <box>
          <tlx>1659</tlx>
          <tly>2532</tly>
          <brx>1719</brx>
          <bry>2592</bry>
          <value>Reli2</value>
          <label>En desacuerdo</label>
        </box>
        <box>
          <tlx>1813</tlx>
          <tly>2532</tly>
          <brx>1872</brx>
          <bry>2592</bry>
          <value>Reli3</value>
          <label>De acuerdo</label>
        </box>
        <box>
          <tlx>1967</tlx>
          <tly>2532</tly>
          <brx>2026</brx>
          <bry>2592</bry>
          <value>Reli4</value>
          <label>Fuertemente de acuerdo</label>
        </box>
      </boxgroup>
      <boxgroup>
        <type>1</type>
        <width>5</width>
        <varname>Religiosidad_Reli09</varname>
        <sortorder>10</sortorder>
        <label>&lt;p class="western" lang="es-MX" style="text-align: justify;"&gt;&#xA0;Conteste las siguientes preguntas sobre fe religiosa seg&#xFA;n la siguiente escala:&lt;/p&gt;&#xD;
&#xD;
&lt;p class="western" lang="es-MX" style="text-align: justify;"&gt;1= Fuertemente en desacuerdo&lt;/p&gt;&#xD;
&#xD;
&lt;p class="western" lang="es-MX" style="text-align: justify;"&gt;2= En desacuerdo&lt;/p&gt;&#xD;
&#xD;
&lt;p class="western" lang="es-MX" style="text-align: justify;"&gt;3= De acuerdo&lt;/p&gt;&#xD;
&#xD;
&lt;p class="western" lang="es-MX" style="text-align: justify;"&gt;4= Fuertemente de acuerdo&lt;/p&gt;&#xD;
&#xD;
&lt;p class="western" lang="es-MX" style="text-align: justify;"&gt;&#xA0;&lt;/p&gt;&#xD;
&#xD;
&lt;p class="western" lang="es-MX" style="text-align: justify;"&gt;&#xA0; &lt;/p&gt; : Veo mi fe como una fuente de comodidad</label>
        <groupsection idref="1"/>
        <box>
          <tlx>1506</tlx>
          <tly>2656</tly>
          <brx>1565</brx>
          <bry>2716</bry>
          <value>Reli1</value>
          <label>Fuertemente en desacuerdo</label>
        </box>
        <box>
          <tlx>1659</tlx>
          <tly>2656</tly>
          <brx>1719</brx>
          <bry>2716</bry>
          <value>Reli2</value>
          <label>En desacuerdo</label>
        </box>
        <box>
          <tlx>1813</tlx>
          <tly>2656</tly>
          <brx>1872</brx>
          <bry>2716</bry>
          <value>Reli3</value>
          <label>De acuerdo</label>
        </box>
        <box>
          <tlx>1967</tlx>
          <tly>2656</tly>
          <brx>2026</brx>
          <bry>2716</bry>
          <value>Reli4</value>
          <label>Fuertemente de acuerdo</label>
        </box>
      </boxgroup>
      <boxgroup>
        <type>1</type>
        <width>5</width>
        <varname>Religiosidad_Reli10</varname>
        <sortorder>11</sortorder>
        <label>&lt;p class="western" lang="es-MX" style="text-align: justify;"&gt;&#xA0;Conteste las siguientes preguntas sobre fe religiosa seg&#xFA;n la siguiente escala:&lt;/p&gt;&#xD;
&#xD;
&lt;p class="western" lang="es-MX" style="text-align: justify;"&gt;1= Fuertemente en desacuerdo&lt;/p&gt;&#xD;
&#xD;
&lt;p class="western" lang="es-MX" style="text-align: justify;"&gt;2= En desacuerdo&lt;/p&gt;&#xD;
&#xD;
&lt;p class="western" lang="es-MX" style="text-align: justify;"&gt;3= De acuerdo&lt;/p&gt;&#xD;
&#xD;
&lt;p class="western" lang="es-MX" style="text-align: justify;"&gt;4= Fuertemente de acuerdo&lt;/p&gt;&#xD;
&#xD;
&lt;p class="western" lang="es-MX" style="text-align: justify;"&gt;&#xA0;&lt;/p&gt;&#xD;
&#xD;
&lt;p class="western" lang="es-MX" style="text-align: justify;"&gt;&#xA0; &lt;/p&gt; : Mi fe influye en muchas de mis decisiones</label>
        <groupsection idref="1"/>
        <box>
          <tlx>1506</tlx>
          <tly>2781</tly>
          <brx>1565</brx>
          <bry>2840</bry>
          <value>Reli1</value>
          <label>Fuertemente en desacuerdo</label>
        </box>
        <box>
          <tlx>1659</tlx>
          <tly>2781</tly>
          <brx>1719</brx>
          <bry>2840</bry>
          <value>Reli2</value>
          <label>En desacuerdo</label>
        </box>
        <box>
          <tlx>1813</tlx>
          <tly>2781</tly>
          <brx>1872</brx>
          <bry>2840</bry>
          <value>Reli3</value>
          <label>De acuerdo</label>
        </box>
        <box>
          <tlx>1967</tlx>
          <tly>2781</tly>
          <brx>2026</brx>
          <bry>2840</bry>
          <value>Reli4</value>
          <label>Fuertemente de acuerdo</label>
        </box>
      </boxgroup>
    </page>
  </questionnaire>
</queXF>
