<?xml version="1.0" encoding="UTF-8"?>
<questionnaire id="279271">
  <title>Religiosidad</title>
  <investigator/>
  <dataCollector/>
  <section id="285">
    <sectionInfo>
      <position>title</position>
      <text>Preguntas</text>
      <administration>self</administration>
    </sectionInfo>
    <question>
      <text>RUT (sin puntos, guión ni dígito verificador. Ejemplo si el rut es 17.736.727-1 escribir 17736727):</text>
      <response varName="RUT">
        <free>
          <format>integer</format>
          <length>8</length>
          <label/>
        </free>
      </response>
    </question>
    <question>
      <text>&lt;p class="western" lang="es-MX" style="text-align: justify;"&gt; Conteste las siguientes preguntas sobre fe religiosa según la siguiente escala:&lt;/p&gt;&#13;
&#13;
&lt;p class="western" lang="es-MX" style="text-align: justify;"&gt;1= Fuertemente en desacuerdo&lt;/p&gt;&#13;
&#13;
&lt;p class="western" lang="es-MX" style="text-align: justify;"&gt;2= En desacuerdo&lt;/p&gt;&#13;
&#13;
&lt;p class="western" lang="es-MX" style="text-align: justify;"&gt;3= De acuerdo&lt;/p&gt;&#13;
&#13;
&lt;p class="western" lang="es-MX" style="text-align: justify;"&gt;4= Fuertemente de acuerdo&lt;/p&gt;&#13;
&#13;
&lt;p class="western" lang="es-MX" style="text-align: justify;"&gt; &lt;/p&gt;&#13;
&#13;
&lt;p class="western" lang="es-MX" style="text-align: justify;"&gt;  &lt;/p&gt;</text>
      <subQuestion varName="Religiosidad_Reli01">
        <text>Mi fe religiosa es extremadamente importante para mí</text>
      </subQuestion>
      <subQuestion varName="Religiosidad_Reli02">
        <text>Rezo a diario</text>
      </subQuestion>
      <subQuestion varName="Religiosidad_Reli03">
        <text>Considero mi fe una fuente de inspiración</text>
      </subQuestion>
      <subQuestion varName="Religiosidad_Reli04">
        <text>Considero que mi fe le otorga significado y propósito a mi vida</text>
      </subQuestion>
      <subQuestion varName="Religiosidad_Reli05">
        <text>Me considero activo en mi fe o iglesia</text>
      </subQuestion>
      <subQuestion varName="Religiosidad_Reli06">
        <text>Mi fe es parte importante de quién soy como persona</text>
      </subQuestion>
      <subQuestion varName="Religiosidad_Reli07">
        <text>Mi relación con Dios es extremadamente importante para mí</text>
      </subQuestion>
      <subQuestion varName="Religiosidad_Reli08">
        <text>Disfruto estando al rededor de otras personas que comparten mi fe</text>
      </subQuestion>
      <subQuestion varName="Religiosidad_Reli09">
        <text>Veo mi fe como una fuente de comodidad</text>
      </subQuestion>
      <subQuestion varName="Religiosidad_Reli10">
        <text>Mi fe influye en muchas de mis decisiones</text>
      </subQuestion>
      <response varName="Religiosidad">
        <fixed>
          <category>
            <label>Fuertemente en desacuerdo</label>
            <value>Reli1</value>
          </category>
          <category>
            <label>En desacuerdo</label>
            <value>Reli2</value>
          </category>
          <category>
            <label>De acuerdo</label>
            <value>Reli3</value>
          </category>
          <category>
            <label>Fuertemente de acuerdo</label>
            <value>Reli4</value>
          </category>
        </fixed>
      </response>
    </question>
  </section>
</questionnaire>
